Name,Cmpd number ,HTP Rank,Viable?,inherent CD86,inherent CD40,inherent MHCII,Keep?,Mods only MFI of BV421 (CD86),Mods only  MFI of AF488 (CD40),Mods only MFI of PE (MHCII),Pam3 MFI of BV421 (CD86),Pam3 MFI of AF488 (CD40),Pam3 MFI of PE (MHCII),Pam2 MFI of BV421 (CD86),Pam2 MFI of AF488 (CD40),Pam2 MFI of PE (MHCII),LPS MFI of BV421 (CD86),LPS MFI of AF488 (CD40),LPS MFI of PE (MHCII),Fla MFI of BV421 (CD86),Fla MFI of AF488 (CD40),Fla MFI of PE (MHCII),R848 MFI of BV421 (CD86),R848 MFI of AF488 (CD40),R848 MFI of PE (MHCII),cGAMP MFI of BV421 (CD86),cGAMP MFI of AF488 (CD40),cGAMP MFI of PE (MHCII),Poly IC MFI of BV421 (CD86),Poly IC MFI of AF488 (CD40),Poly IC MFI of PE (MHCII),Modulator only abs,Modulator only lum,Mods alone IL-1b (pg/mL),Mods alone IL-12 (pg/mL),Mods alone IP-10 (pg/mL),Mods Alone CCl4 (pg/mL),Mods Alone TNF (pg/mL),Mods Alone IFN-B (pg/mL),LPS - IL-1B,LPS - IL-12,LPS - IP-10,LPS-CCl4,LPS-TNF,LPS-IFN-B,PAM3 - IL-1B,PAM3 - IL-12,PAM3 - IP-10,PAM3- CCL4 - FOLD COUNTS,PAM3 - TNF,PAM3 - IFN-B,cGAMP - IL-1B,cGAMP - IL-12,cGAMP - IP-10 - fold counts,cGAMP CCL4 - Fold Counts,cGAMP - TNF,cGAMP - IFN-B,Fla - IL-1B,Fla - IL-12,Fla - IP-10,Fla-CCL4,Fla - TNF,Fla - IFN-B,R848 - IL-1B,R848 - IL-12,R848 - IP-10,R848 CCL4,R848 - TNF,R848 - IFN-B,PAM2 - IL-1B,PAM2 - IL-12,PAM2 - IP-10,PAM2 CCL4,Pam2 TNF,Pam2 - IFN-B,Poly IC - IL-1B,Poly IC - IL-12,Poly IC - IP-10,Poly IC- CCL4,Poly IC - TNF,Poly IC - IFN-B
ABT-737,S1002,1,0,0,0,0,0,0.799114755,0.596588562,1.104301206,0.963129093,0.393700972,0.979988433,0.952927215,0.599336677,1.622063869,0.75379781,0.443767776,0.590168633,0.779795788,0.674743798,0.811497435,0.85470437,0.290530555,1.578259245,1.098152752,0.210155148,1.045439132,1.547217011,1.241480575,1.096491228,0.111,278,0,3.4189286,155.753392,3695.94192,1.68323719,8.60984853,0.6896904,0.474,0.0456482,0.80768188,1.35482729,0.47882833,0.69621577,0.72377952,0.05715691,0.46299535,1.22081525,0.59590469,0.40636218,0.19622,0.04549882,0.80242375,0.46880751,0.08324664,0.6189498,0.30392493,0.04104358,0.77794819,1.14698716,0.65265932,0.10728215,0.12332046,1.08193162,0.72620674,0.436916563,0,0.59652537,0.45110756,0.26125952,0.67336056,0.88539504,0,1.1078527,0.11392296,0.05064933,0.52051897,0.47950698,1.0201323
Regorafenib (BAY 73-4506),S1178,2,1,0,0,0,1,1.087544897,0.847311574,1.219812355,1.563828833,1.250471958,1.64534413,1.268591772,0.471282964,2.284507786,0.960032431,0.218514156,0.397287209,0.61618902,0.721961498,0.928263171,1.017994859,0.2065243,1.541277549,1.160461969,0.245001245,1.420481519,1.280175109,0.95735699,1.036472761,0.104,113,7.83897273,3.67058129,178.518122,2594.63189,0.85866882,1.39727676,0.11416677,0.01976,0.05146245,0.95231445,0.08942977,0.20673327,0.05016788,0.00214402,0.00758246,0.15139601,0.0064429,0.53350291,0.28119585,0.1033,0.02206286,0.53315637,0,0.08660159,0.29283027,0.06113968,0,0.24242373,0.03119307,1.13006373,0.0085489,0.00516676,0.42142418,0.02263436,0.0070924,0,0.07448024,0.03942789,0.1325753,0.48328064,0.01299974,0,1.01212827,0.28844768,0,0.30072528,0.49533133,0.6229051
Selumetinib (AZD6244),S1008,3,1,0,0,0,1,1.342234154,0.912235141,1.37297429,1.113483448,0.92810994,1.387160208,1.31784019,0.840721566,3.801530747,0.999929883,0.692479915,1.5351663,0.474128151,0.744947802,0.942187118,1.438971722,1.598731981,3.909973851,1.455392265,0.582427611,1.270939301,1.191369606,0.823003977,1.003231764,0.103,162,0,8.74597248,374.448958,2793.20251,0.86103425,0.32194108,0.32604053,1.15541,6.60270347,0.89784453,0.32601639,0.24596038,0.21917388,0.06983821,2.53793045,0.4364286,0.2352933,0.62913244,1.95502573,0.50784,0.30576749,0.84610847,0.18294598,0.13742329,0.32070445,0.34457361,1.12140621,0.76433675,0.24263395,2.84946426,0.06458607,46054.7169,0.98020264,0.96935029,1.795297411,1.564025045,0.11143246,0.25713453,2.0993267,0.76937178,0.2241376,0,0.03614485,0.3909774,0.22776563,0.3919839,0.63562648,0.47989752
Cediranib (AZD2171),S1017,4,0,0,0,0,0,1.463919022,1.262822405,1.181430486,1.8326007,2.000867699,1.187275882,1.34869462,1.108558486,0.934811296,1.099673512,0.722937107,0.994734386,1.267182953,1.146346135,0.711342725,1.86159383,1.003405659,0.827792305,1.717846241,1.520119472,0.797219396,1.7191995,1.551300092,1.108494922,0.105,192,9.17364757,56.2291463,7678.26045,28317.0843,7.44905021,0.66358371,6.50070096,7.00348,15370.9035,0.06061381,8.74171852,12.0525855,5.64097637,3.67183157,12.0420462,0.84781444,6.47471261,9.85030188,18.0030346,6.22446,2.31350862,3.91776973,5.76099614,41.8492632,10.1715337,23.1743959,2928.96073,2.21662654,3.36403212,48.7955155,6508.62473,1.90503652,1.16429502,0.62386738,0.413603679,0.558680823,22.7001133,13.8736356,817.57302,2.02371626,5.7367848,2012.77183,1.11659899,1.67495727,4.06102013,5.50500136,1.2959346,0.60166947
Pazopanib HCl (GW786034 HCl),S1035,5,1,0,0,0,1,1.014838733,1.166971611,1.163518947,1.230824437,0.934160384,1.077154425,1.456388449,0.979857628,1.410926366,1.516543209,0.902440136,1.057208558,1.630977162,0.922900105,1.017913851,1.179640103,0.563325979,1.151288756,1.029046165,0.623496225,1.05256019,1.328330206,1.212847966,1.093259464,0.124,558,1.8082606,18.604883,266.802648,3294.04532,1.30522683,1.95935916,2.99445186,0.34517,0.06058582,2.08223583,0.79660583,0.74932474,1.01715038,0.05785689,0.00939424,0.21974955,0.11938108,0.32280806,0.6490345,1.28154,0.5076057,0.91546287,0.78814053,1.39928685,2.23153335,0.19190008,0.02279063,0.39389918,0.19471023,0.8294667,0.1473653,0.01656278,0.53964327,0.08648137,0.007419251,0,1.23815618,0.18152776,0.19593236,0.57962588,0.31922293,0,1.421413,0.97537558,0.93476357,0.45929714,1.26335414,1.05750841
Celecoxib,S1261,6,1,0,0,0,1,1.085368066,1.086938559,1.314122091,1.121019108,1.39146137,1.011451706,1.078718354,1.0827536,1.305357614,0.824498441,0.579205079,0.993521296,0.502658709,1.151039172,0.681784871,0.955886889,0.818600467,1.544639522,1.215218554,1.019663154,1.173957274,1.41025641,1.186417865,1.066020314,0.103,214,0.00212211,7.24494077,3321.87213,6677.27591,1.63305743,1.36292998,1.77879918,1.51008,15365.3106,1.34060227,1.57083832,1.28162925,0.41378726,0.55433734,11.1103141,0.87594382,1.14564531,1.25536883,0.75233359,0.79213,1.68381289,1.11520385,0.97891776,0.85447546,1.08011595,0.52544396,3.58606119,1.01776992,1.09903396,1.73157919,0.13201282,0.16060511,0.94455777,0.80967746,0.141661168,0,0.77525043,0.95328655,6.98265483,1.38095156,1.4968077,0,0.90933942,0.47816139,1.03853288,0.86561071,1.0738408,1.33042528
Celastrol,S1290,7,0,0,0,0,0,1.119762,0.599185504,1.188010235,1.199605275,0.452516914,1.215962984,1.168314873,0.223183951,1.889152811,0.877743937,0.645303668,1.090568553,0.533438564,0.246815439,0.922156176,1.169357326,0.158588044,1.240941352,2.108317336,0.302497304,1.436758223,26.9587242,2.200305904,1.24976916,0.439,361,0.05764829,2.52732822,0,2686.49958,0.6759873,1.71706422,0.02201008,0.01545,0.02355867,1.54917745,0,0.50783392,0,0.00014276,0.00459335,0.01341177,0.0073767,0.50661254,0,0,0.01091504,0.22717649,0.26256989,0.03416377,0,0.00267934,0,0.0906757,0.00100382,2.7044606,0.00233674,0.00011715,0.17330615,0,0.001266335,0,0.01824428,0.00320212,0.02881381,0.0321304,0.01393409,0,0.2535223,0.02701457,0.17043146,0.431108,1.18969749,1.5390247
Lenvatinib (E7080),S1164,8,1,1,0,0,0,1.328520118,0.952605796,1.007432679,1.974701713,1.590703892,1.05448236,1.807950949,0.865474842,1.097387173,1.943973997,0.613680029,1.574591748,1.098959207,0.902595537,0.903590913,1.532133676,0.876603766,0.848337691,2.45875948,0.719157056,1.19667684,2.045653533,1.029305598,1.097414589,0.104,326,5.16267264,7.23956687,1900.09421,18300.7678,2.53812649,1.78436514,0.98939833,0.32486,0.21617289,0.62243628,0.4269748,0.28874587,0.63528643,0.41310348,0.17253857,0.44419582,0.20963503,0.63825082,1.50049833,0.72716,0.47577931,1.0457354,0.19056432,0.43294586,1.78899836,0.49175444,0.66510809,0.74889948,0.33965582,0.42656351,0.26438969,0.28707767,1.08417594,0.74633287,0.108268213,0.183032946,2.10213147,0.47865804,1.11022134,1.05325879,0.23216949,0,3.07857072,0.32494428,3.13502692,5.66557219,0.77620096,3.0253201
CYC116,S1171,9,1,0,0,0,1,1.92758408,1.230006492,1.269891556,3.699291289,1.291277277,1.364025448,3.472310127,0.864746805,1.699129058,3.823114635,0.575446532,1.006865294,3.936861836,0.525524375,1.350378634,4.479177378,0.604065372,1.421740755,2.379079208,0.486849747,1.541878603,2.145090682,1.031508106,1.315327793,0.103,150,0.03655437,3.27709893,449.763907,906.583626,2.08204844,1.64249794,0.62500872,0.16014,0.08136414,0.642661,0.9585634,0.17693375,2.86057359,0.00581517,0.00175836,0.17490142,0.10553808,0.4654152,0.36574589,0,0.00591974,0.13044453,0.01602416,0.08446425,0.69811549,0.05988945,0.03587931,0.32239132,0.08315577,0.8263893,2.62219534,0.02018836,0.8312674,0.00893107,0.007406123,0,1.70434563,0.02405265,0.04912626,0.47887767,0.30422667,0,1.21175208,0.11296946,0.4407441,0.21917033,0.29782675,3.09594102
WZ8040,S1179,10,0,0,0,0,0,1.648078946,0.854158059,1.541123431,1.562034628,0.719721398,1.350144592,1.384592563,0.272447824,1.739245183,2.582919951,0.493017705,1.410217956,1.029941301,0.59544105,0.997638629,1.412030848,0.139953306,1.64960777,1.336438304,0.189330457,1.104442184,1.376485303,1.091710003,0.847645429,0.148,152,0.33176547,4.0227807,152.017738,1394.88378,1.62841539,2.25667366,0.16900488,0.08207,0.03448211,0.55909233,0.02407201,0,0.33607191,0.00289164,0.00033887,0.13391762,0.07882021,0.36002061,0,0,0.01150209,0.22647267,0,0.07885568,1.91833768,0.04133441,0.0270384,0.37200193,0.15879664,0,0.01256465,0.0039979,0.39615149,0.11139141,0.010714006,0,2.57807714,0.01790857,0.03722443,0.46873225,0.22581804,0,0.30589903,0.04094753,0.36121681,0.28426579,2.452039,8.62048923
"Dovitinib (TKI-258, CHIR-258)",S1018,11,1,1,0,0,0,1.712077785,1.17688721,1.459607652,1.777698035,1.421572881,1.127588201,1.864022943,1.242436499,2.105040908,1.504955347,0.72682526,1.260401253,1.52123514,1.033904798,1.317156583,1.466323907,1.151198406,1.200224131,1.789218617,0.723886169,1.441166497,2.062539087,1.278189049,1.229916898,0.114,302,0,6.98211413,150.977377,1511.91414,2.04986864,2.2481801,0.17948484,0.88992,0.49849169,1.82121207,0.70570986,0.5294184,0.89519762,0.58999604,1.00551703,0.41560125,0.37421847,0.80453222,0,0.39611,0.05180247,0.29770777,0.07736652,0.30112635,0.55570008,0.62653652,0.40038523,0.63041178,0.27227502,0.36429988,0.10956867,0.75939497,1.0233255,0.93169059,0.086647108,0.907140569,0.35428911,0.57116329,0.6563159,0.73801765,0.4398058,0,0.9582375,0.32170064,0,0.23940188,0.58254984,2.9939456
Lapatinib (GW-572016) Ditosylate,S1028,12,1,1,0,0,0,5.956028009,1.174054182,1.253807725,12.09473401,1.477996787,1.097975709,8.40130538,1.029364181,1.682238058,6.559023712,0.918251955,1.557608478,4.294263306,0.889665741,0.653936976,7.055218509,1.04444492,1.647366455,13.58189886,1.631129179,1.541200407,17.17698562,1.191557051,1.109418283,0.257,118,0.2573384,6.97188103,187.693445,4011.22582,0.60916231,2.05381202,7.47349249,2.22825,2.96591492,1.15819436,1.69045946,1.23928019,1.55405615,1.29594183,8.19589187,0.98448709,0.66718037,1.72267715,0.98527577,0.46557,2.23717385,3.69421145,3.39005711,1209.02639,3.55684025,1.84136743,1326.60714,2.30128072,1.09793713,14.1259762,3.80571735,0.5212729,0.97862612,0.84825636,1.052976895,2.007337708,17.040969,6.22808187,817.57302,2.05304827,1.95519358,239.766135,0.37499067,0.2684033,0.59847951,5.52627726,2.99036195,7.33937245
PD0325901,S1036,13,1,0,0,0,1,1.027899721,0.765153751,1.175947362,0.902126133,0.684544399,1.140543667,1.221420095,0.732486653,5.318025864,6.142447378,0.841136936,1.325908152,0.292408622,0.417776075,0.686181907,1.191773779,1.5666888,3.162121778,1.500708059,0.324981332,1.503221431,1.171982489,0.810523096,1.147276085,0.108,212,13.4720103,15.4859097,498.738203,2836.47005,0.76748328,1.87034244,0.44969649,0.83075,3.11696657,0.62385347,0.22876283,0.28627569,0.07862128,0.03259483,2.23453022,0.31769241,0.08438762,0.70930414,0.08522621,0.76424,0.19941967,0.75925646,0.04337695,0.19851529,0.04922002,0.333845,1.84894777,0.6667823,0.06259416,0.80424067,0.01913318,2.97381462,0.98441995,0.98868645,0.257669197,1.995025315,0.02147641,0.19044797,2.08785104,0.69820552,0.07056198,0,0.45259681,0.422705,0.53483955,0.25160397,0.57651937,2.63120281
"Temsirolimus (CCI-779, NSC 683864)",S1044,14,1,0,0,0,1,1.167216921,0.94032934,1.282319971,1.206782094,0.918823212,0.883747831,2.330102848,0.98333603,1.577724993,1.315002406,0.767262043,1.954289142,0.815192621,0.616416052,0.636593111,1.363496144,0.577548354,1.174075458,1.434244894,0.536298017,1.454730417,1.269543465,1.005078006,1.113573407,0.116,371,0,4.95946503,386.631762,2509.23914,0.86164282,1.29270919,1.50066734,1.5075,1.02569994,0.82416747,1.90921513,0.61383518,0.95853182,1.84109133,0.65624989,0.49419483,1.35549798,0.58523527,0.08801915,0.17815,1.57795876,0.73212163,0.56249016,1.31897163,2.78768639,1.10770711,1.70882804,0.70390654,1.10045071,0.78409231,0.02930155,0.04024599,0.59544474,0.39821405,0.076267028,0,0.40185921,1.81140426,0.90604962,0.75294937,1.06063673,0,0.89912209,0.27948031,0.26654332,0.29189408,1.36772806,1.79988469
Epirubicin HCl,S1223,15,0,0,0,0,0,1.781954069,1.557929528,4.481540149,1.436799139,1.180399376,5.699942163,1.569125791,0.405759586,3.815782528,0.988195338,0.544730129,9.684709725,0.628382578,0.5690068,2.527807182,1.24092545,0.330841562,4.946581995,1.174811971,0.65676595,4.665310275,1.923076923,4.799265831,5.222068329,0.277,205,1.63259024,4.7994809,0,1482.32924,0.90844853,1.13062094,0,0.01659,0.02591583,1.19033051,0,0.33028641,0.0409154,0.00013993,0,0.00810638,0.00128088,0.53850835,0.10065777,0,0.0079589,0.16686124,0.06128277,0.09386217,0.27422997,0.00719248,0.02240497,0.0710394,0,1.30242158,0.00315236,0.00010064,0.11819321,0.01269202,0.00240062,0,0.18766471,0.00314279,0.05841646,0.02816207,0.0155208,0,0.75929458,0.07572136,0.44245601,0.31111248,0.67868744,0.56440422
Topotecan HCl,S1231,16,0,0,0,0,0,1.283024344,0.606504161,1.284878762,1.546963309,0.524981532,1.476460382,1.412480222,0.287332147,2.356294537,1.109501193,0.395813899,9.785396254,0.521245006,0.38071066,1.105610292,1.532133676,0.13704029,1.7067613,2.093212072,0.205011201,1.123431672,2.535959975,1.23487305,1.192520776,0.12,318,3.67376642,4.67967739,217.875493,9576.30316,5.56535764,1.18328924,0.67906705,0.00098,0.05797535,2.71051837,1.0729571,0.48553121,0.07820113,0.00072522,0.00835045,0.23994792,0.18458206,0.41701696,0.3936804,0.06545,0.04005181,0.85130182,1.2840262,0.45696111,0.9736254,0.06323129,0,0.68146712,0.40892229,0.2968307,0.01961636,0.00057889,0.51232344,0.03002776,0.124712099,3.491824255,0.395912,0.01661678,0.26776034,0.65424931,0.38288134,0,2.56014421,0.13435267,0.70032584,1.33147386,4.04691315,1.36996356
SL-327,S1066,17,1,0,0,0,1,1.220984653,0.846839403,1.222371147,0.944828205,0.77713026,1.154887218,1.380142405,0.769131209,4.465030351,0.974700612,0.564818916,1.133633273,0.332540818,0.453021741,0.722091035,1.082159383,1.097993017,2.463952185,1.33077383,0.352609309,1.368599525,1.017510944,0.811257265,0.998153278,0.184,944,0,10.4568293,429.89672,2296.88126,0.8642989,1.23081967,0.38206597,1.14564,7.79720932,0.78606329,0.05327246,0.44775826,0.33654416,0.25468392,2.56422507,0.54264386,0.27763377,0.82436456,0.95602063,1.12443,1.13812902,1.02704044,0.39013637,0.29777615,0.23368058,0.76354557,6.69291989,0.85901878,0.32226419,1.84877395,0.1170953,1.44828429,0.99304628,1.05869045,0.575674024,2.8555539,0.33933909,0.59841131,366.639276,1.08178568,0.37602429,0.69896555,0.15114209,0.35951645,0.19301173,0.54029978,1.08876452,0.82067511
SB216763,S1075,18,1,0,1,0,0,1.534883721,2.276338311,1.848909468,1.510002691,2.033371246,1.143782533,1.902887658,1.584209675,2.988123515,1.26014341,1.219324544,1.952469506,0.722497904,1.352456661,0.916782021,1.076606684,0.807419624,1.237205827,1.2933883,1.512818385,1.404204815,1.671669794,5.305842765,1.208679594,0.103,208,0,6.7533345,470.373628,13027.2129,1.50850294,1.30758092,0.23649014,0.59576,0.85069309,0.88196776,1.9910081,0.17262496,0.60102346,0.575002,0.580493,1.0454489,0.91789016,0.91419033,0.067125,0.15147,0.58105182,1.18355094,0.55672879,0.30168293,0.71428992,0.25539913,0.45542896,1.22081107,0.94728941,1.02790174,0.05737908,0.07982087,1.18555486,0.53056043,0.089016264,0,0.77599549,0.40998966,0.95951083,1.77654907,0.90801325,0,0.70084673,0.1365152,0.5397564,3.42834216,0.94323717,0.57799853
Brivanib (BMS-540215),S1084,19,1,0,0,0,1,1.055110111,0.834562946,1.280857804,1.170897999,1.039128548,1.116483516,1.357891614,1.021841126,1.892847717,1.115661829,1.279979719,1.957928414,0.626606817,0.716598027,1.128084032,1.121028278,0.707220425,1.30070975,1.222771187,0.37584004,1.474737199,1.273921201,1.182747017,1.210987996,0.109,225,0.12097969,8.26714662,728.548206,1559.87315,0.77194021,1.72693403,1.22879103,0.75807,1.28350969,0.93961335,0.26668886,0.23104611,1.09234406,0.92108327,6.04045312,0.67060039,0.3172489,1.29942932,1.27734976,0.93557,0.99199185,0.8699432,0.26143559,1.06879838,0.6730274,0.63433803,2.78204097,0.74035834,0.2125828,2.11779638,6508.62473,0.21158941,1.0170678,0.90133675,0.103262701,1.457822301,1.05167183,0.67344685,2.35512372,0.85563705,0.17092569,0,0.49898574,0.46140749,1.79922724,0.41713102,0.84560186,4.47282575
GDC-0879,S1104,20,1,0,0,0,1,1.334832928,1.028389305,1.255269892,1.207858617,1.176459552,0.97443609,2.008504747,1.10524187,1.930852468,1.366634402,0.930175622,1.501806305,0.659399201,0.538071066,0.699128735,1.272802057,0.279007004,1.598057527,1.789596249,0.533145275,1.637843337,1.193871169,0.879535026,0.917359187,0.12,535,0,5.80284541,216.892871,1289.09169,0.93617488,2.01678409,0.59422859,1.05337,0.92431478,0.80096465,0.57830687,0.72005585,0.66463429,0.52332247,0.84781327,0.51648862,0.45453409,0.98167685,0,1.25244,0.49870106,0.95644813,0.4469977,0.20716221,0.29870155,0.40801686,0.74254691,0.77338641,0.4348232,1.10111453,0.00400591,0.00275064,0.45210743,0.05412723,0.001061909,0,0.2424214,0.31630736,0.82847065,0.69431368,0.35011933,0,0.63800817,0.92527441,0.07960789,0.39674219,1.73046393,0.74370988
Everolimus (RAD001),S1120,21,1,1,0,0,0,1.519645902,0.920025969,1.463263068,1.334170629,0.892370109,0.883747831,2.614912975,0.992396052,1.207706519,1.002716837,0.61575371,0.778197694,1.853775958,0.842160713,0.991043075,1.737583548,0.642277293,0.919312663,2.117758127,0.391520783,1.158358766,1.062539087,0.839889875,0.923361034,0.126,686,0,4.5861851,805.651693,2170.62742,0.22890302,0.63463614,0,0.98726,1.08816258,1.7533047,1.70518832,0.90347544,0.28449989,0.63181005,2.08219904,0.45041249,0.79151596,0.88127766,1.66002505,0.2397,1.12438697,0.59038862,0.5078697,0.54240211,0.34649595,0.54891987,2.98842717,0.72070538,1.22015656,1.42533958,0.02197377,0.0870061,0.77202508,0.69366341,0.094683323,0,0.32492173,1.88596561,1.05037352,0.71758112,1.28551897,0,0.13699074,0.00460086,0.26615498,0.24713858,1.06895844,0
Glesatinib?(MGCD265),S1361,22,1,0,0,0,1,1.343104887,1.167679868,1.470939442,1.272449987,0.99199137,1.098901099,1.298556171,0.836919592,1.816838216,0.905466799,0.451673686,0.80488569,0.51698318,0.559716502,0.688136145,1.222622108,0.947929831,1.692939858,1.019227743,0.264000664,0.943031536,1.195121951,1.008748853,1.067405355,0.105,304,0.13222903,8.34676354,143.264461,3341.48556,1.31403028,0.53009973,0.65352998,0.25586,0.32585592,0.73599855,1.05576541,0.67128461,0.76401949,0.1762428,0.15813802,0.3412429,0.28839466,0.31420024,0.58768827,0.39352,0.76027394,0.77155242,0.14841267,0.47120502,1.50259912,0.31050197,0.43586386,0.71871956,0.4891961,0,0.15776285,0.18527668,0.96790335,0.81367418,0.192986867,1.97334227,0.88575096,0.61879598,0.47474744,0.76371626,0.40496415,0,0.17475221,0.27137439,0.40050951,0.40288714,0.38647004,0
Ruxolitinib (INCB018424),S1378,23,1,0,0,0,1,1.194644995,1.135808298,1.15511149,1.464429891,1.924041134,1.036437247,2.190961234,1.470150461,3.508049617,1.118595465,0.983832123,1.231893621,0.545158585,0.620534432,0.644410064,1.370488432,0.742048108,1.039596563,1.021493533,0.399817473,1.255001695,1.012507817,0.773080453,1.040166205,0.11,126,2.28339486,3.85769762,0,1167.43424,1.68121241,0.32573763,1.27877469,0.3938,0.04519701,0.53564215,1.4098376,1.08645298,1.21166186,0.79578379,0,0.57604225,0.49891511,0.1282802,0.3934225,0.55484,0.00400573,0.7949843,0.31773926,0.07694795,1.07450429,0.40986143,0.04464567,0.70453354,0.65836645,0.863541,0.17167065,0.26529863,1.147117,0,0.247490534,0,0.84295095,0.49898874,0,0.73070702,0.53497981,0,0.7093533,0.24219643,0.07800671,0.29360343,0.42490191,0
ABT-751 (E7010),S1165,24,1,0,0,0,1,6.832420274,2.521631352,1.319970757,3.680272719,2.094297808,0.97443609,2.334849684,1.657175214,0.652414885,2.025089037,1.090367494,0.974111844,1.194139989,0.893975673,0.676410716,5.468174807,0.969177715,1.007844602,1.862479152,0.842445864,0.606646321,1.996873046,1.894157235,1.030009234,0.113,303,12.5960418,7.66138294,448.086083,16987.6821,1.79479632,0.23963972,13.5544802,2.27368,0.10936188,2.22673758,3.4274173,0.72101033,7.19397629,0.33070515,0.00542021,0.40273177,0.25546561,0.12567215,21.5179823,0.12102,1.95717717,2.77960292,1.00842623,1.20730066,12.2226231,0.15548651,0.06473283,0.64718257,0.37551808,0.79734966,0.14995738,0.00700018,0.55551203,0.03861788,0.025864944,0,11.6411563,0.48604561,0.24948904,0.76322253,0.54587521,0,8.01070391,0.27883222,0.13524285,7.17574758,1.71063323,0
JNJ-26854165 (Serdemetan),S1172,25,0,0,0,0,0,1.568624605,1.436109308,1.687340076,1.583923926,2.041673018,1.041064199,1.512163766,1.153049668,0.858801795,1.322336496,0.886498712,1.037192561,0.540068071,0.890527727,0.529598567,1.151670951,0.535352454,1.255509899,1.331151462,0.821870074,0.877585622,1.48905566,1.16512695,1.166204986,0.121,141,0,2.26209481,269.29628,1977.07313,0.43842628,0.67944198,1.91534219,4.10361,2.66951185,1.82111062,1.52533374,1.07880019,1.09044753,0.83855212,1.28447985,0.5222155,0.63159728,0.38036701,0.20178456,0.50937,1.81810281,0.93484019,0.70610047,1.60868234,1.36802692,0.63856445,0.79726567,0.73417888,0.66255852,0.43838003,0.06152735,0.14043814,0.97108477,0.7722236,0.153451803,0,0.93202339,1.20283566,1.43878028,0.90431597,0.68331029,0,0.13237531,0.00293751,0.15874743,0.27845589,1.36748163,0
Aprepitant,S1189,26,0,0,0,0,0,1.229909662,1.111255386,1.24137931,1.14075536,0.689609887,0.90410642,1.032436709,0.819365798,0.989707047,1.029559608,1.185497619,1.180943811,0.749726237,0.799540274,0.789267975,1.44781491,1.037676441,1.500186776,1.12798565,0.68538953,1.127839946,1.25203252,1.060140716,1.192059095,0.096,105,1.0144811,1.84104445,223.361164,4818.54649,0.68833676,0.3112938,0.27156222,1.76065,5.01032283,0.61894022,1.8428986,2.15553732,0.35037307,0.73952753,3.36400924,0.80899848,0.83417811,0.76773071,0.28267977,0.92905,1.15737735,1.1079603,0.45311543,0.9547736,0.52650154,0.72745999,3.56431698,1.06533616,0.98009399,1.98688041,0.07546114,0.05593407,0.94355932,0.62068658,0.053883544,0,0.80074704,1.37863337,2.51151685,1.35871882,0.9108238,0,0,0.0121568,0.0653834,0.92151228,1.21080918,0
PI-103,S1038,27,1,0,0,0,1,1.22490295,0.790178835,1.080906543,1.135731587,0.956673663,0.78935801,0.910205696,0.579032519,0.764845606,0.885078027,0.475650625,0.843704592,0.592157056,0.407719567,0.489536683,2.162673522,0.66712361,0.854688084,1.049438273,0.246328715,1.01865039,0.901188243,0.81859896,0.870267775,0.1,239,0.39511424,10.5006976,497.8735,1112.13309,0.6291936,0.52622347,0.11197985,1.576,0.71052552,0.62001468,0.41114288,0.31612629,0.40212505,0.59681625,0.45562097,0.27416437,0.84001418,0.13451336,0.09543425,1.25924,0.34060156,0.24862405,0.08720624,0.01854503,0.36467972,1.39703993,0.71094013,0.47857884,0.59207876,1.29818625,0.04249843,0.13275837,0.59257327,0.73671629,0.042813106,0,0.41278831,1.6028766,1.26147676,0.53258913,0.90535396,0,0.20200448,0.45645739,0.23773325,0.23271281,0.15341129,0
PFI-1 (PF-6405761),S1216,28,1,0,0,0,1,0.890106302,1.099923272,1.09150725,1.014443348,0.925014364,1.212724118,0.757120253,0.583966996,1.076273423,0.871876665,0.550432753,0.850983137,0.283648202,0.378124701,0.562332058,0.870951157,0.412406023,1.031004856,0.874217201,0.326972538,1.10003391,1.019387117,0.99847048,1.053093259,0.195,681,12.9953617,0.48267571,154.922746,25081.4044,3.69127117,0.5673598,3.07408364,0,0.04640763,0.98476334,5.51203555,0.91560033,1.79700601,0.00026766,0.00542806,0.84410778,3.12395638,0.04967657,5.67482784,0,0.0620155,1.7387861,3.86060737,0.00029715,10.395316,0,0.00758168,1.96306794,2.96885071,0.2171448,0.65852927,0.00221672,0.92702502,0.06145442,0.568005683,0,9.45501495,0.00357612,0.07661637,1.86084035,2.98202334,0,1.55672559,0.18463611,0,1.43010655,1.22386239,0
Obatoclax Mesylate (GX15-070),S1057,29,0,0,0,0,0,2.101948264,0.330519979,2.672840258,2.196106576,0.321236354,2.777096588,155.2054984,4.482931564,49.06043811,0.795308761,0.483038114,0.85704859,31.36692152,3.294033139,11.42667535,54.33460154,0.951356909,13.31714606,2.934575322,0.147515141,2.09155646,3.400875547,1.239278067,2.358725762,0.116,452,9.29957458,2.18367106,288.620728,10303.177,5.20780506,0.223808,0.32200474,0,0.0525716,0.09588989,0.851637,0.21781096,0.13517784,0.00247105,0.00026926,0.1974529,0.13858249,0.00524155,1.20243752,0,0.07846474,0.74656869,0.97987714,0.55611413,1.56088654,0.0033799,0.03107081,0.48280124,0.38923526,0.57347096,0.00631389,0.00011175,0.34454666,0,0.006858303,0,1.01789234,0.02598835,0.03115823,0.49822816,0.16996955,0,1.4034053,0,0.09429297,1.36910436,1.38958173,0
Amuvatinib (MP-470),S1244,30,0,0,0,0,0,1.110619308,0.986602137,1.295479469,1.022337849,0.707761219,1.141469057,1.249307753,0.812085423,2.054895751,0.840780122,0.385963913,1.095420916,0.336802644,0.417105641,0.633173194,1.103753213,0.573135991,1.663802764,0.993171162,0.278188003,1.229230248,1.175109443,0.985989599,1.06232687,0.115,315,0,3.20297804,266.940629,1989.63674,0.45390043,0.42207097,0.63150856,0.48893,0.30772306,0.85964295,1.67999832,0.58587314,0.29444807,0.11619414,0.18442498,0.34643807,0.27769201,0.20239891,0.12740275,0.16136,0.31980513,0.76579899,0.17733346,0.06937015,0.5435621,0.23239679,0.37921059,0.62311709,0.66350231,0,0.00988536,0.0694523,0.95966486,0.76033346,0.251990556,0.307642873,0.08225766,0.27639693,0.65143644,0.7634643,0.45462791,0,0.49960357,0.01159998,0.1976299,0.20906675,1.09031407,0.27820063
CHIR-99021 (CT99021),S1263,31,1,0,0,0,1,1.326778653,1.350646285,1.777263312,1.345294698,1.598161416,1.339502603,0.846420095,0.758291539,1.382950647,0.884784664,0.590480721,0.979570753,0.786543679,0.746671775,1.251201042,1.033624679,0.44513462,1.124392977,1.22579224,0.68323239,1.440827399,1.49656035,1.388314469,1.243767313,0.118,149,1.11942502,3.27684362,113.331388,10422.9571,0.38797674,0.40354549,2.55989012,0.8396,4.30130755,0.89502018,1.8934974,1.47789541,0.54183839,0.15682539,0.33022807,0.78538876,0.7763765,0.29878786,0.0147118,0.22882,0.15548978,0.98190215,0.56074772,0.05192463,0.31526994,0.2628649,0.39925966,0.88214412,0.81635101,0.0009349,0.01516787,0.03624533,1.03519068,0.55823081,0.106165064,0,0.9356455,0.22440724,0.9112378,1.60686939,0.96849224,0,0.18386748,0.08963581,0.55347755,1.09991481,1.20374481,0.29843203
KU-55933 (ATM Kinase Inhibitor),S1092,32,1,0,0,0,1,1.319159743,1.212536151,1.216888022,1.92769355,1.750970299,1.025332562,1.471815665,1.03939492,1.137503299,1.549253253,0.83128695,1.210664534,0.855088048,0.503687386,0.673479358,3.493059126,0.956454688,1.555846096,1.285080404,0.804115158,1.166497118,1.398373984,1.536616702,1.162049861,0.113,282,6.52897215,6.20944491,2348.97405,10718.8919,0.67256808,0.81838189,17.2102524,6.0738,15374.2209,0.69980541,2.54986062,2.70588877,2.83149513,4.12155128,0.68014055,0.81872023,0.54154919,0.39922739,2.51202215,1.0211,2.27948438,3.87232465,2.17783121,113.551147,3.43779369,2.69624843,1.86886165,0.91299207,0.73267353,1.28153768,8.63599421,0.18047516,0.88522417,0.87308376,0.136244482,4.713391647,13.05241,4.55156857,2.36376802,1.7093753,1.0955944,0,0.90840038,0.29363146,3.09148964,1.83748458,0.58438061,0.25489667
BX-912,S1275,33,1,0,0,0,1,3.104596742,1.427846308,1.667235287,6.47133758,1.386114466,1.48340081,7.564082278,1,1.666930589,2.637485584,0.723066712,1.028094381,2.354540522,0.48769275,1.043318948,3.407712082,0.418574764,1.405677998,2.834502942,0.533145275,1.564937267,1.621638524,0.972774549,1.114496768,0.11,688,0,0.8886046,218.83496,649.134656,1.21748045,0.43988273,0.04720378,0.06357,0.04596956,0.59806077,0.0502733,0.90101036,1.83230797,0.02676438,0.0070494,0.21521854,0.17035697,0,0,0,0.00429517,0.11814135,0.24672391,0.01554952,0.23013284,0.0146697,0.02958332,0.34207287,0.16364448,0.90772606,0.00928017,0.00491286,0.38867677,0.00378971,0.00781555,0,1.5648968,0.04413113,0.00873734,0.5730726,0.34661133,0,0.45100954,0,0.18709473,0.14339448,1.02023556,0
"Rucaparib (AG-014699,PF-01367338) phosphate",S1098,34,1,1,0,0,0,1.758661974,1.304137402,1.202997441,2.002691307,1.76771455,1.090572585,1.572389241,1.135981233,1.211401425,4.114131341,1.006772221,1.24645071,0.91581907,0.93305239,0.73870206,1.829511568,1.221667702,1.532685842,3.050885861,1.195304074,1.504916921,3.471544715,1.131355154,1.292243767,0.105,96,5.02104892,4.29333058,152.042899,2264.50009,0.31111253,0.38782087,1.08835411,1.58136,0.28476458,0.53948437,1.3752384,0.77528974,1.13760848,0.7992039,1.71446916,0.82633131,0.99607094,0.30937796,0.07819995,0.08698,0.02840886,0.43174385,0,0,0.63321229,0.46840879,0.64030855,0.74498738,0.97172605,0.31489067,0.09150644,0.37789505,0.81284405,0.82844366,0.829282899,0,1.24073766,1.36415192,1.25582862,1.32711548,1.14370914,0,0.98571293,0.11307009,0.65565436,0.25249884,0.92024917,0
Chelerythrine Chloride,S1292,35,0,0,0,0,0,1.019845445,0.622557989,1.367491166,1.088723423,0.386946988,1.243724696,1.035106804,0.186296716,1.663763526,1.32996395,0.640897095,1.095420916,0.348285897,0.217699454,0.608989496,0.954241645,0.123460492,1.112065745,1.323976461,0.217622169,1.06951509,1.732332708,1.375099419,1.081717452,0.11,110,0.54581388,1.16582857,445.969647,2219.27965,2.42535387,0.1654034,0.12811175,0,0.55141752,0.96969038,0.095816,1.21934763,0.02947462,0.00352866,0.26662124,0.21372509,0.01405939,0.34259973,0.95365281,0,0.25112566,0.41973658,0.21166192,1.113008,0,0,0.6722621,0.22212176,0.0251034,1.63577664,0.02870413,0.01573512,0.8201095,0.57652319,0.072513655,0,0.13270503,0.050708,365.515484,0.72653378,0.07547537,68.6668672,0.04428507,0,0.72323718,0.47982294,1.23855576,0
Costunolide,S1319,36,1,0,0,0,1,1.176794979,0.971964823,1.355793835,1.093029515,0.423390359,1.280740312,0.915249209,0.42331338,1.428873054,0.883317846,0.339435691,1.003832567,0.291224782,0.271142611,0.585538637,0.70622108,0.125345385,0.831154277,0.955030368,0.250394093,0.883689386,1.303314572,0.977913735,1.167590028,0.12,110,1.40546472,1.17390798,0,873.430003,0.19086789,0.42014853,0,0.00753,0.01370731,1.02396991,0.06120024,1.79801787,0,0.00058414,0.01217838,0.17511215,0.00433958,0.14271542,0.44771561,0,0.0084703,0.12488027,0.12330042,0.0555072,0.0488404,0.00549761,0.01559036,0.11194254,0.00578614,0.68866042,0.00113707,0.00015021,0.19951962,0.0080567,0.001496277,0,0,0.01026647,0.04421815,0.46226951,0.0307074,0,0.30972321,0,0.16105139,0.18496745,0.45511517,0.34060035
GSK690693,S1113,37,1,0,0,0,1,1.285854225,1.085522045,1.227854271,2.006279717,1.592392388,0.863851938,1.425237342,1.047484226,0.930588546,1.131210101,0.765965992,0.9668333,0.818625758,0.779427258,0.547675271,1.383856041,1.050442307,0.821815465,1.228058029,0.562930391,0.923024754,1.444027517,0.980116243,1.079870729,0.093,86,3.1836962,8.27456975,144.753923,1704.70766,3.29621209,0.63593255,1.78289153,1.81081,0.15932603,1.09116729,1.93370689,0.51601693,0.55783232,1.22809157,0.02492698,0.49306305,0.78247418,0.07517096,0.21592507,2.56779,0.52159085,0.7539009,1.2494884,0.00199213,0.70923518,0.79226343,0.03884047,0.67515422,0.89054818,0.34401644,0.51825117,0.15906561,1.02353708,0.64670118,0.213950058,0,0.93746348,2.93778143,0.79003873,0.8004768,1.30458737,0,0.39580817,0.59867277,0.26341834,0.26989173,0.21371423,0
TW-37,S1121,38,0,0,0,0,0,1.357036607,1.365047512,1.248324601,1.860949134,1.487846347,1.317755928,1.797863924,0.999029283,1.593560306,1.371034856,0.955707822,1.094207825,0.786662063,0.745714012,0.776809706,1.230437018,0.805234862,1.23010833,1.385152783,0.339251639,1.04069176,1.836147592,1.3875803,1.361957525,0.112,253,4.41052587,1.63463311,53.9007151,4375.49129,1.7778867,0.68886557,47.2520472,2.03766,1.30667059,2.61907628,4.44175139,2.27324322,5.42325792,0.4527429,0.07329107,0.53060716,0.82740115,0.71592195,1.08893284,0.11772,0.59925779,0.92763329,0.39480947,1.49054683,7.48325132,0.36860623,0.47566435,0.76741866,0.46119126,1.02051486,6508.62473,0.04951498,0.97569996,0.23896393,0.553769095,0,11.0291582,0.65087023,0.33310178,1.1063663,0.81882905,0,0.74486403,0,0.15439957,0.54519324,0.75601596,0
Rigosertib (ON-01910),S1362,39,1,0,0,0,1,4.248739252,3.067225403,1.385402705,7.11402171,3.807699072,0.999884326,4.591969937,2.586232001,1.026128266,6.147287878,1.846483501,1.733506632,3.716667489,1.399003927,0.881850012,4.915784062,1.135091139,1.017556967,2.51691475,1.76636522,0.638860631,2.076297686,1.964637504,1.242382271,0.09,58,32.2070979,9.91531396,473.835391,25647.7163,1.00314839,0.4151304,24.0021483,4.02554,0.02596728,1.05426158,3.3098875,0.82250088,7.17359454,0.59042389,0.01199306,0.48195555,0.41371025,0.35613404,41.6188611,0.20417,2.03283714,3.78042494,1.32353287,2.5780562,12.9174218,0.25488317,0.05906964,0.68440321,0.49978176,0.2073027,0.41893144,0.00844758,0.67815535,0.04470334,0.022234397,0,14.733504,0.74216205,0.17697916,0.87521507,0.47267331,0,54.2042415,0.67564939,0.29537461,215997.126,2.80662077,0.27695541
Lopinavir,S1380,40,1,0,0,0,1,1.122156514,1.007377678,1.305349092,1.078675877,0.853253286,1.169230769,1.685719937,1.194547808,1.691211401,1.812840461,1.047209005,1.101486369,0.564810339,0.765348147,0.714029802,1.181696658,1.004305267,2.083302204,1.019983007,0.626317099,1.042048152,1.242026266,1.003609667,1.216989843,0.099,173,0,2.35225716,177.402311,2000.45885,0.37092269,0.51439899,0.47759946,0.60483,0.63684109,0.87040281,0.85515177,0.39016787,0.38454633,0.81454325,3.03890129,0.81807612,1.32348047,0.66439971,0.56581344,1.3407,1.35140661,1.2278726,0.86607406,2.12847024,0.15989001,0.67558743,1.24111622,0.89166158,1.00505715,0.30159628,0.05876348,0.06108445,1.00472405,0.76491966,0.81340255,0,1.93242564,1.35357164,1.50049747,1.29989344,0.94069314,0,0.74590947,0.03907053,0.26117439,0.3549464,1.18721647,0
Delanzomib (CEP-18770),S1157,41,0,0,0,0,0,1.214889526,1.054122647,1.317777507,1.745761191,0.674272716,1.790630422,1.348101266,0.343795502,1.824228029,1.008730791,0.385575098,1.116043458,0.930617077,0.618331577,1.337431805,1.641131105,0.345021098,1.901382144,1.40290147,0.218866672,1.323160393,1.687929956,1.414010401,1.264542936,0.113,1051,3.31413247,2.69009645,208.838857,7004.94677,1.20740029,0.3356544,1.21782919,0,0.03368045,0.52920874,2.95472514,1.38340984,0.54626171,0.00135991,0.00761844,0.35395178,1.35986147,0.16895642,1.07469966,0.03214,0.20211196,0.94213838,0.97037334,3.50586068,3.60857403,0.05372176,0,0.86041887,1.65830337,0,0.18610366,0.0032681,0.75882892,0.02738973,0.359744903,0,1.64156475,0.01537187,0.09724033,0.69061964,0.96180413,0,0.92356872,0.01756665,0.22232744,1.05633893,1.37112955,0
Axitinib,S1005,42,1,0,1,1,0,2.476580924,1.667237207,2.107712928,4.442450884,3.591149467,2.368536726,5.337223101,2.433748584,2.922670889,2.454866733,0.756116007,1.316809971,1.770907118,1.576860454,1.034280596,1.587249357,1.536701866,2.717967874,1.778644932,1.175972787,1.450322143,1.415259537,1.12401346,1.215143121,0.102,201,0.57184267,4.75824528,344.653777,3223.58332,2.71232127,0.06692332,2.57587616,3.09223,0.52523039,0.55074517,1.73901075,2.2327781,0.74803647,0.72866645,0.8481504,0.77106374,0.56756992,0.24410537,0.8265722,1.58602,1.83951904,1.14693554,0.64863401,12.4136627,1.30952098,0.96176339,0.41787751,0.86233652,0.90366237,0,0.10970063,0.28596937,1.02079645,0.76562159,0.152485391,0,1.31163862,1.11255606,0.6193006,1.16561456,0.82958637,0,0.37316419,0.19486496,0,0.40229845,0.57606097,0
BMS-536924,S1012,43,1,1,1,0,0,2.482240685,1.011863306,1.329474839,3.293083341,1.3022525,1.43805668,3.801028481,1.078547161,2.706782792,4.961805508,1.952759662,2.860467906,1.755043654,0.678766402,0.94047716,4.049151671,0.555015315,1.449010086,4.719639991,0.432008629,1.459477789,4.472795497,1.393453656,1.166666667,0.096,68,0,2.3586037,181.134762,10881.8029,2.22673293,0.22865177,4.34712979,0.23469,0.00345865,0.92043753,0.33882372,0.52695754,5.35876324,0.19192749,0.00842762,0.27470047,0.09500374,0.16150433,0.83768763,0.39696,0.00780367,0.99193081,0.38097317,0.11854319,3.75758075,0.09874122,0.08533234,0.63018199,0.03827074,0,0.33024272,0.02498802,0.55242929,0.00560839,0.016666266,0,6.87610455,0.29497786,0.04380492,0.70438812,0.17037015,0,0.59604748,0.00074035,0.46889941,4.31992304,0.32799648,0
Tivozanib (AV-951),S1207,44,1,0,1,0,0,1.379893335,1.823762026,1.118557329,2.169911187,2.25498634,1.202082128,1.816257911,1.497573208,1.738189496,3.707382689,1.323527024,2.079844031,0.631697331,1.122785174,0.710854165,1.832802057,1.337502945,1.559581621,1.718223873,1.103376753,1.537470329,1.808005003,4.240562863,1.278855032,0.142,121,11.7849867,2.43028207,176.081664,4716.83831,0.82792771,0.22635296,0.29228968,0.081,0.1260008,0.58088432,0.29545816,1.00470408,0.51991405,0.06090921,0.18723436,0.29116527,0.1195962,0.34714167,0.6152063,0.48521,0.90879087,0.89367695,0.28820755,0.92336721,1.75177236,0.28215915,0.38451907,0.5966719,0.09657445,0.55095746,0.12953469,0.26095952,1.02630233,0.64891507,0.764702144,5.642565803,0.67398064,0.31826045,0.87566008,0.76005418,0.16367569,0,0.16664038,0,0.54881133,0.42627756,0.76035506,0
"Tozasertib (VX-680, MK-0457)",S1048,45,1,0,0,1,0,2.210136778,1.338133743,1.419398075,2.108908226,1.957388929,1.637015616,3.012163766,1.565361592,2.357350224,1.837776368,1.557593789,1.666180097,1.721777734,1.001340868,1.11904568,1.985398458,1.08102898,1.754202465,2.359442364,1.185348046,1.985079688,1.916823014,1.675374732,1.521237304,0.104,150,0,2.26064175,234.50723,1965.55668,0.67027223,0.1597305,0.98276727,0.68506,0.39644656,0.71631585,0.19645921,0.71261885,0.46378529,0.18541032,0.21346584,0.3079762,0.14826193,0,0.06701013,0.12049,0.47207156,0.68958165,0.23710564,3.73526399,1.12817135,0.13864786,0.03839834,0.62405089,0.19066978,0.26857375,0.08796602,0.13454585,0.99366155,0.69023551,0.061116528,0.391866587,0.50997496,0.43916172,0.43559605,0.75132312,0.25955756,0,0.04563804,0.00251726,0.1826308,0.2398166,0.48401617,0
Crizotinib (PF-02341066),S1068,46,0,0,0,0,0,2.084533614,1.790946113,2.245156574,1.861666816,2.551317379,1.783689994,4.179588608,2.057757644,2.349960412,1.559667661,2.030133892,1.863913884,0.720722143,0.555693899,0.819558668,1.789203085,0.38631739,2.262607396,1.958775215,1.114992118,1.335028823,1.889931207,2.228938513,1.418282548,0.093,50,1.13573355,1.53920699,0,4128.75809,0.23980015,0.09420568,8.65655346,1.22231,0.01808709,0.52624654,1.33855715,0.9611627,3.47356914,0.10351957,0.00749819,0.22242627,0.25202908,0.03377181,0.48963622,0,0.27636867,0.84292894,0.09890415,1.14891635,5.92381897,0.27280951,0.00477421,0.52472365,0.42034085,0.0950121,0.00326811,0.00029672,0.22785234,0.00629534,0.001486498,0,10.0909705,3.01307819,0.10554466,0.72156259,0.95070105,0,0.78283013,0,0,0.60090719,0.98929737,0
PD173074,S1264,47,0,0,0,0,0,2.014439647,1.432095851,1.569270135,2.852785503,8.772158578,0.303990746,2.60897943,2.426468209,1.423066772,2.162236527,1.95677742,2.431640339,1.512829872,2.8147687,0.523735852,1.700565553,0.885128623,1.58946582,2.404758158,1.386210902,1.443540183,1.888055034,1.385377791,1.131578947,0.09,129,0.27098189,94.6010951,3601.06805,12127.255,1.3292128,0.03622029,2.25513292,6.74717,17419.6602,2.38107179,0.8297373,1.88486242,0.62774576,3.50093997,6.72221979,0.85810469,0.49885663,3.38935609,0.97695596,9.87814,2.0787229,2.28057301,0.80655283,33.6045159,2.08851405,10.0479772,1311.98354,1.64031019,0.56946779,23.9763641,0.28863089,0.1592167,0.97109289,0.67059711,0.077644763,0,6.71000459,40.1179393,817.57302,1.91818004,1.88301914,793.642699,1.24018067,0.58914251,1.01965094,0.63190998,0.81232543,0
Cilnidipine,S1293,48,1,0,0,1,0,1.07448391,0.993920793,1.245034726,1.262761281,1.466318024,1.228455755,1.136273734,0.96246562,2.046978094,1.521677073,1.292421806,2.199333467,0.547999803,0.757973374,1.030860679,0.953419023,0.704692955,1.289876728,1.206155395,0.680411516,1.505595117,1.505941213,1.193759559,1.286241921,0.095,201,0,1.45025626,0,2643.24849,1.36933845,0.06689195,0.40995247,0.15217,0.21396261,1.3416347,0.41428861,0.55774997,0.26707094,0.2764347,1.39397751,0.68306943,0.67546125,0.1785105,0.05483985,0.24056,0.11825836,0.69116345,0.23324366,0.02211952,0.09794197,0.2344373,0.63878742,0.74752236,0.62603954,0.68276105,0.36157116,0.18540733,0.84267163,0.88804003,0.239138645,0.39296143,0.6650265,0.66427371,1.59093502,1.25578827,0.55279568,0,0.37134822,0.01545539,0.2241871,0.27074179,1.06158137,0
OSU-03012 (AR-12),S1106,49,0,0,0,0,0,1.347240866,1.199787523,1.424150116,1.380461111,1.64558001,1.203470214,1.386075949,1.337324058,1.814198997,1.19120296,1.149856224,1.794767713,0.760499186,1.121923187,0.969057894,1.277326478,0.55175959,1.634292118,1.566415961,0.482037667,1.587995931,1.584115072,1.327378403,1.121421976,0.096,412,4.09763032,0.20304085,155.496526,2461.3405,1.34765699,0.12373088,1.28140086,3.02033,0.25828448,0.01672436,0.85741744,2.69281169,0.54779048,0.56962307,0.66730843,0.63432617,0.65995251,0.08336295,0.53799968,0,1.10721506,0.86663147,0.20290806,2.47303381,0.98914345,0.35594728,0.31715929,0.73875873,0.6714346,0,0.12101932,0.12929614,0.89751662,0.4427,0.231730898,0,1.71422031,1.32435086,0.89811632,1.17979178,0.88391554,0,0,0.32564582,0.20332543,0.61206838,1.09977682,0
Mocetinostat (MGCD0103),S1122,50,0,0,0,0,0,6.112759859,1.581065927,2.268551237,8.629407015,1.160418841,1.42556391,16.72043117,1.011486814,5.059382423,1.384676264,0.530732781,1.022635473,1.933685197,0.428981898,0.801481964,9.190951157,0.445605843,2.544639522,13.93460679,0.515888161,2.759579518,3.277673546,1.292872438,1.154662973,0.101,275,0,18.2400428,519.215553,10727.4659,0.42405016,0.16714218,5.2680899,0.13149,0.47049674,0.61500351,2.22674762,1.09745184,0.86082337,0.00622823,0.11198144,0.95820034,0.65500682,0.16432431,1.33706721,0.36365,0.1147938,1.05882,0.45844068,0.05565185,2.53381102,0.10746037,0.22169901,1.53331592,1.06610412,0.44310932,0.72561489,0.0076679,1.01170903,0.28191638,0.05713553,0,4.49786125,0.04642008,0.56881667,1.89666711,0.86698455,0,1.14820435,1.10853181,0.49038251,1.16004671,0.70959649,0
Brivanib Alaninate (BMS-582664),S1138,51,1,0,0,0,1,1.160468744,0.963937909,1.272084806,1.175562932,1.33180118,1.096124928,1.097112342,0.848568193,1.82581156,3.886627858,0.807569221,2.002812771,0.413041977,0.632793794,0.681540591,1.087917738,0.629125881,1.340306313,1.171790918,0.391354849,1.442183791,1.303314572,1.110798409,1.208217913,0.106,515,1.72038154,1.9518286,1356.77669,1791.67392,2.08482681,0.22744497,1.03328567,0.46418,3.31421237,0.15990714,0.38080556,2.22283214,0.95185701,0.43982693,2.9534478,0.53353235,0.31869688,0.3461787,0.56466392,0.13387,0.69533015,0.5637911,0.06863569,0.65844675,0.62719349,0.42818099,2.34342279,0.66018639,0.2203319,0.68041457,1.66414542,0.07013896,0.9358855,0.77158542,0.035967428,0,0.62787927,0.82940341,4.49096763,0.94645661,0.17831811,0,0.2708097,0.03667787,2.42745432,0.27003391,2.10745743,0
Mianserin HCl,S1382,52,1,0,0,0,1,1.326996336,1.224812607,1.306445717,1.641338477,1.581839288,0.974898785,2.174643987,1.391522407,2.364740037,1.549253253,1.109030625,1.735932813,0.715631628,0.793889474,0.790000814,1.057275064,0.923554737,1.094508778,1.241275136,0.967559944,1.380807053,1.305190744,1.203303763,1.260387812,0.095,230,0,1.70147256,309.052475,1458.94902,4.14579909,0.32663319,0.54858639,1.23979,1.64945413,0.69795585,0.82242587,4.04555202,0.80427678,0.82318361,1.47278279,0.78590365,0.69614452,0.06866422,0.25277711,0.33582,0.41274302,0.61177421,0.17871057,0.06620996,0.70369109,0.50182529,1.14685452,0.80018411,0.74364876,0.46219754,0.32279203,0.28011181,0.85237052,0.69025814,0.174040305,0,0.7842859,1.08787799,1.55040537,1.10862296,0.72072032,0,0.3662258,0.02358758,0.08333242,0.30886339,0.6273464,0
Bortezomib (PS-341),S1013,53,0,0,0,0,0,1.132387621,0.767278522,1.435481906,1.356418767,0.47320099,1.537073453,1.256131329,0.187024753,1.965690156,1.541625799,0.880925694,1.762620809,1.66826814,0.241835073,0.653448416,1.677943445,0.135455266,1.492342174,1.271863297,0.200945823,1.403865717,1.621013133,1.115937596,1.208217913,0.1,238,11.9745507,0.40117018,208.218286,6041.71064,1.00952574,0.33146289,1.03319801,0,0.03087944,0.35006718,1.04071706,0.43631112,0.33689263,0,0,0.24778116,0.38132819,0.04455913,2.00880947,0,0.02800989,0.71545015,0.45839483,2.2945224,5.63869172,0,0.02470589,0.6914038,1.22557155,0.63228711,0.08200239,0.000080118,0.48428708,0,0.116668684,0,1.57371895,0,0.13968471,0.60766236,0.40905596,0,0.87710292,0,0,0.61082981,0.65692277,0
"Ridaforolimus (Deforolimus, MK-8669)",S1022,54,1,0,0,0,1,1.257337735,0.958507938,1.400389911,1.241230824,1.037580761,0.84719491,2.134295886,1.018605404,1.578780681,1.526810936,0.720085796,1.444184496,0.704740295,0.651757494,0.755313085,1.517326478,0.644676248,1.455734031,1.305472512,0.473740977,1.347236351,1.262664165,1.047659835,1.085410896,0.109,169,0.78049929,0.42445542,501.757901,1413.6556,0,0.35061772,0,1.49727,1.18365817,0.86840172,1.07940081,0.97338216,0.25442748,0.45023575,1.27728651,0.36813428,0.80932217,0.18749854,0.08631004,0.20154,0.89566586,0.50945596,0.2092767,0.29168679,0.13048653,0.44505054,2.26521318,0.66524567,1.17262822,0.24478631,0.06226381,0.12671308,0.85031377,0.6863905,0.087598198,0,0.703272,1.15142125,2.2318583,0.78711159,1.15209971,0,0.25267748,0,0.73752661,0.21488225,0.19878884,0
Doxorubicin (Adriamycin) HCl,S1208,55,0,0,0,0,0,1.082973552,1.425721537,3.8169855,1.439311025,1.908422546,7.716367843,0.959750791,1.705225692,5.474267617,0.968539976,0.89259015,13.08015064,0.524086223,0.957571114,2.05976712,1.307969152,0.535309615,6.222263728,1.251093558,0.892060068,6.463886063,1.780487805,6.669195473,7.637580794,0.102,189,1.38781131,0.87116731,105.472334,1466.37755,0,0.04332333,0.10373809,0,0.00181109,0.84283878,0.10744822,0.67137676,0.08259697,0.00034093,0.0018681,0.02063783,0.01272198,0.57278184,0.22749252,0,0.01279074,0.18450925,0,0,0.86336308,0.09051839,0.03922508,0.1825664,0.07533003,0.18603792,0.0048258,0.000073875,0.0989036,0.00041362,0.000944594,0,1.06848198,0.01802543,0.04128595,0.34317635,0.08032697,0,0.67200034,0,0.54690984,0.30107838,0.11254746,0
YM201636,S1219,56,1,0,0,0,1,1.159598012,1.094965472,1.562690386,1.732484076,1.853968552,1.271949104,2.031052215,1.246562045,2.079176564,1.247528774,1.229044925,8.674205159,0.819809599,0.772244038,0.953912548,1.117737789,1.108574121,1.761673515,1.30736067,0.479216792,1.500169549,1.158849281,1.056469868,1.075715605,0.107,184,0,4.86589753,780.448382,2613.6519,0.67597287,0.0525746,0.96631198,5.19835,1.54969568,0.19813808,1.03009001,1.19640741,0.4353051,0.80903438,1.66834134,0.4838261,0.51516968,0.11575338,0.75276677,2.30233,1.98425209,1.39647987,0.54661616,58.8122179,1.36898733,4.81386119,1645.9579,0.99677075,0.82003417,4.73147073,0.10384549,0.28503192,0.82773982,0.88663371,0.65130268,0,0.81625416,2.09771236,5.66831268,1.35923391,0.87767458,0,0.17107044,0.21590139,0.60921928,0.71991484,0.47714435,0
Raloxifene HCl,S1227,57,1,0,0,0,1,1.400137866,1.115032757,1.393810162,1.554140127,1.477715371,1.082244072,1.601463608,1.100954538,1.966217999,1.423546943,1.265593556,1.68801573,0.690652592,0.638731922,0.724778113,1.443907455,0.908689785,1.177063877,1.654404129,1.36032523,1.199728722,1.297060663,1.175405323,1.065096953,0.116,546,0.32686362,1.69101607,1486.17658,10728.3564,0.76954732,0.27178618,5.05818819,5.72998,2.81467468,0.73430152,2.8514998,0.95870199,1.69437894,1.24844584,0.97984731,0.9692208,0.72481214,0.16621745,0.92441738,0.35015,2.20406356,3.66675705,1.62035699,308.459478,2.29638473,0.79514443,0.64379907,1.1622939,1.09739051,0,0.2855139,0.24164326,0.84682416,0.81979589,0.290530641,0,2.50708839,2.51188627,1.16436342,2.50472182,1.03922351,0,0.57772179,0.05056319,0.66501756,1.92908804,1.32310589,0
Nutlin-3,S1061,58,0,0,0,0,0,1.361607953,1.305081745,1.330205922,1.489548758,1.5662207,1.23956044,1.602946994,1.270021032,2.29348113,1.560841115,1.154262796,1.888175698,0.679524491,0.710564122,0.689357544,1.278354756,0.742862039,1.503922301,1.248450137,0.716336182,1.470328925,1.282676673,1.317100031,1.150969529,0.114,112,3.08647298,1.25297302,187.578095,2157.65209,0.79978957,0.29017482,0,0.86079,0.6821346,0.62902641,1.63565007,1.0480223,0.41396547,0.57541715,0.69314312,0.54441024,0.65156127,0.19026631,0.1599156,0.16171,0.85479593,0.69978695,0.36859393,0.40833546,0.37447474,0.28392663,0.78640553,0.74817196,0.98790016,0.23748441,0.38160699,0.23110517,0.88461045,0.67473059,0.1841828,0,0.47789275,0.373895,0.90207721,0.81633483,0.94116416,0,0.34775698,0.00243426,0.48507112,0.37904187,0.00344129,0
Leflunomide,S1247,59,1,0,0,0,1,1.008961289,1.115504928,1.131716827,1.129631291,1.301267545,1.052631579,1.371242089,1.268726743,2.002111375,1.340671722,1.243560693,1.530313937,0.759552114,0.74217029,0.820780067,1.010385604,1.065649967,1.147553231,1.011297479,0.746453165,1.24584605,1.184490306,1.203303763,1.073407202,0.095,214,0,8.09055465,649.313806,1697.60566,1.00766369,0.42467351,1.01999024,1.19372,3.79993414,1.33662539,0.87622381,1.78262751,0.79118842,0.86269343,3.10211708,0.77866362,0.83478096,0.61369116,1.15041184,0.56022,0.47246684,0.70404219,0.5372492,0.30214677,1.19090567,0.65716566,2.31797272,0.87764846,0.78141352,1.29353314,0.39242242,0.55403222,0.84790315,0.83189682,0.159994413,0,0.81946215,1.02088776,1.98941656,1.12483202,0.86522719,0,0.0887476,0,0.77783994,0.2556286,0.02833832,0
MK-2206 2HCl,S1078,60,0,0,0,0,0,12.93298988,1.20380098,1.89935421,13.70054723,2.293118206,1.128513592,11.95371835,1.120773338,1.920823436,6.793714604,1.307196785,1.863913884,5.432644404,0.72933627,1.364791141,6.513933162,0.321374258,1.338812103,34.87843409,0.72546254,1.770430654,10.5959975,1.085102478,1.211911357,0.102,969,2.73112279,3.14686168,970.133006,1585.07353,0.73031747,0.21000923,1.44925763,2.73307,5.15110661,0.76112312,0.88050841,2.40236852,0.49763883,0.68669363,3.93046298,0.4415095,0.3675523,0.90829035,0.01005481,0.35234,1.5801593,0.63149931,0.27748761,2.18478623,0.80694164,0.399293,8.36754057,0.67250067,0.47576368,2.60452496,0.00786787,0.02261472,0.48801366,0.1253391,0.007590202,0,1.07806937,3.04665441,367.624054,0.98358418,0.62954511,50.0782967,0.62530135,0.1130428,1.14738308,0.36192947,1.09812044,0
Posaconazole,S1257,61,0,0,0,0,0,1.414504952,1.957386531,1.360911417,1.089441105,1.921930514,1.051706189,0.936906646,1.054683708,1.357614146,5.417399203,0.894015806,1.308318336,0.606126375,1.157551959,0.997638629,1.429717224,1.029451453,2.140082182,0.978065897,1.021571393,0.759918616,1.083176986,0.839155705,0.969067405,0.1,61,5.32413166,3.17076362,1084.48561,16496.6011,3.53425913,0.5615449,4.60989212,1.53748,0.87178133,0.64223047,2.54540458,1.61703478,4.79234616,0.26524429,0.08131467,0.65235069,0.60263909,0.36704512,2.139678,0.32988,1.91448925,2.80558136,0.80254145,20.5797955,13.3190017,1.0184052,0.309078,0.8729212,0.43113964,0.10471306,0.58059396,0.02845236,0.73386645,0.37849706,0.358396853,7.464258311,14.0722966,1.09966396,0.50161421,1.68317058,0.61166883,0,1.07090431,0.21578681,1.50001703,3.90567504,0.2729836,0
Asenapine maleate,S1283,62,1,0,0,0,1,1.473932446,1.274154518,1.510783478,1.074728627,1.393853406,1.003123193,1.357891614,1.160006471,1.610451306,0.925268843,0.896089487,0.981996934,0.655847679,0.904223733,0.768015634,1.380976864,0.853899372,1.859170713,1.025269849,0.668298349,0.92878942,0.888680425,0.880269195,0.93721145,0.102,265,0,2.95497227,146.212108,1538.51852,1.04014799,0.24627698,0.90444456,1.27954,1.3707863,1.02082969,1.26065708,2.09650194,0.74846903,0.75204915,2.20424061,0.76755168,0.58457681,0.51165665,0.35016402,0.7521,0.49087373,0.79242667,0,0.11295008,1.07617155,0.71050353,1.44870974,0.7931791,0.54249904,0,0.15643662,0.22811783,0.90286107,0.66717834,0.100075261,0,0.85493087,1.1630931,1.71851591,1.06711639,0.58133139,0,0.0372997,0,0.46573241,0.31312115,0.58377713,0
Danusertib (PHA-739358),S1107,63,0,0,0,0,0,1.818089468,1.375671369,1.354331668,2.284381448,3.34730251,1.109543088,1.984473892,2.021922019,0.982845078,1.507302256,1.520008318,1.166993268,0.873674345,0.958528877,0.619004967,1.987249357,0.622100371,1.352259993,1.638543601,0.636273127,1.079009834,1.183864916,0.932395228,0.943674977,0.103,286,0.96321836,1.42442314,69.9397164,1357.00856,0.9995658,0.18359656,9.18593537,1.24159,0.01314145,0.40248339,1.16226294,0.98655922,1.11658515,0.20059997,0.01378702,0.28340999,0.37286334,0.04869935,0.77806845,0.68288,0.01259484,0.62872692,0.79435305,0.07730302,1.80878964,0.17912873,0,0.49043068,0.70791317,0.53172679,0.03114049,0.01451186,0.43746848,0.0023003,0.027549031,0,1.30891833,0.21357949,0.06258137,0.6067005,0.54664275,0,0.46768415,0,0,0.21911602,0.54131642,0
BMS-754807,S1124,64,0,0,0,0,0,1.733193049,1.409667709,1.335323504,2.909482372,1.151835653,1.21827646,6.139141614,1.501456075,1.75983109,1.840710004,1.288274444,1.115436913,0.950387215,0.614117422,0.879162935,2.509203085,1.224195172,1.347030258,1.526009378,0.854641998,1.315022041,1.519074422,1.242214745,1.160203139,0.1,356,0.22929549,5.81725896,81.1192853,1656.29102,0.94306638,0.2078273,3.37165047,0.55914,0.23445658,1.38054778,2.1613556,0.64965561,2.11806167,0.69933222,0.21047244,0.71345628,0.73858728,0.25998362,0.12132072,0.38821,0.38195044,0.7332907,0.15995294,0.9696727,2.28632172,0.41853102,0.26940775,0.72905318,0.58142408,0,0.64985153,0.11838853,0.91896854,0.58478244,0.103308784,0,2.96817728,0.89105263,0.84594304,1.08993035,0.47009925,0,0.20677153,0.10015948,0.06863184,0.2566976,0.66185016,0
Plinabulin (NPI-2358),S1176,65,1,0,0,0,1,6.500235823,2.782978221,1.163153406,14.93675428,4.084330992,1.141469057,9.049841772,2.686215823,1.070994985,2.403674782,0.668114161,0.842491502,2.324707739,0.937936979,0.580164482,6.876298201,0.999635873,1.221890176,3.368096422,1.917199038,0.713462191,2.868667917,2.279596207,1.153739612,0.094,155,7.04251745,1.8846747,0,3549.14631,1.03288037,0.06775055,4.41062377,1.5943,0.12998221,1.88086663,1.11206098,0.71721453,0.87839048,0.02363415,0.00174289,0.29898039,0.06115657,0,2.76459411,0.02923,1.44973155,2.67501109,0.28362804,4.01731173,1.15414373,0.00746206,0.04063252,0.42719612,0.11465079,0,0.05138015,0.00559305,0.46343011,0.06087164,0.009559128,0,3.16681619,0.23877206,0.08483336,0.82522903,0.13115121,0,1.93050918,0.03157368,0.61869858,1.72557242,1.15026041,0
Roxadustat (FG-4592),S1007,66,1,0,0,0,1,1.232086493,1.102756301,1.272450347,1.183457432,1.200802036,0.967495662,1.547171677,1.105080084,1.529691211,2.099603395,0.77024296,1.0256682,0.503960933,0.53797529,0.651494178,1.461182519,1.088225844,1.375046694,1.203889606,0.920517713,1.257375381,1.253908693,1.241480575,1.103416436,0.099,225,0.94244749,3.6431474,82.8676681,1840.33104,0.42616785,0,4.18211173,1.01622,1.53562292,0.76998763,0.95683311,0.94749324,0.86180808,1.0902828,1.20728739,0.75472267,0.68320339,0.07404804,0.3154276,0.19359,0.30751547,0.58439792,0.13158059,0.08520375,0.88714592,0.70414708,0.60504952,0.81107046,0.91952006,0.48813814,0.44038526,0.30881273,0.82930858,0.7173499,0.214482591,0,0.97307945,1.23230466,0.98567133,1.18811344,0.68039911,0,0.59165399,0.00815234,0.2274466,0.27085424,1.5758253,0
Bosutinib (SKI-606),S1014,67,0,0,0,0,0,1.741247324,0.917429027,1.356890459,2.070512245,2.402307611,1.028108733,1.275118671,0.651755379,1.172340987,1.154239145,0.694683201,1.112404186,0.989453954,0.657982952,0.745297614,1.926992288,0.224859169,1.510272693,1.129118545,0.203268896,0.756188538,1.678549093,1.251024778,1.08910434,0.102,260,0,4.58065264,0,4541.37944,0.10987557,1.21278545,4.6430679,0.21652,0,0.5689119,0.03420356,0.28527405,1.90227567,0.02243002,0.00016576,0.16272498,0.01087655,0,0.70896947,0.18,0.50480019,0.74866128,0.01124884,0.29137148,3.76554562,0.11121426,0,0.37620299,0,0,0.0035565,0.00121418,0.25078629,0,0.001619046,0,4.26390796,0.75316232,0.25520692,0.6444898,0.03118498,0,1.03857787,0.07972566,0.6625952,0.54878919,0.67013718,0
Raltitrexed,S1192,68,0,0,0,0,0,1.345717084,1.361034055,1.264408432,2.271822015,1.972585392,1.265934066,1.483386076,0.900825109,1.453153866,1.178588325,1.063798454,0.904965674,1.070310265,0.926539603,0.790245094,1.997943445,0.969734616,1.30369817,1.314913302,1.102713018,1.405561207,1.21575985,1.037381462,1.21468144,0.106,177,0,2.744621,406.608946,2870.89567,0.56675958,0.07631217,3.05284964,1.6418,6.15386002,0.67918437,1.68076524,2.24796963,1.66180762,1.36163555,1.99295692,0.83448825,1.17148548,0.63368991,1.63737732,0.49336,0.97996479,0.96061711,1.3603412,0.98401749,1.80616507,0.90634198,1.83083072,1.04998507,1.03209788,0.24758494,0.34356861,0.24280952,0.88201116,0.81971522,0.402645263,0,3.47447713,1.2068996,1.53244581,1.56958385,1.01946377,0,0.22661738,0.02907744,0.28562476,0.35134437,0.30021572,0.03712582
STF-62247,S1041,69,1,0,0,0,1,0.950839894,0.883904857,1.178871695,0.972458958,1.402014469,1.012839792,1.020866297,1.067303025,1.860121404,0.992009065,0.769724539,0.972292208,0.432220194,0.575902691,0.705968569,0.975012853,0.594726583,1.711991035,0.842118513,0.289803368,1.18989488,1.20137586,1.043254818,1.118190212,0.11,367,5.94006463,0.66034536,243.056011,1891.70012,0.59519366,0.05343456,4.18713375,0.87312,0.10587375,0.66409995,1.24179052,0.83457627,1.29569272,0.21959213,0.11459852,0.71730181,0.41192221,0.22888483,0.81096793,0.15837,0.6229971,0.83252778,0.34274868,1.88494963,2.43985081,0.23179417,0.46972193,0.86196509,0.7230546,0.63849388,0.942312,0.09475797,0.93132497,0.55449298,0.073406325,0,3.81708003,0.36785382,0.38187951,1.93001943,0.64960413,0,0.55908828,0,0,0.30403704,1.24892022,0
OSI-930,S1220,70,0,0,0,0,0,1.006131408,0.907041256,1.1437797,0.991118687,0.65358864,1.041526894,1.021459652,0.662999515,1.662179995,0.718887539,0.771927826,1.020209291,0.270389188,0.309931999,0.544743913,1.111156812,0.547347227,1.503922301,1.030934324,0.280345142,1.18311292,1.120075047,0.944876109,1.078947368,0.113,599,0,1.8664756,41.7683392,1093.60853,1.74591962,0.03228543,0.0546013,0.11874,0.0986794,1.01797948,0.25549072,1.1677478,0.20126857,0.07352283,0.08200481,0.23716621,0.05361775,0.00213089,0.10773103,0.02428,0.01535694,0.32151111,0.01869943,0,0.22926382,0.13202934,0.10150575,0.4275154,0.04148595,1.16372927,0.04543347,0.05578131,0.83433638,0.60255368,0.072807454,0,0.13843531,0.20262417,0.30786689,0.67713298,0.09914376,0,0.23456488,0.0209751,0.29508531,0.22720516,0.10658223,0
Prasugrel,S1258,71,0,0,0,0,0,2.585422487,1.201440123,1.238454977,2.868215663,1.426216245,0.903181029,1.537974684,0.871541822,0.995513328,1.288159635,0.617308971,0.91588349,0.79269965,0.556747438,0.546942431,6.082673522,1.147814167,1.064998132,2.545992384,0.898199618,1.487283825,1.811757348,1.261303151,1.18790397,0.102,112,3.37032894,18.4458401,216.968685,2441.5518,3.54214019,0.08256837,0.35685961,5.95221,0.17178824,0.51206982,0.80392735,0.69665783,0.43604901,0.69383555,0.17836772,0.35508701,1.16628641,0,0.25679108,1.39325,0.27627422,0.56592571,0.2433086,0,0.38361623,1.22403191,0.3126764,0.63683095,0.88802217,0,0.10729662,0.18513013,0.89221025,0.70518818,0.195395534,0,0.39412657,1.91592442,0.71559277,0.67656635,1.32756689,0,0.73968298,0.17851901,0.00851024,0.32010674,2.831803,0
"Vemurafenib (PLX4032, RG7204)",S1267,72,1,0,0,0,1,1.143054094,1.105353243,1.124405995,1.408091863,1.060375456,1.095662233,1.239517405,0.957935609,1.302718395,2.613136404,0.984868964,1.109371459,1.020233809,0.847811512,0.726243791,1.274447301,1.104290274,1.10683601,1.195204078,0.713598274,0.981688708,1.372107567,1.126215968,1.105263158,0.102,105,3.5283998,5.27919582,168.767692,5155.00436,0.29175495,0.16860057,33.4206315,2.57333,0.31292491,0.06824448,0.92051301,1.58106578,4989.01288,1.67576757,0.49400328,0.79329158,0.65364449,0.18666143,1.0005455,1.08364,0.6000448,0.81514592,0.17672348,11.7498415,19.9263244,1.45109775,1.15852151,1.42132179,0.98228032,2.74674335,20.8297918,0.26056139,0.75284955,0.7107963,0.266773437,0.322154391,59.0902159,2.60245661,1.03556709,2.24978206,0.71254601,0,0.63406271,0.15795666,0.49312777,0.73750636,1.63664208,0
U0126-EtOH,S1102,73,1,1,1,0,0,5.691325327,0.885793543,1.337882296,5.45617655,0.689187763,1.178021978,6.885581487,0.514318072,1.547110055,6.361003271,0.753783115,1.247663801,2.778828984,0.420170482,0.688380425,7.978200514,0.886456615,4.056406425,12.3153224,0.31461047,1.431671753,10.47091932,1.057938207,1.156048015,0.101,259,0,1.92381062,144.939192,2163.34208,2.24234396,0.51782604,0.1869315,0.64429,0.29087252,0.76410502,0.39838517,0.82417882,0.14750491,0.07443581,0.20731486,0.30674054,0.10686774,0.00825946,0.57977033,0.13063,0.05233607,0.49537294,0.43174486,0,0.25968112,0.26329913,0.25700624,0.66192452,0.18822637,0,0.01355771,0.26192661,0.87399639,0.90777193,0.928704646,0,0.03407856,0.20445602,0.67478197,0.76359851,0.09128707,0,0.36160689,0.01274215,0.18262226,0.28824814,0.22143061,0
BI 2536,S1109,74,0,0,0,0,0,3.581975837,1.538334415,3.059948824,5.283932897,2.625189076,1.370965876,1.20806962,0.939249312,2.270256004,6.74633638,0.597738605,2.113810571,1.051960736,0.280816014,0.507124827,1.074755784,0.198599182,1.078446022,1.369292255,0.298017091,1.866395388,1.569105691,1.051330682,1.314866113,0.126,509,43.6513356,4.45661376,0,14748000000,11.5689231,0.0459833,16.7444359,0,0.01695405,0.85165029,5.71197982,1.29399132,3.71932205,0.00045116,0.00444876,0.44372747,0.83619139,0.23024326,15.0721018,0,0.21063984,2.82717425,8.35686697,6.60385369,28.5334977,0,0.06573341,1.09523557,1.74611892,0.77130684,0.08178972,0.00014964,0.80198926,0,0.053588874,0,36.0080097,0.05796448,0.56619173,1.91531678,5.59482752,1011.52227,2.7228515,0,0.38293279,5.77701452,2.94343235,0
Bafetinib (INNO-406),S1369,75,0,0,0,0,0,2.184014802,1.246532491,1.939929329,2.676594599,5.744544634,1.079467901,2.744264241,3.95186863,2.256532067,1.335831222,0.802514623,1.20459908,0.935589207,0.915046451,0.616317889,1.627352185,0.301497205,1.42248786,2.704220033,0.558865013,1.993896236,1.867417136,1.088039156,0.894275162,0.091,64,0,4.53423477,725.123447,7629.34107,3.00842195,0.03536357,1.27961572,2.92307,100,0.99081949,0.27689114,2.06666417,0.67229104,1.07447634,6.07645232,0.59090097,0.09602602,1.8669218,1.47007617,5.21915,1.68851977,1.28459939,0.37513205,13.6588524,2.32295225,5.7785017,1311.14067,1.12223163,0.21892855,18.0135668,0.01561681,0.00935214,0.54187988,0.06450003,0.005132022,0,2.51474508,17.1150635,817.57302,2.17060052,0.40963473,908.869933,0.46792455,0.20831972,0.83806646,1.65793799,0.43846126,0
"Roscovitine (Seliciclib,CYC202)",S1153,76,1,0,0,0,1,1.310887784,1.04184619,1.301693676,1.275320714,1.079652451,1.246038172,1.113429589,0.854149814,1.518606492,1.771769555,1.357094738,1.736539359,0.491648991,0.353701753,0.695220259,1.057275064,0.541778225,1.121031005,1.114768543,0.445366299,1.274669379,1.260787992,1.1519119,1.194829178,0.095,66,8.67736196,11.8010272,673.20345,4519.50821,0.00810986,0,0.13426893,0.17931,0.03581522,1.93624825,1.43107745,0.76819899,0.22174685,0.08902189,0.15075989,0.24535793,0.46229024,0.1856947,0.23687437,2.59366,0.70367326,0.90390628,1.20662586,0.32084675,0.53573361,1.83923572,2.79190848,0.65250816,0.73333151,5.41966195,0.06874984,0.05776136,0.99666809,0.75674631,0.151706039,0,1.47639159,1.20427691,6.27042031,0.8132925,0.98295367,53.6711522,0.40150293,0.89885902,0.49330569,0.51328454,0.74854038,0
Pirarubicin,S1393,77,0,0,0,0,0,0.983710046,0.889570914,2.150115755,1.028438145,1.537797685,2.156622325,1.078125,1.580812166,2.581155978,0.798095716,0.563522865,2.859254816,0.341419622,1.965999425,1.167168797,0.888843188,0.174224088,2.344788943,1.061900116,0.259354518,2.320786707,1.415259537,1.649678801,2.289473684,0.094,153,0,2.32885346,0,1697.73616,3.57775059,1.06766941,0,0,0.00548286,1.18542317,0.01297993,0.30824976,0.04632166,0.00335137,0.00960549,0.07456047,0.02753041,0.06970305,0.12039891,0.14965,0.01722162,0.2657733,0.09494082,0.08819416,0.29952917,0.12760971,0.0151192,0.1303772,0.02899138,0,0.01262755,0.00460702,0.29043405,0.0355944,0.009812942,1.93047711,0.15983398,0.01939283,0.07792519,0.24681156,0.03801602,0,0.37387305,0.00060999,1.13464391,0.33659283,0.27352436,0
Repaglinide,S1426,78,1,0,0,0,1,1.089504045,1.079619902,1.279030096,1.530815466,1.514862282,1.165529208,1.699960443,1.218896619,1.662179995,0.928935888,1.014418921,3.054562421,0.865979381,0.856431376,0.837146812,1.041233933,0.828196286,1.202465446,1.078138276,0.838131585,0.970837572,1.149468418,0.892015907,1.115420129,0.087,109,0,2.6970013,142.569324,2258.08476,0.061228,0.1330306,0.75036384,0.79908,0.81165684,0.80191935,1.05841427,1.87968212,0.75280776,0.79063292,1.53579274,0.78516786,0.7207416,0.41212782,0.88754104,0.72118,1.15001005,0.94892666,1.44757637,5.20133282,0.65003447,0.70423058,1.1549574,0.83832962,0.87838234,0.22486621,0.30470484,0.30291368,0.85730252,0.76474731,0.254416735,0,0.70014517,0.80159409,1.20692484,1.02067071,1.00448711,0,0.24942815,0.08756907,0,0.38794139,0.51231039,0
SP600125,S1460,79,1,1,0,0,0,1.686826543,1.17853981,1.239551602,1.508208487,0.978483402,1.041526894,2.372231013,1.237340236,2.645552916,1.433961352,0.787221224,1.294367793,1.115532975,1.023560962,0.703281492,1.911362468,1.044230728,1.412775495,2.235956824,0.403716917,1.512037979,2.188242652,0.843560722,1.05355494,0.792,1159,0.59478969,0.98196769,0,677.882037,1.20098929,0.55750718,0.05241657,0.44831,0.06762217,0.05875582,0.19585118,0.47155986,0.70534764,0.26166947,0.19762419,0.28063087,0.49173876,0.30868601,0.34099295,0.2977,0.03139257,0.18497487,0.20432713,0.00433078,0.16797889,0.4662127,0.18634589,0.47651858,0.17058183,0.10588767,0.10802421,0.26019709,1.00666404,0.74346906,0.029575468,0,0.35769821,0.26148582,0.44617904,0.63585773,0.39768358,0,0.06381792,0.00689789,0.00835559,0.12265677,0.04673381,0
Clemastine Fumarate,S1847,80,1,0,0,0,1,1.326125603,1.230714749,1.252345559,1.229389073,0.942462155,1.266859456,1.133010285,1.074906973,1.149643705,1.36238063,0.902828951,1.005045658,0.620332462,0.729815152,0.641722987,1.29933162,0.571336775,1.420246545,1.174056708,0.846262341,1.403865717,1.106941839,1.031508106,1.057710065,0.238,983,10.1608667,3.17824549,206.895184,2218.20406,0.49903111,0.39945174,2.6219705,2.94405,2.93374948,0.78792215,1.26938173,1.47524471,1.06887793,0.58775276,1.88105019,0.66197174,0.65569434,0.39519194,0.37887452,0.28999,0.84465717,0.71787668,0.67939155,0.62180355,1.80955714,0.43324121,1.53611851,0.79598652,0.72381409,0.975174,0.13849579,0.18608868,0.9581259,0.61309308,0.121179797,0,2.00585644,0.97547608,1.654751,0.94392029,0.72353816,0,0.33335067,0.00932315,0.11409682,0.29152632,0.50129574,0
Pimobendan,S1550,81,1,0,0,0,1,3.522330661,1.404237738,1.708541489,1.414909841,0.85648957,1.057258531,3.245648734,1.013023783,1.542887305,1.693734833,1.150893064,0.977751116,1.290859764,0.697346997,0.722091035,5.570179949,0.802793069,1.307060142,2.199704189,1.322409359,1.194303154,2.011257036,1.589476904,1.112188366,0.102,934,2.14858904,6.61478591,69.962581,7412.75107,2.51615832,1.03393893,3.67506357,0.95215,0.07805036,0.76348585,1.58508606,1.00129301,1.34680597,0.278516,0.06743103,0.59473529,0.7144371,0.22458102,0.88937008,0.34199,0.99601381,1.19538806,0.31538715,3.99765777,1.62065006,0.28218793,0.10454826,0.92809723,0.59191733,0,2566.50772,0.26387191,1.03550627,0.49846883,0.088049014,0,1.42346714,0.36282613,0.30562628,0.8503048,0.48137502,0,1.07922008,0.19864642,0.13105044,1.31352297,1.26837275,0
Tie2 kinase inhibitor,S1577,82,1,0,1,0,0,1.154155934,1.3322316,1.314487633,1.200681798,1.740276491,0.964256796,0.887658228,1.36304805,0.800211138,2.871149703,1.105660893,1.233713257,0.717052237,1.247390097,0.782183861,1.056863753,1.253196821,1.140455734,1.151021179,0.929146271,0.956934554,1.602251407,1.300948302,1.096952909,0.568,1088,0.58766248,3.98052956,113.269301,6431.67745,3.08675084,0,27.7368209,0.99893,0.12805956,0.98743311,1.11832639,0.77309001,5077.32385,0.66919551,0.18152492,0.9339749,0.40819052,0.16910264,0.60654941,0.73329,0.4715079,0.77656026,0.15716049,16.7648908,5.39188696,0.50746453,0.42426684,1.75420457,0.38704148,0.65139269,2566.17424,0.24273929,0.8105889,0.6589937,0.218601157,0,57.7775472,2.07964007,0.73806747,2.39131696,0.51865289,0,1.19461185,0.05671284,0.44315893,1.06426339,0.5852358,0
Flunarizine 2HCl,S2030,83,1,0,0,0,1,1.316982912,1.113380157,1.325453881,1.437875662,1.195877256,1.124349335,1.075454905,0.74300275,1.059382423,0.939203614,0.992904478,0.995947477,0.692901889,0.716502251,0.601172543,1.32503856,0.907019085,1.788569294,1.240142241,0.78801958,0.857239742,1.575984991,1.150443561,1.171283472,0.599,806,0,3.46550232,20.9870363,2881.96918,3.37888747,0.0427911,0.02440011,0.99387,0.27105518,0.8550288,1.44411551,1.28016427,0.4063258,0.18133847,0.07550794,0.35311673,0.31252963,0.05202494,0.38214784,0.65134,0.58244224,0.94520621,0.55647199,0.06008497,0.63299542,0.50782504,0.62312145,0.77198782,0.60654391,0.36753614,0.05642504,0.11050301,0.9733217,0.4854571,0.075695918,0,1.04538121,0.60068257,0.65021016,1.01984406,0.89142546,0,1.02402995,0.18411312,0.66547957,0.47248965,1.1500587,0
Nifedipine,S1808,84,1,0,0,0,1,0.915792911,1.093548958,1.18691361,1.557369696,1.209948055,1.187275882,1.058247627,0.892816696,0.893639483,1.063589787,1.025564957,1.091175098,0.894509939,0.784311848,0.719892517,1.069820051,0.751429734,1.027269331,1.408188312,1.048535634,0.893523228,1.83427142,1.215784644,0.976915974,0.543,1179,3.5317745,1.40014406,313.577624,1299.36882,1.50506364,0,1.18217842,0.38421,0.27215614,0.59331271,0.75847621,0.99328461,0.77364592,0.34035611,0.3446066,0.5387409,0.46687235,0.08874835,0,0.74777,0.20024675,0.69513965,0.15557466,0.00235961,0.94806733,0.50925965,0.5038495,0.67836664,0.65477116,0,0.5231745,0.16725982,0.87592656,0.75313752,0.258045035,0,0.60871794,0.46226888,0.51907645,0.7880628,0.64866387,0,0.03072926,0.28164872,0.24292696,0.23469908,0.11344198,0
PHA-793887,S1487,85,0,0,0,0,0,1.167216921,0.630820988,1.505300353,1.287521306,0.376956721,1.468594563,1.041633703,0.15547646,1.318025864,0.819804623,0.463856563,0.817016597,0.413160361,0.270855282,0.923621855,1.40503856,0.165142331,1.739633919,1.490512006,0.236953456,1.693794507,1.69043152,1.204037932,1.215143121,1.06,863,0,1.81517522,121.084843,1978.99587,0.70729811,0.06217805,0.09153875,0,0.01592817,0.0126661,0.34562676,0.35072763,0.00956874,0,0.00108975,0.01645582,0.0512201,0.06902297,0.45928015,0,0.00694277,0.26924083,0.980818,0,0.91811867,0.0056063,0.02291984,0.10305538,0.19429119,0,0.00447295,0.000082651,0.16553941,0.00122722,0.025366966,0,0.19764524,0.02435542,0.07901006,0.26418201,0.23806061,0,0.24450968,0,0,0.37493059,0.75170279,0
Curcumin,S1848,86,1,1,1,1,0,1.52160505,1.272501918,1.353235043,1.426392751,1.141845385,1.050318103,1.258504747,0.768079599,1.182897862,1.054935561,0.344619894,1.45813504,0.588960687,0.645053156,0.661509649,1.331413882,0.334097286,1.433694434,1.813764673,0.562764457,1.332316039,2.550969356,1.981523402,1.350415512,0.611,1385,0.44709595,0.44170989,38.077769,1238.09186,0.65024904,0.11156685,0.11147755,0.12569,0.01479577,1.17615257,0.20408434,0.52765671,0.27962679,0.07509383,0.02550989,0.59781154,0.29489248,0.00127462,0.00399419,0,0.02241477,0.29702129,0.22202783,0,0.02577788,0.01956676,0.12307667,0.48410568,0.09276666,0,0.04737257,0.01224776,0.66040425,0.13401179,0.013965458,0,0.52865348,0.05457469,0.08506188,0.82248437,0.30189239,0,0.05530209,0,0.04790813,0.25956003,0.13194316,0
AZD7762,S1532,87,0,0,0,0,0,2.427166854,1.007613764,1.244669185,2.88221046,1.289025949,1.395488722,1.972903481,0.508089306,1.159144893,1.461684213,0.659301016,1.085109645,0.898890149,0.415285892,0.752626008,2.926066838,0.348962238,1.273813971,3.107530604,0.381813656,1.503221431,1.87054409,1.181278678,1.281625115,0.517,2888,2.45917832,0.21720901,0,1016.34829,0.89686228,0.26605759,0.12377669,0,0,0.62387357,0,0.03542086,2.01667268,0.00104273,0.00221889,0.05337038,0.04151611,0.00398825,0.80152064,0,0.01341255,0.14235033,0.06558026,0,0.1371239,0,0.02103655,0.07793129,0.02258904,0,0.01223373,0.00072155,0.21473374,0.00775256,0.002243583,0,1.50817631,0.01049817,0.03978126,0.27932181,0.03802351,0,0.50637919,0,0.15747118,0.20600585,0,0
Fluvastatin Sodium,S1909,88,1,0,0,0,1,1.356818924,0.974089595,1.039600341,1.43715798,1.188982564,1.064198959,1.569422468,1.033732406,1.425178147,1.800372507,0.685481241,1.249483437,0.751738766,0.708361268,0.688136145,4.573984576,1.164649688,2.205080314,1.528652799,0.572803451,1.282807731,1.567229518,1.212847966,1.158818098,0.546,932,7.51584017,7.13040627,0,8907.46488,2.66728371,0.03926779,40.3840081,2.40417,1.04552516,0.5079359,1.52037385,0.97171974,10382.4925,1.20668942,0.8680138,0.83853647,1.09630539,0,0.47298241,0.17397,0.2689246,0.81251374,0.29876865,0.00579128,3.64765927,0.75838126,0.46219232,1.14604598,1.02836255,0.04544208,4.6125559,0.14853052,0.8669766,0.6976465,0.560676173,0,196.942764,1.35355531,1.29884621,2.11427806,1.26765228,0,0.75298775,0.02393175,0.29485274,1.18861234,2.58703382,0
AZD8055,S1555,89,1,1,0,0,0,2.021840874,0.711326211,1.035213842,2.145868844,0.684685107,0.934644303,2.935324367,0.653939492,1.376616522,1.492194029,0.583093232,0.835819503,1.892961081,0.60645532,0.835925413,6.160822622,0.724055947,1.320881584,2.332252887,0.264747366,1.157002374,1.697310819,0.886876721,0.965373961,0.104,362,0,27.4875763,920.909565,2023.09499,1.07821033,0,0.35942444,3.23833,0.24857573,0.82320118,0.90645877,1.13319227,0.31909613,0.37382649,0.1767152,0.26170818,0.9438544,0.0240168,0,1.58485,0.53328247,0.48666643,0.77631032,0.00778221,0.45638273,0.88366377,1.10335134,0.57310285,0.95772149,0,0.02579771,0.06697904,0.49152197,0.55196594,0.064195286,0,0.16054527,1.52413561,1.597127,0.5809131,1.07037485,0,0.29515668,0.17424366,0.1136863,0.23050872,0.18629376,0
PD318088,S1568,90,1,0,0,0,1,1.23535174,0.911526884,1.417204825,0.94662241,0.888148869,1.258530943,1.186115506,0.760880116,3.186064925,1.643129609,0.549525517,0.921948944,0.337512948,0.580883057,0.77290123,1.429100257,1.603444214,7.839372432,1.326997514,0.346137891,1.287216005,1.243277048,1.032976445,1.160203139,0.625,848,0.57601576,1.50960337,515.376749,1817.15956,0.87276299,0,0,0.74208,1.15796763,1.75219521,0.09450582,0.50804641,0.06112278,0.05401182,2.5615735,0.37149041,0.14665489,0,0.08002854,0.21887,0.4092969,0.59182688,0.00312904,0.00333971,0.10771995,0.23862808,3.10514358,0.64666182,0.16397524,0.53468364,0.02568056,0.27202505,0.85051393,0.87090845,0.565984037,0.591345366,0.07172413,0.30630128,367.065418,0.84232386,0.16642575,0,0,1.05275883,0.34168355,0.34189396,0.4512036,0
Monobenzone ,S1652,91,0,0,0,0,0,1.375104306,1.115268843,1.073595711,1.391944021,1.153102025,1.246963563,0.840189873,1.20385051,1.474267617,1.083685195,1.295532328,1.579444111,0.405820549,0.814385595,0.651494178,1.136246787,1.283269433,1.936122525,1.26317777,0.845183772,1.345201763,1.444652908,1.239278067,1.275161588,0.628,929,0.34013317,2.25593141,356.350098,2919.26735,1.53100635,0,4.46037897,1.49043,37.3099658,0.75847295,2.7367377,1.86966473,1.12797847,0.78660351,4.20569441,0.80180006,1.39334469,0.90021793,0.49926929,0.29828,1.38124394,0.97060519,0.61026944,2.13901905,1.83490894,0.69266798,3.36604159,0.91848944,1.13314313,0.58021322,0.12885615,0.08596836,0.85202322,0.82308753,0.162758478,0,1.81478466,1.32352875,3.15881136,2.05572821,0.92868441,0,0.29503125,0.01169354,0.49518813,0.37283694,1.05662231,0
Cyproheptadine HCl ,S2044,92,1,0,0,0,1,1.329826216,1.205217494,1.215425856,1.220776891,1.113563078,1.048004627,1.747428797,1.278029445,1.766165215,1.797145508,1.349836854,1.775358262,0.651349085,0.559046068,0.551583747,1.163598972,0.698267184,1.155771386,1.229568556,1.042727952,1.355713801,1.188242652,1.072621597,1.104801477,0.943,1842,0.8475541,1.00041015,247.237075,1870.0504,0.22286826,0.07772459,1.93266622,1.96072,2.03929434,0.85616603,0.78535152,0.6594897,0.98450307,0.56013199,1.50932244,0.79565264,0.60445448,0.07656868,0.2783846,0.04218,0.07582561,0.49421923,0.43476251,0.0285017,1.60108341,0.41395866,0.78146142,0.79623107,0.72291544,0.60752149,0.25199994,0.29216347,0.86887695,0.56930159,0.119290697,0,2.10039359,0.79738204,0.8267048,1.09892639,0.73558327,0,0.78719519,0,0.23940402,0.29250707,0.6307646,0
Lovastatin,S2061,93,1,0,0,0,1,1.421688495,1.075134274,1.326916047,1.09123531,0.853534702,1.125274725,1.797567247,1.276168905,1.869622592,1.170960871,1.105660893,1.38231687,0.877817787,0.816301121,1.033547757,1.762673522,0.996123118,1.653716847,1.39836989,0.601675931,1.623601221,1.332707942,1.073355766,1.193444137,0.611,859,6.26610177,0.53122702,0,4152.08626,0.51452791,0.0213615,30.1086918,1.54078,5.63534543,0.57483526,1.24731275,1.73343936,7.88882068,0.89615706,3.96690067,0.88468267,0.8452216,0.70571498,0.09815751,0.09103,0.3700558,0.77258972,0.47282619,0.04394166,4.67100467,0.60070138,5.41979675,1.34762471,0.90112624,1.10221575,3.0262729,0.12039967,0.836826,0.64803802,0.193067086,0,132.075163,1.44475926,4.36367552,2.4556901,0.88542202,0,0.98986897,0.05057201,0.37005294,0.66241854,0.40259718,0
Atorvastatin Calcium ,S2077,94,1,0,0,0,1,1.367920763,0.971964823,1.064822712,0.979994617,0.823141775,0.986928861,1.754845728,1.016097719,1.662179995,0.887864982,0.934582195,1.190041992,0.582094411,0.662675989,0.582363,3.499023136,0.950842847,1.826671647,1.264310665,0.482203601,1.247202442,0.962476548,0.849434078,1.050784857,0.607,1119,4.80884195,1.35399989,300.498662,9000.80883,2.03533819,0.03138217,60.3593899,2.27253,0.64546616,1.94339124,1.90251758,1.04870877,4997.18772,1.01847862,0.51932563,0.75507467,0.88574414,0.06240495,1.00480927,0.29308,0.30109007,0.8990741,0.39850693,0.08210785,4.91973979,0.8343099,0.63780645,1.21217785,1.04003166,0,3.17806438,0.08559356,0.86358304,0.7220926,0.351966019,0,106.149569,1.27354827,1.00193483,2.18566661,1.22348646,0,1.21927085,0,0,1.66658363,0.40495763,0
Terbinafine ,S1725,95,1,0,0,0,1,1.325037188,0.981172165,1.371877665,0.939804432,0.705509891,1.071602082,1.078421677,0.75675457,2.474003695,1.330257314,1.247189635,1.773538626,0.708173433,0.766018581,1.05211302,1.354652956,0.970848416,2.29772133,1.36098436,0.500871152,1.332316039,1.137585991,0.952951973,1.065558633,0.575,1286,0,1.95929402,129.985403,4058.45536,1.0746991,0.01849696,1.35740193,1.38297,1.7240719,0.7914191,0.98371627,1.5431136,0.19797643,0.35809029,0.34190654,0.59296927,0.3534574,0.02976758,0.10204196,0.78325,0.70306719,1.05029126,0.79627737,0.03314473,0.44178737,0.49493156,0.52278152,0.86608757,0.52630658,0,0.0401499,0.18184953,0.89085906,0.69312466,0.058692311,0,0.20109031,0.89600364,1.86587721,1.34895361,0.42100034,0,1.22120185,0.04837126,0.18986523,0.54586203,0,0
Ziprasidone HCl,S1444,96,1,0,1,0,0,1.558175815,1.299887859,1.344827586,1.316946264,1.126648922,0.986928861,1.451048259,1.101682576,1.797307997,1.498207984,1.09127473,1.659508098,0.524086223,0.478881333,0.644165785,1.216246787,0.365326536,1.666044079,1.298297511,1.037501037,1.220074602,1.457786116,1.529275008,1.076177285,2.132,2918,0.37228086,1.05113819,218.964683,2124.82228,0.40559521,0.11375341,0.84410859,1.24493,0.29826092,0.88184467,1.36716145,0.97468434,0.6270021,0.15434061,0.12164978,0.34478232,0.2153847,0.01706881,0.344859,0.22576,0.58905591,0.82297113,0.31190953,0.34422701,1.06941522,0.10153673,0.25973518,0.61916416,0.43140835,0,0.00718042,0.00690608,0.50090509,0.02369999,0.00716562,0,0.47810831,0.24535585,0.47392074,0.80749291,0.44419357,0,0.33158902,0,0.71543183,0.27450737,1.40026468,0
"Orantinib (TSU-68, SU6668)",S1470,97,1,0,1,0,0,1.168740703,1.073481674,1.088948459,0.928680362,0.812025843,0.902255639,1.237143987,0.885050963,1.378200053,1.142211236,0.862521773,1.215516897,0.484190796,0.579350637,0.588225715,1.425398458,0.889198278,1.674635786,1.146489599,0.642246744,1.319769413,1.130706692,1.166595289,0.98199446,0.467,1464,0,9.98643673,235.445376,1446.49727,1.39669279,0,1.01999913,0.44797,0.19790346,0.95594394,1.66776101,0.63567766,0.92402896,0.69152427,0.22602716,0.75150424,0.8094384,0.11459425,0.39997734,0.57052,0.26331931,0.8404065,0.50228605,0.25528469,0.5360641,0.48061241,0.30253299,0.78225642,0.96430551,0.16610685,0.44039091,0.3619337,0.89775311,0.75356737,0.15990717,0,0.42312932,0.48182024,0.69702817,0.94438139,0.82100451,0,0,0,0.18565304,0.27957616,0.41871551,0
Daclatasvir (BMS-790052),S1482,98,1,1,0,0,0,2.15528063,1.099451101,1.120385037,3.141652463,1.071913511,1.000347021,3.177412975,1.150380197,1.78094484,2.239537839,1.01338208,1.745030994,1.390183989,0.676467771,0.648562821,2.427969152,0.880801936,1.591333582,3.709853038,0.645565419,1.459816887,2.97123202,1.114469257,1.058633426,0.6,1491,0,1.32656935,337.06437,2067.78528,1.52792795,0.05242729,2.05321711,0.73087,0.9330271,0.91142873,1.16074153,0.90749054,0.59811028,0.41465306,0.61017578,0.72722124,0.64631727,0.0895409,0.83069898,0.94831,1.58469513,1.13769088,1.21613067,0.50937605,0.97507852,0.42247207,0.70545718,0.87609698,0.92124524,0,0.80356672,0.21682703,0.90127367,0.82438842,0.129516345,0,0.63176631,0.67848043,0.96944648,1.29151985,0.99057576,0,0.08075977,0,0.74603802,0.4016907,0.19661152,0
Quizartinib (AC220),S1526,99,1,0,0,0,1,1.301962776,1.464675677,1.21871573,1.579976675,1.695812765,1.115095431,1.15911788,1.478806018,2.116653471,3.014604511,1.189256167,1.449643405,0.678222266,0.694090604,0.590912792,1.373367609,1.242744233,1.187149795,1.425936998,1.693769186,1.061715836,1.273921201,1.270847354,1.307479224,0.512,1439,1.55546492,4.78701454,147.882855,17259.1904,1.30111123,0.42074238,12.607199,3.29012,0.34748766,1.03071874,2.64223999,1.11043228,4.3586201,1.25651,0.25430435,0.78466502,0.98334437,0.31499318,1.91601453,1.01412,2.05539004,3.20633809,0.36533312,66.1429536,6.20123726,1.78916934,1.04629027,1.2280765,0.60472784,1.06352028,0.33643127,0.20147849,0.93696614,0.6538731,0.595204345,1.505283948,7.2249784,1.28991539,0.6842515,1.71275913,0.59858463,0,0.33105741,0.00923076,0,0.83084947,1.04317687,0
KU-60019,S1570,100,1,0,0,0,1,1.814606538,1.531015759,1.671987328,0.986094913,1.111733874,0.7421631,2.029272152,1.342743893,1.236737926,2.448852779,1.132100329,1.56124775,2.584915898,1.112728666,1.224085986,2.972339332,0.962751944,1.350765783,1.282059351,0.651622003,0.87622923,1.031894934,1.140899358,0.897506925,0.568,735,0.0381261,44.0755948,7269.00442,25876.5934,1.87539514,0.57565846,31.7102192,17.488,7.87568753,0.67912592,3.82509056,2.46206016,2.53128148,17.2509804,0.60058542,0.92050438,0.95710247,0.26774195,6.63540401,3.56179,2.04317344,3.672398,3.62492043,155.730233,4.17269275,21.9574869,1.57093012,1.60064096,1.35193735,0,0.28615018,0.20505796,0.93543276,0.89001844,0.087012108,0,10.3503227,26.9928272,1.20371331,2.18952032,1.74305544,0,0.8642265,0.75152145,9.76264196,6.40495139,1.71019433,0
H 89 2HCl,S1582,101,1,0,0,0,1,1.440626927,1.109602786,1.340441087,1.409886068,1.569316276,1.18264893,1.418413766,1.114221,1.802058591,0.908547117,0.879759248,0.843098047,0.752804222,0.84196916,0.655402655,1.314138817,0.65221582,1.434441539,1.1023067,0.481207998,1.309257375,1.000625391,0.962496176,0.898430286,0.59,648,0,2.08400274,785.176815,1477.58848,1.24415612,0.23084324,0.48072901,1.54282,3.26172558,1.97249567,1.30782564,0.80625651,0.65585875,0.32066917,1.31739579,0.49954383,0.74388028,0.19777919,0.25303375,0.32398,0.73311897,0.68699266,0.56111112,0.14079027,0.58935936,0.30625509,1.14598719,0.70136506,0.68745899,0.46670386,0.04414533,0.28103242,1.00495652,0.78321832,0.220080582,0,0.46173834,0.62137981,1.04121889,0.86681998,0.81236149,0,0.241057,0.01570727,0.31611185,0.27684597,1.11647099,0
ENMD-2076 L-(+)-Tartaric acid ,S2018,102,0,0,0,0,0,3.195588289,1.390780853,1.524674059,1.789180946,1.31702684,1.736495084,3.295787184,1.406892089,1.822644497,1.410052217,0.904643422,1.384743051,0.740018744,0.829039364,1.291751486,2.128329049,0.364127059,1.132611132,1.917991,0.480544263,1.410647677,1.639774859,1.368491894,1.334256694,0.628,935,0,0.66472276,199.942045,4870.33317,0.16393543,0,1.61453501,0.10044,0.02806854,0.77905726,0.32175178,0.96205626,0.59458298,0.00279488,0.00756887,0.08457723,0.03773112,0.10943796,0.35886544,0,0.03538819,0.67867462,0.03556363,0.26879583,3.04896926,0.00359946,0.02440477,0.30277643,0.03375275,0,0.04944124,0.00297816,0.37915207,0.01161253,0.00700552,0,5.68990873,0.02065836,0.09914209,0.32457752,0.04446004,0,0.31777665,0,0.02772181,0.4201392,0,0
Ezetimibe ,S1655,103,1,0,0,0,1,0.967819178,1.009974621,1.170098696,0.915403248,1.051932976,0.947599769,1.012559335,1.055977997,1.624703088,1.928719089,0.96970517,1.711670999,0.376224535,0.656450532,0.561354939,1.07496144,0.809732902,1.756817333,1.19331592,0.628474239,1.778908104,1.126954346,0.740042827,0.989381348,0.381,999,0,3.83286051,2473.0017,5915.17691,2.58750226,0.00199927,0.738245,0.89798,6.09400554,1.78853872,0.77523419,1.37753491,0.30530329,0.64875624,9.17174341,0.90433839,1.02537098,3.32121954,0.36080732,1.51936,1.96739828,1.12174393,0.75330268,6.81606592,0.53498918,0.93319006,13.0835435,1.01763813,0.9937195,3.64587265,0.15975764,0.1504079,0.96311083,0.72337154,0.206639526,0,0.20350622,1.39703174,367.201534,2.05020268,1.12915688,22.1461192,1.43106755,0.00375699,1.37858479,0.58045998,0.59856266,0
Pioglitazone HCl,S2046,104,1,0,0,0,1,1.351159163,1.293985717,1.676008286,1.234412847,1.168579905,1.042452285,1.776503165,1.117780294,1.501715492,1.231100412,1.119010216,1.55214957,1.653351749,1.198544201,1.078983796,1.470025707,0.967421338,1.872992155,1.152154074,0.922260018,1.291285181,1.053158224,0.977179566,1.027700831,0.689,2440,6.83720365,2.49609617,298.669388,1685.48383,0.48739528,0,8.94566554,1.65621,0.95074878,1.79287611,1.22227599,0.70659072,1.16286704,0.72038916,0.65521496,0.86076692,0.82780381,0.17506524,1.11537093,0.34524,0.80972797,0.80701268,0.30251567,0.70350253,0.56169948,0.56819937,0.46154411,0.85378464,0.919465,0,0.73428132,0.24597307,1.08545706,0.65052633,0.293224575,0,1.80676887,0.93454381,0.97766465,1.27218175,0.78613605,0,0.38557383,0.13330529,0.13576652,0.34931549,1.19468743,0
Disulfiram ,S1680,105,1,0,0,0,1,1.166128506,1.204981408,0.9847691,1.204987889,1.429452529,1.035511857,1.142503956,1.29032519,1.151227237,1.222446185,1.263519874,1.456921949,0.624831056,0.914471794,0.587248595,1.113830334,0.54164971,1.34740381,1.098908015,0.804364059,0.897592404,1.23014384,0.963230346,1.065096953,0.502,1011,3.03160037,2.18258909,273.914407,5891.45435,0.61400937,0,5.15870386,1.63255,1.55547102,1.9526616,1.47459731,0.52823584,1.55466164,0.25469452,0.47209384,0.95206978,0.734095,0.19625969,2.49147083,0.229,1.27736239,1.25875515,1.27800023,0.32353011,5.63243782,0.2543231,0.62403979,1.72855838,1.25855035,0.48364447,0.52757631,0.15687482,0.89125659,0.61236921,0.222293218,0,4.33664683,0.32134701,1.64821173,2.07996081,0.57012291,0,0.21751249,0.04813016,0.28825794,0.69590562,0.84660265,0
Atazanavir Sulfate,S1457,106,1,0,0,0,1,1.831368138,1.317594287,1.541123431,1.345294698,1.238933902,1.12481203,2.119758703,1.018848083,1.678543151,1.181375279,1.133655589,1.412037592,1.265525576,0.962455703,1.168634476,1.36,0.823655407,1.00448263,1.366648834,1.274703393,1.663275687,1.26641651,1.111532579,1.096029548,0.47,1470,0.74628186,1.91549098,215.316917,2053.09194,0,0.10070206,0.46979047,0.66224,0.79438088,0.15536489,0.4930496,0.85876885,0.56806182,0.78062127,1.08158124,0.72582429,0.65984813,0.1029726,0.20699147,0.14052,0.26582159,0.59819452,0.16918259,0.03507261,0.55364369,0.46162804,0.51480933,0.80003883,0.83002832,0,0.30005023,0.3306348,0.8035329,0.83594892,0.36958616,0.530770681,0.37108484,0.82735971,1.09956848,1.15956607,0.90553584,0,0.49948353,0.0563443,0,0.3285273,0.31737575,0
Thioguanine,S1774,107,0,0,0,0,0,1.228603563,1.077259045,1.112708663,1.248407643,1.425371997,0.96286871,1.165644778,1.063905517,1.017682766,1.519330164,0.988497906,1.249483437,1.051132048,1.059189733,1.213093396,1.119794344,0.67389209,1.252895032,0.960317211,0.273624824,0.949813496,1.027517198,0.899357602,0.885964912,0.693,1381,1.42798752,2.12148522,453.98185,7747.85699,0.27917891,0,2.40849755,2.62208,1.71008709,0.62910462,8.27588074,0.46634362,0.33450121,0.26205494,0.41593206,0.79660379,2.95446656,0.03457358,0.74894217,0.59655,1.37886899,1.25934131,4.58185651,0.084623,0.9754462,0.31773095,0.13106585,1.10356932,2.07060392,0,0.11083069,0.16107941,1.06022778,0.82568492,1319.086471,13.02546456,2.05570281,0.5318961,0.69774107,1.39303356,3.27108707,0,0.85958806,0,0.3018973,0.51066244,0.51451652,0
Simvastatin ,S1792,108,1,0,0,0,1,1.137394333,0.897125657,1.114901913,0.983941868,0.84241877,1.068825911,1.166831487,0.88100631,1.615729744,1.072097332,0.954541376,1.28041725,0.901376215,0.868307633,1.084846511,0.963084833,0.482746803,1.122898767,0.970890896,0.283331951,0.951848084,1.145090682,1.279657388,1.069713758,0.537,1072,3.48087089,1.39939071,256.30323,4663.22162,0.91382029,0,32.8255489,1.30322,12.0889409,1.24073288,1.75426238,1.35890497,98.7991342,0.60948947,2.31584906,0.81140859,0.68654086,0.43441808,0.06245897,0.01503,0.13834672,0.64102823,0.14820197,0.01300055,4.39138341,0.42052401,3.99359141,1.25077453,0.80039941,1.80883192,92.2764729,0.06038981,0.91795693,0.48640885,0.098154238,0,87.0579515,1.1675035,2.57609717,2.00447387,0.86545209,0,0.65059303,0,0.20665987,0.44416012,0.79857967,0
Amlodipine Besylate,S1813,109,0,0,0,0,0,2.83706418,1.106533672,1.305714634,3.758141204,1.797685353,1.118334297,2.177314082,0.508008413,1.120084455,1.822228097,0.858892831,1.21248417,1.833177132,1.043769754,0.795374969,2.373059126,0.592670336,0.986178558,5.702615099,0.694930723,2.290606985,4.330206379,1.240012236,1.101569714,0.556,1181,0,0.33861498,683.94715,2178.55684,0.48808036,0.03743483,1.63506535,2.0133,2.51647631,1.29609261,0.49349722,0.89196416,1.03106242,0.54313695,1.23146899,0.58184543,0.43147195,0.18094166,1.41108964,0.02911,0.95223284,0.64262582,0.15192163,0.47215298,1.25564563,0.36672273,1.89218068,0.79896192,0.53472983,0,0.10765644,0.24166491,0.9875834,0.83249909,0.258959423,0.009561048,1.48745839,1.25431156,6.5943437,1.30549681,0.6117162,0,0.22736185,0,1.22548333,0.32621587,1.46359426,0
Felodipine ,S1885,110,1,0,0,0,1,1.013097268,0.914595998,1.132813452,0.963487934,0.758838221,1.012839792,1.352254747,0.913848892,1.618368963,2.510312456,1.120565477,1.708638272,0.762630099,0.903553299,1.060174253,1.006683805,0.763210316,1.119163242,1.173679076,0.518957936,1.291963377,1.305190744,1.038849801,1.202677747,0.544,1026,0.89602101,0.61988905,257.430706,2259.10024,0.56854836,0,1.44454303,0.90138,1.14538881,1.49727262,0.81961412,0.52002525,0.47023507,0.74426056,2.12467967,0.8034574,0.6975278,0.24401687,0.12327443,0.02507,0.24798372,0.46638528,0.24312695,0.03215087,0.49041791,0.38628944,1.58337045,0.86582209,0.91566538,1.18354473,0.16914512,0.16174325,0.83951338,0.86094937,0.238546301,0.09097974,0.66823153,1.19337344,1.56640276,1.39361539,0.93760184,0,0,0,0.32471903,0.3278576,1.77182951,0
TWS119,S1590,111,0,0,0,0,0,1.677901535,1.194829723,1.256000975,1.837265632,1.212621507,1.069288606,1.20272943,0.658226824,1.063077329,1.292706771,0.98759067,1.166993268,0.674670744,0.547744469,0.622913444,3.155989717,1.160451518,1.824430332,1.723888347,0.770845433,1.625974907,1.818636648,1.629856225,1.462603878,0.317,688,0.91579924,4.76811959,0,12781.0169,3.28283247,0.22610617,1.4115345,0.75409,0.63262028,1.44718811,0.59295177,1.81273852,0.78340202,0.280762,0.17554143,0.47921258,0.21855722,0.06850244,0.0706656,0.05849,0.30803056,1.00771978,0.08924353,6.21490157,1.2222549,0.14839901,0.2202834,0.78953964,0.25555855,0,0.11827686,0.08145398,0.98493674,0.75948276,0.040987292,0,0.74721202,0.20932019,0.42970725,0.99916227,0.26106655,0,0.3381818,0,0.81310346,1.26553876,0.94577168,0
PF-573228,S2013,112,1,0,0,0,1,1.394260422,1.273918432,1.16644328,1.038485691,0.703680687,1.213649508,1.884790348,0.896456884,1.740828715,2.226043113,1.259631722,1.838438979,0.708765353,0.587587396,0.937057243,1.096143959,0.357529933,1.073216287,1.353809359,0.369451589,1.264157341,1.253283302,1.12327929,1.225300092,0.434,703,0,0.74354714,12.7080185,913.481938,0.22853427,0,0.296126,0.22086,0.02831401,0.80713246,0.44331146,1.17668043,0.24533705,0.00097403,0.00871519,0.1132329,0.09884252,0,0.15322902,0.00143,0.00388961,0.21288754,0.25645417,0,0.2958304,0.000029002,0.03891107,0.18525566,0.20659867,9.60225898,0.00465413,0.01341486,0.4002273,0.00194276,0.035874857,0,0.48324764,0.02210612,0.08318947,0.54798708,0.35221011,0,0.11922372,0,0.11709907,0.21833892,1.2103744,0
Oxybutynin ,S1754,113,1,0,0,0,1,1.061858288,1.114088414,1.12550262,1.089082264,1.342354279,0.862926547,1.398536392,1.032357224,1.331221958,1.179468415,0.934452589,1.155468906,0.81720515,0.814481372,0.797573488,1.267043702,0.917814381,1.600298842,1.077005381,0.916286402,0.960664632,1.113195747,1.075558275,1.090951062,0.176,340,0,1.67589318,281.33745,2476.37621,1.01654162,0.10726667,0.91668625,1.80488,4.48374205,0.77669075,0.95682855,1.46977876,0.54004408,0.78082562,0.94280658,0.75138754,0.57333552,0.1213001,0.36749325,0.33334,0.58098247,0.65502187,0.40327749,0.20231061,0.42158437,0.46783314,0.85856507,0.90552649,0.82674604,0,0.12547077,0.17821747,0.87544855,0.6122362,0.104254662,0,0.76199176,0.91786256,1.33652259,1.27047974,0.6393883,0,0,0,1.01911495,0.31071313,0.22437934,0
Azacitidine ,S1782,114,1,0,0,0,1,1.064470486,1.174998524,1.196783234,1.380819952,1.359098531,1.301561596,1.248417722,0.77657337,1.739773027,1.303267861,0.911512491,1.301039792,0.609559513,0.574944929,0.980294764,1.425192802,0.465996958,1.649234217,0.965981685,0.385381233,1.169209902,1.013758599,0.904496788,0.995383195,0.287,1013,0,1.58305029,969.841601,4961.28727,0.92708757,0.23936922,0.42723898,0.24199,0.35646198,2.28506282,8.16806154,0.47351961,0.47674951,0.19258913,0.19694405,0.66224087,3.19336482,0.18529229,0.06275639,0.79881,0.70633069,0.86119549,2.62778459,0.34371423,0.57422355,0.38395669,0.70857787,0.84725653,1.7939902,0,0.05379129,0.10917404,0.99168858,0.80400661,2.438442731,4.870845884,0.41805652,0.46883772,0.53964021,1.14135894,2.48275455,0,0.50360723,0.00049567,1.195612,0.53855196,0.70755867,0
MC1568,S1484,115,1,1,1,0,0,1.417770199,1.829428082,1.301693676,1.500313986,1.714667636,0.874956622,1.551918513,1.321630804,1.331749802,1.088819058,0.838285624,1.202779444,1.366862329,1.272579255,1.110740168,1.38714653,1.112044038,1.2932387,1.792617302,1.211897453,1.651068159,1.941838649,3.587886204,1.126038781,0.535,1204,4.93629242,0.53284219,341.33896,1312.96541,0.15483124,0.02318481,1.75700239,0.80315,0.48768429,0.89113411,0.67307201,0.52878075,0.854183,0.55772048,0.62747822,0.82882463,0.5826701,0.08619661,0.98578499,0.76421,1.09422312,0.98098917,0.56436256,1.46309024,0.61038233,0.49624348,0.5538268,0.87804751,0.87429005,0,0.49799682,0.20808815,0.78530033,0.77821749,0.451771238,0,1.3646032,0.66053815,1.54950021,1.4096558,0.78155961,0,0.47575448,0,0.24515277,0.20845351,0.50133811,0
DMXAA (Vadimezan),S1537,116,1,0,0,0,1,1.103435765,1.19553798,1.239186061,1.261684758,1.168720613,1.055870445,1.394086234,1.171412393,1.413565585,1.56201457,1.35942763,1.612804106,1.357865141,1.070682885,1.006188421,1.421696658,1.006661383,1.689951438,1.223148818,1.129843193,1.281112241,1.272670419,1.099051698,1.207294552,0.479,1435,1.97941739,1.15203732,82.8740595,1513.32997,2.65438083,0.0491109,0.75596333,0.63552,0.42806224,0.6840993,1.40792021,0.67132993,1.16890773,0.79515656,0.89984876,0.86318391,0.76190457,0.11681052,0.22128054,0.40856,0.32807754,0.74662273,0.27830337,0.25976269,1.53242235,0.51096548,0.35760939,0.86114323,1.03683569,0,0.4910405,0.31915844,0.83553537,0.7660386,0.263480977,0,1.18094305,0.66563849,0.91677613,1.14041655,0.99043146,0,0.68047624,0.00219683,0.31141504,0.24501076,1.02739726,0
BMS-265246,S2014,117,1,0,0,1,0,1.549033124,1.140293927,1.336785671,2.673365031,2.293118206,1.459803355,1.635581487,1.831014399,0.585273159,1.173161098,0.860836907,1.311351063,1.306012924,0.852217221,1.531878512,1.452133676,0.674920213,1.988046321,1.421027787,0.686219199,1.921329264,1.686679174,1.435301315,1.4289012,0.652,885,3.26347927,16.0782922,71.451191,1755.20479,0.30356243,0,0.89672009,0.56151,0.07469636,1.55880981,0.81018621,0.72898813,0.13330552,0.13873981,0.19099173,0.26266311,0.29640426,0.13296246,1.16308072,2.20851,0.08468157,0.55701321,0.28113433,0.1423796,0.18175234,1.02840401,0.19658456,0.43115883,0.47689086,0.20956366,0.04239835,0.02843803,0.90605212,0.36056664,0.017824511,0,0.0546716,0.61469404,0.30926528,0.68300417,0.52682093,0,0.13625222,0.35968711,0.5894869,0.20786501,0.45663225,0
Adefovir Dipivoxil ,S1718,118,0,0,0,0,0,1.572760585,1.370713569,1.424881199,1.496366735,1.840319876,1.234470792,1.672072785,1.244944184,1.426761679,1.150718781,0.693516755,0.95894821,1.084397968,1.372090796,1.037944793,1.591568123,0.944674106,1.555846096,1.308493565,0.381066954,1.410308579,1.333958724,1.310492505,1.220221607,0.426,1148,0.34473117,3.84895892,168.325671,3307.18469,1.46926784,0.06858866,1.11205296,0.45785,0.0731632,1.55708204,2.40444406,1.01292474,0.97937998,0.57122682,0.1070983,0.26221719,0.71298847,0.16558397,2.05967749,1.29758,0.78078714,0.92716986,3.69898886,0.02279743,2.89784989,0.61613183,0.05057685,0.63285345,1.33351072,0,0.04202116,0.05939397,0.54362176,0.47329844,0.071854747,0,0.84837705,0.20346195,0.43029776,0.64048788,0.82419052,0,0.30376369,0.00574843,0.09608058,0.34540307,0.92296417,0
Pitavastatin Calcium ,S1759,119,0,0,0,0,0,1.344846352,0.920734227,1.078713294,1.46765946,0.921918788,0.991555813,1.27304193,0.62295745,1.012932172,1.100406921,1.230340975,1.024455109,1.878163074,0.783545637,0.989333116,3.251208226,0.501210187,1.799028764,1.059256695,0.320750021,0.924381146,1.411507192,0.95662282,1.182825485,0.454,1085,10.7193237,5.18518302,170.079806,15394.8926,1.10376168,0.06003279,109.424487,2.02725,1.25441104,0.69467536,1.7200485,1.81174426,10382.4925,1.23000622,0.57363522,0.75558129,1.5022636,0.17790869,8.77981796,0.98183,0.89034555,1.4232005,0.68393935,0.19090472,22.6923504,1.0782699,0.51733725,1.27916945,0.99363169,0,15.610732,0.07520702,0.97969776,0.73475326,0.180166133,0,291.101569,1.22048,0.89016183,1.87866567,1.07776144,0,1.49686335,0.03862325,0.06235093,2.43716434,0.88984274,0
Pimasertib (AS-703026),S1475,120,1,0,0,0,1,1.159380329,0.786637549,1.192762276,0.965999821,0.704102811,1.22799306,0.957970728,0.667125061,2.181578253,1.860512048,0.988757116,1.507871759,0.506328614,0.788430227,1.279781777,1.48874036,1.727375929,5.233843855,1.310381723,0.297021488,1.190573076,1.0068793,0.779687978,1.020313943,0.126,279,0,7.06165941,279.453571,1775.52254,1.04311878,0.06632233,0,0.79795,1.48129559,1.01373041,0.28311284,1.20631832,0.15716835,0.06195773,1.07257938,0.40961209,0.14764146,0.25755673,0.14604404,1.0768,0.51961772,0.83490844,0.0719957,0.07415316,0.09174441,0.2924515,0.73826593,0.6651132,0.13687698,0,0.031622,1.89619696,0.83469996,0.92066665,0.647314609,0.907013406,0.05368069,0.2305516,1.30515445,0.69200745,0.12433273,0,0.25909429,0.03880285,0.22454475,0.25133399,0.9656,0
HMN-214,S1485,121,1,0,0,0,1,5.491056852,2.138228177,1.254173267,4.614335696,2.30620405,1.308502024,10.50059335,3.143504287,1.321192927,3.832942316,1.3688888,1.516363394,6.427188872,2.066085624,0.965882257,9.09840617,0.989054769,1.290997385,4.466626806,2.63137808,1.04069176,2.645403377,2.014561028,1.172206833,0.566,1064,18.4158506,6.58384141,0,17295.782,3.68556419,0.23184925,16.3969173,2.3754,0.04256902,0.18519286,2.72099243,1.10307416,4.35437398,0.28046237,0.0039404,0.38116563,0.25384361,0.10902745,5.02887154,0,1.74947941,1.99927816,0.37600489,0.30215746,8.38398594,0.14114195,0.03160626,0.62736164,0.38158342,0,0.12207267,0.00670169,0.59427242,0.05118877,0.032577938,0,6.99071561,0.38167615,0.2337247,0.78743609,0.35276093,0,11.6834392,0.06966174,0.1539672,8.61595653,1.23225253,0
Amlodipine ,S1905,122,0,0,0,0,0,2.5194645,1.219618722,1.314487633,3.70323854,2.29705803,1.259919028,2.746934335,1.253437955,1.201900238,7.210584301,2.084827234,2.062860761,2.747575593,1.537783737,1.720462503,2.575218509,0.748945102,1.632424356,4.415268905,1.016095578,1.469989827,3.836772983,1.306821658,1.191135734,0.666,1248,0,1.71490331,1071.30135,4317.29536,0.70442868,0.08436859,2.3496148,1.71707,3.34322316,0.78396544,0.97837626,1.14864552,1.13411796,0.72422605,2.28210074,0.65741861,0.56383728,0.39368719,0.38070026,0.68704,1.61437198,0.97911134,0.24601294,1.13643464,1.7827318,0.56217256,1.90196535,0.84084756,0.7011505,1.20718525,0.26385016,0.54071052,0.84738527,0.85355547,0.406498034,0,1.44896579,1.53237809,6.50459945,1.44091279,0.91570398,0,0.17405839,0,0.99785796,0.46463902,0.60067841,0
BMS-777607,S1561,123,1,0,1,1,0,2.006385372,1.299651774,1.383574997,2.474208307,1.98116858,1.495430885,3.642009494,1.813541498,1.896542623,6.581466028,2.09623248,2.261201093,3.406146106,1.669763433,1.987704584,2.171105398,1.156381862,1.385132611,1.916480473,1.639094001,1.555103425,1.691682301,1.600489446,1.485687904,0.104,608,0.10661969,11.1424836,0,2002.42712,3.97306136,0.09607642,1.74827062,0.75774,0.36282856,0.8330603,0.60591343,0.68301512,1.30143917,0.73967924,0.59222205,0.41507291,0.41460368,0.14950906,0.40457306,1.73857,1.05521291,0.89883748,0.54175755,1.77834543,1.2882602,0.8159961,0.59617599,0.66088129,0.44679617,0.20515219,0.37458319,0.15122459,1.06807527,0.68819314,0.03057274,0,0.44468591,0.77349058,0.48675275,0.77434831,0.46874979,0,0.32660719,0.14300548,0.26684713,0.28304297,0.8349204,0
Doramapimod (BIRB 796),S1574,124,1,0,1,1,0,1.04596742,0.982352594,1.224929938,1.123889836,0.959769239,1.185887796,0.66159019,0.499191069,0.942728952,1.482219666,0.862262563,1.121502366,0.493779904,0.678095968,0.968569335,1.025809769,0.554201384,1.770638775,1.298297511,0.578860035,1.478467277,1.672920575,1.432364638,1.342566944,0.427,1028,6.93688258,2.00525193,67.9237711,1882.74105,1.09283384,0.00819294,0.86079911,0.05864,0.05307483,1.07553861,0.3566178,0.97998678,0.56918734,0.03839915,0.30800928,0.23221821,0.03649889,0.18723993,0.1431579,0.55228,0.26650165,0.52021069,0.22308411,1.79511512,0.36710706,0.32691431,0.28365478,0.46709937,0.03369434,0.55208798,1.32809668,0.07429682,0.94841063,0.36880971,0.063810607,0,0.89345824,0.35385832,0.41322487,0.63043242,0.05067451,0,1.23286407,0.00953551,0.21564898,0.28060477,1.18916694,0
Adiphenine HCl,S2082,125,1,0,1,0,0,1.129993107,1.899545535,1.20957719,1.217906163,1.449151648,1.070676692,1.553401899,1.365313056,1.844286091,1.039093926,0.842173776,1.25554889,1.460267351,1.543051432,1.036234834,1.023341902,0.986013237,1.116548375,1.321710671,1.853480461,1.307561885,1.545340838,1.790639339,1.224376731,0.427,862,0,2.44284861,214.950873,1228.25711,0.65347854,0.27716609,1.25855753,0.94604,0.95143861,1.03113404,0.83260031,1.56252171,0.96851929,0.97486791,1.2435362,0.82581628,0.77595917,0.30913115,0.19823843,0.89667,0.95127476,0.94516481,0.69376998,0.39607225,0.86297382,0.77492913,0.7269904,0.85523102,0.81736746,0,0.29470503,0.26164287,0.90790094,0.66556335,0.13416534,0,0.5196665,0.98763156,1.23768477,1.20683068,0.76059777,0,0.38055189,0,0.52317125,0.23585366,0.81279344,0
Diosmetin,S2380,126,1,0,0,0,1,1.251242608,1.191760609,1.108687706,1.422445501,1.290573737,1.007287449,1.633504747,1.072803753,1.78094484,1.40946549,1.119139821,1.495740852,1.426646278,0.977971459,1.236055696,2.141079692,0.83145201,1.253268584,1.487113321,1.047622998,1.289250593,1.737961226,1.472743958,1.256694367,0.181,2340,0.99256778,3.98383595,434.940734,11735.1464,0.61582733,0.33270406,3.27692562,2.05132,1.78281603,0.72751169,2.54799409,0.25638282,1.17648543,0.20735538,0.12370825,0.27381392,0.49504558,0.07068257,1.32033813,0.92919,1.335885,1.24439294,0.74204745,2.27114834,2.42330522,0.33183658,0.12329551,0.66216394,0.69159289,0.29223066,0.34071141,0.12091549,0.9680639,0.66395211,0.330815902,0,2.11417151,0.26067746,0.38639703,0.72989061,0.8332676,0,0.58352801,0,0.15409924,1.55271722,2.73566582,0
Terbinafine HCl ,S2557,127,1,0,0,0,1,1.212495011,1.128489642,1.314853174,1.466224096,1.455483508,1.169230769,1.693433544,1.146578224,1.487463711,1.621420702,1.035285338,1.610377924,1.166201352,1.101905948,0.989821676,1.195064267,0.826782616,1.128502055,1.26544356,1.27478636,1.242115972,1.414008755,1.173936984,1.08910434,0.147,917,0.58358901,2.92391165,345.083897,4554.95848,1.99019339,0.05821664,2.56277357,1.73967,0.95050977,0.95085089,1.55509694,0.55012556,0.38419782,0.6719162,0.26148481,0.82099304,0.73081884,0.06679349,1.04947919,0.55881,0.94335458,1.09308063,0.88789734,0.32414082,0.40595459,0.52828182,0.60212474,0.95787766,0.83951854,0.15446023,0.05210759,0.11484651,0.96106699,0.36859771,0.063856454,0,1.35019258,2.36805037,1.18712231,1.57139059,1.08943719,0,0.91073764,0.20992707,0.38722202,0.77112049,1.97856798,0
"Buparlisib (BKM120, NVP-BKM120)",S2247,128,1,0,0,0,1,2.692957951,1.1159771,1.092969416,3.902036422,1.343339235,0.874031232,7.315466772,1.169390066,1.701768277,6.417915813,1.2386357,1.532133573,2.323287131,0.723781247,0.589935673,9.56503856,0.819714267,1.321255136,4.446234698,0.626731934,1.415055951,2.323327079,1.261303151,1.064635272,0.11,968,0,19.9143056,199.308146,3037.59083,0.22357881,0.04116153,1.82291713,4.825,0.09816096,2.07957639,0.94660394,0.74511904,1.57616883,0.68357356,0.01940714,0.26677313,0.2969576,0.03352496,1.50382696,0.75365,0.22377611,0.74764804,0.15048031,0,1.59408693,0.45775928,0.16435516,0.49637313,0.26675956,0,0.11944999,0.04363675,0.5298684,0.53545497,0.01389233,0,1.38864391,1.00721556,0.5861841,0.54696013,0.33700298,0,0.24732605,0.50262179,0.58331469,0.42414414,0.96741995,0
Apigenin,S2262,129,1,0,0,0,1,1.121721148,1.083633359,1.113805288,0.944828205,0.735339986,0.91659919,1.730221519,1.13695195,1.672209026,2.983067923,0.77996334,1.00989802,0.845262171,0.897327842,0.870857422,1.043907455,0.764666824,0.959656332,0.997702741,0.438480046,1.082400814,1.218886804,1.104925054,1.217451524,0.136,1162,0,1.77321792,336.871144,1054.43566,0.35052477,0.13148951,0.10531973,0.9828,0.69364878,0.91632643,0.64529281,0.77241001,0.32006283,0.22223856,0.43403879,0.2858152,0.48590923,0.07104466,0.24109788,0.07367,0.01705289,0.19535404,0.08889654,0.01174555,0.66179382,0.33927572,0.25161921,0.56450928,0.59126918,0.25536431,0.16592555,0.12773576,0.96129791,0.77711382,0.30100087,2.330543213,0.51113135,0.37339781,0.59484815,0.6942315,0.76123481,0,1.21646712,0.00351035,0.11272183,0.25831515,0.6550862,0
"Omipalisib (GSK2126458, GSK458)",S2658,130,1,0,0,0,1,1.550339223,0.664109072,0.940538565,1.747196555,1.575929552,0.822672065,1.471518987,1.281750526,0.570599103,2.52600741,0.755467981,1.11968273,1.0433187,0.563930658,0.533018484,3.117943445,0.59031422,0.944714232,1.52185543,0.268066042,1.077653442,1.716072545,1.065279902,0.853185596,0.137,925,1.85263897,38.9833657,490.516489,4546.36999,0.61455657,0,5.99767575,5.02404,0.2889357,1.01014303,1.65186422,0.26234667,1.3592749,1.83510601,0.01494911,0.31408448,0.93270716,0.02702722,0.17019123,1.23168,0.48347358,0.56641599,0.08939216,0,3.15572291,6.6774092,0.4377232,0.6059065,1.13093464,0,0.01496559,0.00361794,0.30691431,0.08223974,0.009628345,0,4.96566469,2.74199182,0.50020866,0.61364289,1.03635749,0,0.2307481,1.8940714,0.3149525,0.76355796,0.57308383,0
Magnolol,S2321,131,1,0,0,0,1,1.113666872,0.898542171,1.261849641,1.089082264,0.995931194,1.139618276,1.087025316,1.198187995,1.849036685,1.184602279,0.789165301,1.330153969,0.591328368,1.146920793,1.099503298,1.022930591,0.497868786,1.254762794,1.080026434,0.612793495,1.171583588,1.342088806,1.402997859,1.235457064,1.063,7255,0,1.61063471,293.897023,2224.34946,1.48753313,0.13764981,3.15325602,1.54563,1.62599828,0.72225383,1.1530075,1.78870505,0.45506871,0.42036113,1.50349205,0.80625048,0.81491742,0.31027939,0,0.18344,0.19174247,0.54824655,0.25018865,0.01784683,0.45823105,0.3593277,0.74379974,0.84085985,0.88478699,0,0.09299811,0.05499215,0.87684881,0.54194932,0.063758648,0,1.1995515,0.65807225,1.3306091,1.28995507,0.86987149,0,0.06076957,0,0.15600251,0.38719478,0.5275092,0
Trametinib (GSK1120212),S2673,132,1,0,0,0,1,1.296085332,0.871864487,1.167174363,1.058939625,1.170690524,1.302949682,1.093552215,0.751172949,3.394563209,0.971033567,0.931860488,2.105925482,0.427603216,0.746575998,0.865971826,1.069614396,1.055197378,2.992155398,1.618151493,0.400896042,1.464564259,1.083176986,0.819333129,0.986149584,0.143,1015,6.49186533,1.09740635,53.6776331,1312.3025,2.24994127,1.03177437,0.7268643,0.7994,1.35041304,0.94496148,0.23495587,0.9650706,0.122334,0.06054443,1.33209518,0.34801595,0.17491447,0,0,0.40861,0.2755383,0.48999142,0.15394888,0,0.23248226,0.24299977,0.72810035,0.64385864,0.16420548,0.04079722,0.03041944,0.40556673,0.85621379,0.9150581,0.7459044,2.338081616,0.19053807,0.25908935,1.93679423,0.8506942,0.20891179,0,0.08924752,0,0.38202724,0.25502227,2.52723975,0
Rotenone (Barbasco),S2348,133,1,0,0,0,1,1.694445452,1.096618072,1.188375777,1.797434287,0.936411712,1.520416426,2.550534019,1.045623685,2.443916601,1.232420548,0.75313509,1.703179364,1.201124649,0.784024519,1.093640583,1.285758355,0.257887635,1.144938364,1.983698902,0.420310296,1.345879959,1.564727955,1.236341389,1.253000923,0.095,2224,19.7862196,0.63938917,88.190164,1875.49542,0.50500222,0,1.11159855,0,0.01919662,0.04302271,1.13856368,0.62284237,0.53643593,0.00565579,0.00342493,0.18475471,0.12267155,0,1.85628727,0,0.13784483,0.65181242,0.85996888,1.27563815,0.85209041,0.02752184,0.07853111,0.43297379,0.37655301,0,0.02511928,0.00166857,0.35199022,0.00226071,0.012920536,0,0.56564861,0.01610737,0.09355689,0.51690206,0.31868805,0,0.35797559,0,0.38561617,0.39745997,0.88224435,0
CAY10505,S2682,134,1,1,0,0,0,1.604977687,1.023431506,1.204094066,1.506055441,1.193907344,0.902255639,2.193928006,1.1258696,1.742412246,1.564361479,0.872501364,1.412644138,1.744033937,1.241835073,1.259262275,1.791053985,1.184740934,1.462084423,2.041098908,0.60117813,1.314343845,1.883677298,0.90229428,0.953831948,0.319,2585,1.20628417,1.95935133,93.1408638,1305.6162,1.71142984,0.00221316,0.36877252,0.87329,0.84394512,0.9225045,0.44709439,1.03724948,0.39289114,0.51386702,1.07406044,0.51709763,0.60934917,0.16445602,0.0118272,0.88249,0.41435487,0.60177578,0.36145128,0.10571153,0.60196949,0.67690442,1.66375148,0.73730236,0.9020285,0,0.39171358,0.35714658,0.85957352,0.88142252,653.4380378,1.927863174,0.73048561,0.83307163,2.05951796,0.95229801,0.62331468,0,0.33461197,0,0.24395091,0.19822425,0.51734679,0
Lapatinib,S2111,135,0,0,0,0,0,9.755033922,1.011391135,1.140489826,15.31246075,1.294654269,1.211336032,12.16762263,1.150137518,1.499076273,8.331673357,1.193014714,1.56124775,7.109909732,1.009864955,1.101213256,9.961953728,0.658341723,1.11131864,20.93514177,1.363395005,1.212614446,19.70731707,1.343530132,1.183748846,0.193,1817,0,1.21991126,27.1003686,5498.2749,1.71096059,0,8.04454052,2.29529,23.3111756,2.47226472,3.51452555,4.0511338,1.80219244,0.98520608,6.96362243,0.86075209,0.95527515,2.63148038,0.67738167,0.22025,2.0620706,3.68868199,1.83249133,1010.88392,3.0936255,1.93609045,2928.96073,2.22449889,1.28642304,18.1531283,0.47869419,0.22148406,0.80845518,0.7839409,0.597444089,0.844966848,22.4757015,8.8870552,817.57302,1.96714347,2.17662942,312.670804,0.22570447,0,1.11586235,4.68031639,0.35461917,0
Hexestrol,S2473,136,1,0,0,0,1,1.138047382,0.995573393,1.122578287,1.085135014,1.169705569,0.968883748,1.488132911,1.261041903,1.918184217,8.578392158,0.964780177,1.483609945,0.545750506,0.610286371,0.625111962,0.930179949,0.686572279,1.051550243,1.159329074,0.851240355,1.424550695,1.005003127,0.939736923,0.922437673,0.393,11432,5.87268292,0.39217308,444.712611,1440.73486,0.43670812,0.3200479,0.09364136,1.13066,1.43794187,1.08766645,1.90999031,1.59750916,0.60307205,0.89154694,1.65638755,0.83071822,0.86174616,0.11778786,0.27480034,0.56363,0.72935015,0.6595308,0.16237222,0.57680871,0.56417532,0.53956576,1.22773436,0.84910514,0.72618993,0,0.17674832,0.13181497,0.86179075,0.83846164,0.151774763,0,0.67670077,1.15118563,1.24659636,1.19095675,0.72549887,0,0.24578522,0.02109699,0,0.34777283,1.03854536,0
Maprotiline HCl,S2517,137,0,0,0,0,0,1.322642673,1.049637018,1.178506153,1.31945815,1.350233927,1.238172354,1.453718354,1.264843876,2.257587754,1.234620775,1.278165248,1.449036859,0.992295171,1.219327651,1.033059197,1.39496144,0.913016471,1.64213672,1.309626459,0.720069692,1.381824347,1.313946216,1.158519425,1.186980609,0.351,1446,1.13229809,0.46154261,150.821148,1421.41498,0.44638204,0.03271173,1.27244545,1.42781,0.86566469,0.89798128,0.51042296,1.09183617,1.18340217,0.62429447,1.95364666,0.71899299,0.54654691,0.19693208,0.14173547,0.47797,0.63950148,0.64335263,0.21699125,0.19963405,1.2217902,0.44972447,0.91474684,0.76953712,0.70835133,0,0.1559469,0.30824566,0.95878053,0.80031545,0.333801754,0,0.99708566,1.00799479,1.94727142,1.20286441,0.76085224,0,0.25248842,0,0.03991821,0.23466987,1.0350469,0
(-)-Parthenolide,S2341,138,1,0,0,0,1,1.114755288,0.741309095,1.086755209,0.860141742,0.303507147,1.00821284,1.099189082,0.319042226,2.169437846,0.884637982,0.709328575,1.379284143,0.301997731,0.208504932,0.618027848,1.110539846,0.148349648,1.58946582,1.103439595,0.229486435,1.425228891,1.096310194,0.87366167,0.934441367,0.157,1215,0,0.97549933,93.5311101,821.527514,0.39531238,0.07940353,0.30333711,0,0.04843098,0.83389765,0.01256841,0.61333409,0,0.00050863,0.01617238,0.23964127,0.00743316,0.06149753,0,0,0.02135787,0.11902437,0.16146144,0,0,0,0.03358608,0.08880945,0.03705686,0.31070682,0.00202088,0.00018417,0.24640157,0.000056674,0.001993988,0,0,0.00654787,0.117215,0.57834513,0.02094099,0,0.32677153,0,0.05112181,0.15186748,0.77064769,0
CHIR-124,S2683,139,0,0,0,0,0,1.256467003,0.472407484,1.236261728,1.747555396,0.413118675,1.50746096,1.800237342,0.188642614,2.085510689,1.20176405,0.254285157,1.18761581,0.651112317,0.26577914,1.010829737,1.21377892,0.099385268,1.281658573,2.263523932,0.177881025,1.472702611,2.517198249,1.38684613,1.104339797,0.156,914,0,0.56340413,267.743974,1705.9136,0.62207682,0.06193647,0.01046531,0,0.02532009,0.86073995,0.00502166,1.67014433,0.03375471,0.00033367,0.00077162,0.0094085,0.00811807,0.01275603,0.14564554,0,0.01388963,0.1775132,0.26863096,0,0.64715365,0,0.01392882,0.05639229,0.10241549,0,0.00306419,0.00010891,0.11143228,0.00491712,0.002812255,0,0.22672476,0.00185487,0.02162203,0.04114263,0.04264634,0,0.95408976,0.01746387,0,0.30107535,0.71100795,0
KW-2449,S2158,140,0,0,0,0,0,2.167035519,1.31358083,1.285244304,3.759935409,1.618704783,1.283979179,6.931269778,2.087202718,2.095011876,4.808376337,0.878333592,1.537592482,1.346855423,0.565367302,0.611432294,3.285552699,0.566281834,1.589092267,2.435723951,0.789678918,1.338758901,2.829893684,1.299479963,1.122807018,0.139,1566,0,1.60065812,144.003574,667.394121,3.52715439,0.2918977,0.78681107,0.20412,0.02296798,0.68226196,0.59019457,0.97125562,2.31888676,0.01810037,0.00313613,0.20385696,0.14872567,0,0.29458642,0.32666,0.01862938,0.28300485,0.1508651,0.02819248,1.58748964,0.06878852,0.0785519,0.50869718,0.14539841,0.26003221,0.0216421,0.00465248,0.46068761,0,0.010592164,0,3.90121315,0.0888504,0,0.54467243,0.3286395,0,0.02239774,0,0,0.16111356,0.57953573,0
Imatinib (STI571),S2475,141,0,0,0,0,0,1.599317926,1.544236558,1.758986231,1.971113304,1.765041098,0.910584153,1.457871835,1.385698107,0.777513856,2.959598833,0.975407793,1.23856562,1.047935678,0.811033426,0.737236381,1.790848329,0.514018892,1.53081808,1.295654089,1.540031527,1.11190234,1.096310194,1.036647293,0.951985226,0.096,107,3.09643558,46.9735968,1987.1419,9704.92995,1.4886931,0.61865919,3.29412694,2.0731,1.97242425,0.64101062,1.87084324,1.28575581,1.74320485,1.43979055,3.63239419,0.7128898,0.75477836,1.16375704,4.75098173,10.7744,2.23461549,1.97067239,1.34306346,43.440233,6.52786002,9.72415438,1294.61493,1.27307362,1.56280791,11.5557947,0.67123473,0.07938311,1.05617485,0.50349638,0.036054912,0,12.1309413,4.80456294,367.18214,1.9053304,1.45857646,57.7995238,0.71755434,1.09259766,0.93095222,0.85123122,0.63521605,0
Nitrendipine,S2491,142,1,0,0,0,1,1.216195625,1.020834563,1.249055684,1.048174397,0.944291359,0.970734529,1.701443829,0.949441838,1.601477963,1.257356455,0.786832409,0.921948944,0.831411237,0.723398142,0.982981842,1.446375321,0.931565532,1.443033246,1.204644869,0.540778229,1.459477789,1.130081301,0.864851637,1.117266851,0.15,4269,0,2.42361165,219.155991,1598.13712,3.67987144,0.10387011,1.65978508,1.20359,1.11779602,0.6854727,1.0535193,0.70841643,0.45013132,0.54819998,0.98707257,0.72256161,0.63237073,0.3087778,0.16089742,1.0704,0.97140434,0.98238431,0.66435446,0.86556973,0.93506007,1.05057869,1.68598878,0.92721133,1.02050296,1.51346717,0.319309,0.24945453,0.9044144,0.77631444,0.130373004,0,0.6498643,1.25508034,1.4412743,1.14958297,0.74848257,0,0.29397834,0.03290818,0.22593825,0.31407735,0.58070497,0
BMS-794833,S2201,143,0,0,0,0,0,1.00068933,0.947175825,1.164615572,1.048533238,1.151976361,1.0313476,0.880241297,0.517958259,1.6067564,1.165533644,0.703496346,1.361694328,0.393982144,0.639977014,0.616562169,1.204935733,0.365712083,1.734404184,0.956540894,0.249979258,0.953204476,1.212007505,1.155582747,1.013388735,0.113,1423,0.74781701,20.4878546,10.7746383,3702.36717,0.87519107,0.00245849,0.52462753,0.10047,0.026713,2.04269685,0.16086549,0.41547878,0.10166688,0.02631808,0.06440983,0.20544857,0.01382752,0.11355169,0.19259627,1.61687,0.68073308,0.95774917,0.20610189,1.60697101,0.46608244,0.47664583,0.06232218,0.47868456,0.06787073,0.15041895,0.04925606,0.01623684,0.58605415,0.10748309,0.010374821,0,0.15041951,0.14831235,0.26833692,0.59685105,0.02896086,0,0.14968591,0.39771721,0.37275948,0.66644231,1.1691143,0
Propafenone HCl,S2500,144,1,0,0,0,1,1.345281718,1.15988904,1.190203485,0.914685566,0.859866562,1.018854829,2.072883703,1.480342987,2.358933756,0.926442297,0.729158151,0.955915484,1.005080649,1.169715544,1.06310561,1.362262211,0.520873048,1.604781472,1.20728829,0.607234713,1.14750763,1.145716073,1.115203426,1.081255771,0.095,572,0,2.44317396,811.05075,2378.01502,0.32503029,0.01485109,1.00298055,1.10918,1.35095259,0.60560432,0.99293385,1.27379263,0.8233558,0.58359765,3.32339777,0.82152691,0.57266631,0.53501303,0.53701698,0.91348,1.5119542,1.03386924,0.5985554,0.42442829,0.74458796,0.64292245,2.07212403,0.83288502,0.75716816,0.41344631,0.198668,0.28865926,0.89248159,0.69904068,0.119581128,0,0.48616553,1.05548515,1.79352838,1.1491047,0.81883199,0,0.05629948,0.03674042,0.21831315,0.26579806,2.6277415,0
(-)-Epigallocatechin Gallate,S2250,145,1,0,0,0,1,1.05641621,1.078203388,1.172291946,1.101641697,1.18926398,0.844881434,1.85897943,1.13298819,1.58564265,1.247382092,1.044746508,1.598853563,0.657860208,0.637678383,0.637325951,1.484215938,1.055968471,1.456481136,1.092865909,1.039990044,1.219735504,1.07942464,1.171000306,1.027700831,0.122,763,2.55136978,0.76825597,76.5674256,1015.64182,0,0,0.95834275,0.79478,0.61055419,0.01760583,0.93969495,0.15581592,0.97900577,0.62336322,0.98730683,0.82471311,0.80967546,0.17887497,0.46868768,0.37699,0.47008857,0.81765503,0.731905,0.21007813,1.15759595,0.63724754,0.73251485,0.83471419,0.90471511,0.3497681,0.58210501,0.31064495,0.81199132,0.77310788,0.329892041,0,0.70691658,0.63975933,1.10225742,1.06818537,0.84132476,0,0.14768806,0.03416642,0.25955437,0.22722831,0.01953734,0
TAK-733,S2617,146,1,0,1,0,0,1.234045641,0.818036947,1.151090532,1.024849735,0.631356777,1.17108155,0.804885285,0.415952111,1.468989179,1.592231022,1.11680693,1.659508098,0.51319489,0.614787856,1.067746926,1.403598972,1.330563112,3.931639895,1.568681751,0.366464781,1.251610715,1.442151345,1.115203426,1.125577101,0.126,1080,0.29069253,0.8132403,407.606486,1407.30563,2.13512959,0.0167124,0.11755885,0.52211,1.34498307,0.96844378,0.06800666,0.78703915,0.04570327,0.04152308,1.67954958,0.33397584,0.10647238,0.0429665,0.46162904,0.67408,0.61351444,0.70884098,0.09009043,0.01548317,0.14839583,0.38251003,0.74818359,0.59917338,0.02479086,0.10439361,0.00503379,0.16824112,0.86019875,0.91396277,0.119774731,0.529447215,0,0.30736693,2.45274788,0.76411787,0.07971771,0,1.43342698,0.00082043,0,0.26630905,0.55376861,0
Artesunate,S2265,147,1,1,1,1,0,1.092769292,1.132739184,1.400024369,1.281062169,1.062345368,1.234470792,0.874011076,0.664617376,1.168118237,1.546026253,0.97022359,2.569326135,0.729364179,0.758931137,0.756778764,1.304678663,0.613446998,1.901382144,1.215596186,0.360574131,1.274669379,1.276422764,1.436035485,1.158818098,0.097,544,0,3.48700372,106.31713,1948.69205,0.29653922,0.048072,0.436687,0.38863,1.25315626,1.93559376,1.26450947,2.19000439,0.82285059,1.16482032,0.76951728,0.74368104,0.82165944,0.31284558,0.23827822,0.63405,1.1408977,0.9497678,0.37737606,5.47541155,0.9622175,1.09865885,0.97889805,0.86236955,1.01398841,0.58464815,0.19236224,0.241875,0.81275312,0.80830978,610.1334995,9.35380025,0.41267097,0.94420321,0.87274816,1.1508429,0.78992557,0,0.17832313,0,0.36204455,0.27433543,1.10270364,0
KW-2478,S2685,148,1,0,0,0,1,1.362261002,0.923095084,1.07798221,1.183816273,1.074446255,1.107692308,1.72695807,1.201342825,1.294272895,1.291533317,0.83180537,1.574591748,1.208819612,1.051431855,0.810276036,1.551876607,0.618073554,1.283899888,1.651005444,0.565004563,1.06103764,1.158849281,1.02636892,1.016620499,0.115,917,2.82119259,0.48779005,87.015708,1177.21634,0,0.05524482,0.03379253,0.17797,0.5078149,1.07696985,0.32650956,0.61202161,0.15202296,0.01698586,0.1661379,0.35875102,0.46349118,0.02273274,0.000028655,0.43163,0.32231276,0.60812391,0.45965248,0,0.098697,0.42050397,0.29107667,0.72567486,0.62045899,0,0.00168642,0.00497448,0.51310479,0.53530918,0.020469516,0,0.21612058,0.05625792,0.59292442,0.76603077,0.72623008,0,0.50732243,0.004598,0.04466823,0.2730638,1.41448165,0
Roflumilast ,S2131,149,1,0,0,0,1,1.055980844,1.037124476,1.105397831,0.853323764,0.761933797,0.947599769,2.65585443,1.342663,2.468725257,1.333630995,1.093218806,1.334399787,0.864085237,0.733167321,0.73870206,1.124113111,0.889026924,1.258498319,1.04868301,0.701236207,1.274330281,1.126954346,1.030773937,1.049399815,0.133,1599,3.49971305,3.57408339,92.7838753,2203.74834,1.68827545,0.14845214,2.24412491,1.33581,0.57378953,0.68224371,1.00238642,1.3938053,0.66337508,0.90427411,0.7555262,0.790204,0.55764443,0.22084955,0.37189883,0.29996,0.1994012,0.52815284,0.16148723,0.14778073,0.56145517,0.51711155,0.36563099,0.80301273,0.84033421,0.61021568,0.25240626,0.15490481,0.91604651,0.84576121,0.101268989,0,1.71757778,0.80071208,0.92516568,1.17381896,0.75775207,0,0.27399843,0,0.37648727,0.26093822,0.21514872,0
Almorexant HCl,S2160,150,1,0,0,0,1,0.98958749,0.823230833,1.049104423,0.866242038,0.741531138,0.915211105,1.500593354,1.065927843,1.927685405,0.867769574,0.7278621,0.950456575,0.543146056,0.620438655,0.791710773,1.103341902,0.740634438,1.632424356,1.181231708,0.777814652,1.690742625,1.067542214,0.880269195,1.090027701,0.129,1788,0,0.8164397,124.612901,1583.33215,0.37170701,0,0,0.2039,0.37693054,1.56127409,0.48591859,0.97040072,0.24149401,0.32595771,6.80377284,0.7024973,0.6974213,0.68956876,0.07771682,0.52325,0.42514377,0.50346463,0.14839973,0.0167173,0.16102139,0.53385505,1648.14505,0.90039317,0.66748162,2.20020233,0.00567624,0.03153148,0.93051652,0.68908623,0.066839143,0,0.08956276,0.47827696,1.22290319,1.00101727,0.5864733,0,0.29059313,0,0.47339723,0.24300199,0.38610017,0
Clozapine ,S2459,151,1,0,0,0,1,1.167216921,0.930177654,1.024247594,0.888849018,1.081903779,0.948987854,0.985561709,0.977916195,1.047242016,1.135610555,1.01364129,1.919109511,0.458974991,0.746097117,0.66028825,1.190128535,1.016771264,1.544639522,1.42858042,0.748112503,1.855544252,1.125703565,1.093912511,1.054478301,0.137,1930,0,0.86566356,546.44443,1299.80005,0.06568955,0,1.90305467,1.63218,4.31562337,1.06578437,0.68267292,2.09875814,0.74134908,0.5335445,3.88806722,0.75366874,0.59683803,0.2506242,0.03012814,0.53022,0.92640618,0.60612256,1.02120244,0.35131446,0.35586055,0.40367179,2.44873094,0.78877772,0.62246524,0.57559907,0.15047361,0.26745002,0.84076131,0.83460773,0.316936364,0,0.21197077,0.82377103,364.620614,1.19452978,0.61735038,0,0.33621441,0,0.15375395,0.25192723,1.4770287,0
Manidipine,S2481,152,1,0,0,0,1,0.90599717,0.761848551,1.024978677,1.012649143,0.834961247,1.092886061,0.940466772,0.704983012,1.294272895,0.915587843,0.818067232,1.080257282,0.958318946,0.80375443,1.07434248,0.894395887,0.479276886,1.218901756,1.081536961,0.558782046,1.254323499,1.148843027,1.037381462,1.15143121,0.232,853,0,0.15733786,129.003597,1828.64635,1.11903397,0.0753343,0.04881194,1.17327,0.12135527,2.10804945,1.18483466,0.30980756,0.3214661,0.97890517,0.37247715,0.61109953,0.59498089,0.32962675,0.08359006,0.53044,0.09733144,0.49225134,1.11318883,0,0.52389798,0.39662219,0.5839286,0.76508148,0.86945523,0.15141202,0.03093236,0.08097628,0.93811912,0.63281889,0.098862697,0,0.99044285,1.37667153,0.72843464,1.13834896,0.91535558,0,0.37372708,0,0.07567157,0.26222136,0.67158648,0
"4-Demethylepipodophyllotoxin(NSC-122819,VM-26)",S2254,153,1,0,0,0,1,5.161919965,2.248716284,1.153649324,5.510361532,2.617731553,0.934181608,1.596420095,0.935690018,0.854051201,3.941633536,1.453780124,1.394447777,2.814344202,1.283593526,0.552072307,9.540771208,1.07708784,1.317519612,9.549926047,2.9157886,1.147168532,2.946841776,2.049066993,1.142197599,0.124,936,11.1770164,4.0345312,0,17349.6721,1.15333877,0.25603187,14.8866446,1.81283,0.04996058,0.17409437,2.71724608,1.57541487,4.01083532,0.2182854,0.00468737,0.36848682,0.20439662,0.08340041,17.578673,0.03611,1.42987789,2.2380965,1.2548347,0.90896891,9.8540506,0.11720302,0.00180936,0.62674575,0.27531117,0.74772967,0.16035491,0.00578613,0.56031415,0.01328646,0.011483581,0,11.1798329,0.4405667,0.17506583,0.8744146,0.38217545,0,7.69269585,0.74461592,0.65540634,6.95365237,1.96124375,0
Tubastatin A HCl,S2627,154,1,0,0,0,1,1.014185684,0.720769639,1.008163763,0.98465955,0.742938217,1.005436669,1.362935127,0.791295907,1.57719715,3.065796462,0.860836907,1.106945278,0.60423223,0.490278709,0.796107809,1.113624679,0.614560799,1.515875981,1.442175158,0.404546586,1.298067141,1.170106316,0.977179566,1.116805171,0.129,927,0.39012134,2.15035539,150.333228,1979.24217,1.02253883,0.09736052,0.99906151,0.25675,8.872773,0.79286568,0.65495453,1.23410923,0.51927047,0.25469895,0.8841452,0.66853289,0.48192652,0.12914517,0.6214037,0.10478,0.60992739,0.6531303,0.50734776,0.0554633,0.44398971,0.05132292,0.5764836,0.60801943,0.34325314,0.62600886,0.05684042,0.0997545,0.87739104,0.67410884,0.08735288,0,1.36244425,0.28025205,0.92550339,0.9463683,0.37823117,0,0.19898487,0,0.16017352,0.1583206,0.13711497,0
Conivaptan HCl ,S2116,155,1,0,0,0,1,1.049232667,1.055775246,1.092969416,0.988247959,0.965819683,0.940659341,1.03659019,0.727633069,1.271575614,1.097473285,0.772057431,1.490888489,0.553563853,0.672732497,0.747740412,1.467557841,1.369845996,1.339932761,1.000346162,0.720235626,0.935232282,1.06504065,0.908167635,1.109879963,0.139,1525,0,4.74066411,274.048761,2643.28074,0.30322444,0.07430381,0.96015987,1.32192,0.90155049,0.08669928,0.63420645,1.0478402,0.37519555,0.80370485,0.57418685,0.90298483,0.40600306,0.007762,1.16606772,0.17754,0.56387021,0.60986328,0.32879992,0.71384689,0.27483183,0.40417998,0.6135212,0.90130273,0.70757409,0.12375222,0.25174067,0.61015026,0.86184069,0.88805695,0.739572888,5.096775485,0.31884286,1.20277264,0.98543945,1.45714457,0.62597116,0,0.17910013,0,0.09283594,0.22433614,0.66794169,0
AZD8330,S2134,156,1,0,0,0,1,1.003083844,0.676857699,1.172657488,0.919709339,0.748988661,1.192365529,1.050534019,0.705063906,2.732119293,0.867769574,0.677834541,0.997160568,0.399072658,0.608466622,1.101213256,1.256760925,1.420309722,4.006723945,1.215218554,0.413009209,1.12885724,1.094434021,0.975711227,1.055401662,0.159,1401,0.29220635,15.2885373,416.401252,3570.39483,1.61918993,0.1430317,0.3038386,0.9862,2.05582712,1.01751632,0.35630323,1.34594674,0.23225802,0.06669414,1.20425571,0.39299208,0.17198988,0.01810099,0.12953459,0.21245,0.2467182,0.52257695,0.05056968,0.01843853,0.13960354,0.26121819,0.84276683,0.66612955,0.17076451,0,0.03236837,0.32989135,0.84091443,0.90710213,0.541178412,0.031719943,0.11054126,0.24694645,1.41170498,0.8009563,0.16860533,0,0.19325738,0.00620216,0.77348793,0.25972691,0.87342543,0
RAF265 (CHIR-265),S2161,157,1,0,0,0,1,0.848964191,0.696452812,0.978920434,0.778684848,0.661890412,1.011451706,0.59335443,0.326403495,1.081551861,0.761278582,0.535398564,1.365940145,0.34864105,0.419595824,0.657112613,0.865809769,0.507207574,1.286141203,0.96711458,0.27105285,1.115632418,1.12195122,0.831079841,1.006925208,0.391,2185,0,1.16808593,61.4963517,1006.6873,0.9648136,0,0.24664502,0.1626,0.26309602,0.57509565,0.51744414,0.7526714,0.18626838,0.01570355,0.31863525,0.21021745,0.0821784,0.17994927,0.10169051,0.23129,0.08821746,0.2921667,0,0.02816212,0.53720033,0.15558069,0.30071591,0.50832858,0.19109471,0,0.00869012,0.00700425,0.46729836,0.18055536,0.003350678,0,0.04896527,0.08248293,0.37107765,0.60643806,0.11910522,0,0.27493394,0.14386828,0.15642852,0.40268834,0.39910873,0
AST-1306,S2185,158,1,1,0,0,0,1.26321518,0.830077318,1.012550262,1.450076254,0.857333818,1.000347021,1.057357595,0.62400906,1.027183954,0.938470205,0.594757688,0.852196227,0.647442411,0.492481563,0.644165785,1.348894602,1.072375608,1.336944341,1.539226485,0.684145026,1.316378433,1.644777986,0.912572652,1.15143121,0.122,1829,0.87211403,2.62991247,463.351632,2288.40781,0.4376159,0.0343891,1.43907868,0.48756,0.74310401,0.93668085,1.15521476,1.08520171,0.92129232,0.36597702,1.45663164,0.65722113,0.67026665,0.57251599,0.96634101,0.06748,1.95838376,1.04920569,0.91456536,2.90615735,3.03298098,0.64429563,1.88267211,0.88867321,1.07790138,0,0.6558387,0.61163524,0.84545249,0.86811669,0.350906389,1.399314754,1.80035562,0.42004154,1.47666416,0.99633798,0.90736655,0,0.28159352,0,0.2879647,0.2507696,0.74079299,0
Manidipine 2HCl,S2482,159,1,0,0,0,1,0.893153866,0.900194771,1.176312904,0.815645465,0.534831092,0.976286871,0.912282437,0.844604433,1.264185801,1.029559608,0.687684527,0.977144571,0.531544419,0.611244134,0.834215455,0.963290488,0.547090196,1.674262234,0.963338264,0.36729445,1.01525941,1.303314572,1.058672377,1.243767313,0.102,872,0,17.6458276,1084.73549,12864.2258,2.18374186,0.196623,0,0.95531,0.11269463,0.04119854,1.29591429,2.45879863,0.46775714,0.91686413,0.30657145,0.68921786,0.71057351,0.17406505,1.0539947,1.09847,0.70875497,1.0946503,2.09373395,0.18219245,0.74936245,0.4614413,0.58145371,0.85047825,1.10423146,0,0.02458263,0.0638601,1.02053784,0.65982379,0.076972284,0,0.81284926,1.15581653,0.68600524,1.20215498,0.99868446,0,0.42740327,0,0.24844474,0.46480479,0.66284461,0
Lexibulin (CYT997),S2195,160,1,0,0,0,1,3.694518013,1.537390073,1.056415255,5.343500493,2.164792514,1.184037016,2.402788766,1.264196732,1.127474268,1.985338267,0.948709148,1.104519096,1.160400533,0.699454075,0.587492875,3.138920308,0.693040889,1.012327232,2.783900305,1.389529578,0.811122414,2.05003127,1.615907005,1.205909511,0.108,1395,13.3708422,5.15707504,251.507823,19399.8484,0.33813212,0.2813742,6.17132033,1.42829,0.27195455,1.03780647,2.211861,0.96119589,3.31476417,0.16084903,0.022623,0.51904893,0.20777457,0.13947516,4.66841708,0.00884,1.80434407,3.76315676,0.4772184,3.8796271,5.64668149,0.05336533,0.0338547,0.61909836,0.23677274,0.25365429,0.1362568,0.00272894,0.54453004,0.00830811,0.007456417,0,8.39929663,0.50709316,0.42497418,1.11485425,0.34881701,0,3.15621587,0.25953663,0,8.42443112,0.40476209,0
OSI-420,S2205,161,1,0,0,0,1,1.246453579,1.032638848,1.403314244,1.741096259,1.592392388,1.34551764,1.67681962,1.198268889,1.339139615,1.827948687,0.860318487,1.020815837,2.105223697,1.075375922,1.467877209,1.24874036,0.912159702,1.091520359,1.084558014,0.47847009,1.184130214,1.326454034,1.127684307,1.148199446,0.13,1731,0,5.06485678,254.443092,2090.24126,1.79600505,0.39164121,0.63703015,0.52584,0.36383297,0.72108103,1.11518279,1.02340451,1.59876211,0.8187377,0.18142153,0.46685441,0.61115549,0.17915625,0.05072146,0.63072,0.66750535,0.80032889,0.08319967,0.0873582,1.42033502,0.38992071,0.17197522,0.72405894,0.50909357,0.80951234,0.37901984,14.5262732,0.93492394,0.87832911,0.383305699,0,1.26486502,1.02111208,0.49054628,0.89360285,0.57985091,0,1.23881174,0.29060739,0,0.33661374,0.40621542,0
UK 383367,S2224,162,1,0,1,0,0,1.565141675,1.231423007,1.246131351,1.949941688,1.605759647,1.295546559,2.069620253,1.236693092,1.49854843,1.626261202,1.237469254,1.470872492,1.487614068,0.928646681,1.145916456,1.251413882,0.895109988,1.518490848,1.398747522,0.873226583,1.355374703,1.392120075,1.042520649,1.092336103,0.117,1697,0,31.8652016,0,1742.98017,2.64876707,0.01463153,4.00715994,0.71546,1.25502807,1.61515085,1.59678286,0.80432218,1.72837204,0.99475398,0.33248406,0.79967186,0.88335922,0.53220702,0.30030025,0.40517,0.95509168,0.91182106,0.71035259,0.69386769,0.87063781,0.61943213,0.29162639,0.85494427,0.80713291,0.50371447,9.36451973,0.24802459,0.92628713,0.68917757,0.116394543,0,1.38764239,0.47151129,0.57320191,1.06802594,0.54458474,0,0.66299267,0.01568103,0.24968425,0.30043548,0.17963202,0
Ibrutinib (PCI-32765),S2680,163,1,0,0,0,1,1.279323731,0.994156879,1.182161569,1.766932807,1.335600295,1.128513592,1.128856804,0.814026856,1.054631829,1.650610382,1.039821515,1.473905219,1.42700143,1.208409156,0.86206335,0.844421594,0.384689528,0.836757564,1.263555402,0.92541276,1.001356392,1.351469669,1.192291221,1.115420129,0.121,1269,1.39689704,15.0651359,233.970364,948.422555,0.50664885,0.12211826,10.69124,1.16958,0.44048728,0.91665652,2.26524936,1.32782836,1.44112236,0.38758191,0.86884491,0.798654,0.90173346,0.24546978,0.6962758,0.81576,1.94258493,0.9359674,0.54754111,4.78134667,0.92675639,0.70210219,1.22404378,0.73904379,0.85575211,0.89106736,0.13484523,0.03118041,1.01651749,0.70095734,0.056621396,0,4.71180176,0.43174405,1.43267545,1.66242897,1.1194871,0,0.49067515,0.19543916,0.09755522,0.23578244,0.53020035,1.1185091
A-966492,S2197,164,1,0,0,1,0,1.631752712,1.530779673,1.515169977,2.152327981,2.024928767,1.371891267,1.868473101,1.613250283,1.295856426,1.57902966,1.235136363,1.316809971,1.394564199,1.179963605,0.88404853,1.043907455,0.920855913,0.788195742,1.431601473,1.676346138,1.033570702,1.376485303,1.013888039,1.149584488,0.129,1961,0,0.79602034,92.1573962,1173.21638,0,0.21834113,0.30293922,1.84558,0.36093155,0.7521601,0.67408109,0.67698945,0.59282222,0.80939567,1.29296887,0.67412902,0.78898225,0.23063676,0.10521258,0.83557,0.18662977,0.75585332,0.1607414,0.01753806,0.38111988,0.6763706,0.36878138,0.73607336,0.96773946,0.56489056,0.09223229,0.6043398,0.93682012,0.84452001,0.195322504,0,0.64649475,1.53042298,0.88473599,0.93258016,0.90401774,0,0.19517871,0.14104628,0.10084827,0.41578169,0.57146929,0
PIK-293,S2207,165,1,0,0,0,1,1.301309727,1.022723249,1.303521384,1.349241949,1.231757795,1.097513013,1.11224288,0.837971202,1.093164423,1.581963296,1.133525984,1.169419449,0.877344251,0.933627047,0.826642782,1.179434447,0.909246685,1.130369817,1.194448815,1.348875799,0.91353001,1.200750469,0.997736311,1.015235457,0.127,1674,12.2272362,1.75397739,124.464069,1003.60376,0.12428584,0.0216678,0.4824715,0.77603,0.62375054,0.25805133,0.61134993,1.02534017,0.8286503,0.88999714,1.0943519,0.72694976,0.5826914,0.10777228,0.12952882,0.82698,0.26021037,0.77159074,0.56765032,0.04492417,0.91615849,0.711801,0.51336293,0.78287562,0.66909804,1.22711165,0.49695477,0.5767253,0.86303822,0.89028456,0.29161923,0,0.32775981,0.76197266,1.20520014,0.86831615,0.67269582,0,0.54795858,0.01823206,0.41440163,0.23384457,1.47299378,0
Colchicine,S2284,166,1,0,0,0,1,6.063781156,3.327391843,1.439502863,7.697497084,3.946577864,0.937883169,4.044600475,2.473143504,0.903668514,2.648926765,1.448207106,1.153042725,2.055975929,1.314337707,0.596286947,6.498303342,1.096922055,0.861412028,3.592031973,2.537874388,0.576805697,2.21575985,2.068889569,1.280240074,0.35,767,40.799481,7.36497571,323.950788,23037.8357,2.44972897,0.04716672,17.2065713,2.94955,0.09251312,0.46826966,3.88738001,1.05821561,5.2239678,0.40755866,0.01153767,0.41853006,0.30369848,0.21983801,47.0858941,0.29403,2.00434315,3.45758261,1.75126381,1.67746836,13.3904557,0.29609964,0,0.66338807,0.4610261,0.07599981,0.17413495,0.0083708,0.61172238,0.01527071,0.021579747,0,14.4742149,0.93345773,0.29810857,1.07455886,0.49919534,0,30.7383066,0.57697989,0.19920131,13.0337992,1.84672691,0
Luteolin,S2320,167,1,0,1,1,0,1.615426478,1.603494068,1.339344462,3.483627882,1.752658795,1.451012146,2.583168513,0.889580974,1.342834521,2.1568093,1.129767437,1.164567087,0.867044838,0.629920506,0.675677876,0.979537275,0.575063722,0.713485245,1.436133052,0.66373517,1.20176331,1.45340838,1.354542674,1.241920591,0.091,676,0,1.51467069,30.607766,1157.0833,0,0.09230959,1.77763181,2.28632,0.27493555,0.8987333,1.2865735,0.36775948,1.06095978,0.45716617,0.1066158,0.3602081,0.98509539,0.08064944,1.24842947,0.65269,0.39212372,0.53361449,0.87955327,0.00204736,0.82877894,0.32812361,0.18698615,0.63276662,0.77954106,0.4287266,0.32771158,0.04561713,0.84343735,0.48249968,1.203212711,0,1.34067666,0.59699805,0.35584627,0.82396733,1.75553972,0,0,0,0.2961017,0.29025674,0.09907862,0
AS-604850,S2681,168,1,0,0,0,1,1.243841382,1.136752641,1.191665651,1.230824437,1.254411782,0.93973395,1.026206487,0.943374858,1.272103457,1.630514974,0.928231546,1.05963474,0.578779658,0.655684321,0.598729745,1.042056555,0.864694669,1.100859171,1.03017906,0.677258774,1.051881994,1.041275797,0.922851025,1.074330563,0.118,993,0.55364531,6.01917752,0,1615.89315,0.46103313,0.14833749,0.48179528,0.80132,0.43432857,0.86751289,0.67727022,1.13262388,0.57387135,0.55220421,0.6449426,0.63851033,0.69943533,0.07138927,0.01264445,0.43463,0.25087423,0.50577884,1.15018962,0,0.43969192,0.45502241,0.64166319,0.74019271,0.76454015,0,0.54123658,0.24484147,0.80034968,0.7908193,0.799005689,0,0.76199803,0.60269038,1.01889235,0.95817475,0.60172981,0,0.32918262,0.11157355,0.05870212,0.21951144,1.05940658,0
CHIR-98014,S2745,169,1,0,0,1,0,1.451728767,1.519447559,1.424150116,1.487036871,1.414959605,1.501908618,1.727848101,1.395162595,2.007389813,1.005063746,0.833101421,1.016570019,0.663779411,0.759410018,0.777298266,1.408329049,0.643648125,1.483003362,1.082669856,1.124367377,0.99830451,1.508442777,1.676843071,1.417359187,0.172,1589,0.56327692,9.47534636,217.806412,13878.9648,1.50699762,0.07052458,0.74212639,0.20545,0.46822843,0.92323535,1.30102889,1.43569085,0.58308415,0.07936548,0.05519898,0.50440289,0.52081736,0.17831482,0.54563878,0.6605,0.38595859,0.96505925,1.92855042,0.35343146,0.62397531,0.27320587,0.05902418,0.75383646,0.76022289,0.36293838,0.06032804,0.07683572,0.86056395,0.70040129,0.141998683,0,1.89166144,0.24320299,0.70008996,1.49778517,0.81080731,0,0.53268036,0,0.25211978,1.30490704,0.37281219,0
Sirtinol,S2804,170,1,0,0,0,1,1.186155353,1.255031576,1.279030096,1.182739751,1.131995826,0.954540197,1.069521361,1.244539718,1.281076801,1.17257437,1.006772221,1.240991802,0.731850244,0.767359448,0.745786174,1.411002571,1.020412535,1.660814344,1.248072505,1.30979839,1.500847745,1.322076298,1.006546344,1.188827331,0.13,1001,0.21222714,6.075097,523.653484,3823.08758,0.55202752,0.01891659,1.46662609,2.48013,100,0.7599856,2.33102,5.59029839,1.27130665,0.67463461,2.89647273,0.75362332,0.66252006,0.62461288,0.31829637,0.66308,0.59278746,0.61958484,0.53968893,0.12593656,0.89663843,0.37522531,1.30570583,0.81600097,0.74899468,1.03747383,0.23303629,0.17181271,0.86896195,0.75230782,0.142721222,0,0.73392985,0.76516322,1.08910355,1.09548177,0.81525993,0,0.40406772,0,0.31986961,0.29403036,0.39482294,0
AT101,S2812,171,0,0,0,0,0,1.845517542,0.869031458,1.352138418,2.116443886,0.389198316,1.291844997,1.647448576,0.231111471,1.325943521,1.589737432,0.630787899,1.053569286,0.72794357,0.216550139,0.738213501,1.996709512,0.173838542,1.75494957,2.529754225,0.175640919,1.082400814,3.8630394,1.466870603,1.35687904,0.244,3596,6.40336431,0.47204522,121.830089,4965.69942,3.31630917,0.31532206,4.83172411,0,0.0339642,1.41938348,2.7804371,0.36601309,2.2605316,0.00560403,0.00124328,0.26233819,1.07198277,0.02205009,2.6599838,0,0.01651908,0.60119638,0.94242016,0.62031579,6.98082333,0.04621814,0.04351717,0.58242617,1.15328227,0,0.01648377,0.00019034,0.27921912,0.00087811,0.006240707,0,35.7533826,0.09827016,0.0829271,0.87969383,2.27156614,0,1.72264074,0,0.29084044,0.67983376,2.42680958,0
ML133 HCl,S2825,172,1,0,0,0,1,1.092333926,1.146904326,1.021688802,1.042791783,1.432688813,0.929091961,0.765130538,0.850833199,0.94378464,1.519916891,0.592424797,1.210664534,0.539949687,0.687098937,0.655158375,1.136246787,0.853256795,1.553231229,1.027913271,0.924251224,0.946422516,1.062539087,0.853839095,1.021698984,0.122,1066,0,0.44343734,1088.06422,2003.68802,0.92453602,0.14410972,0.88781268,0.96015,4.22161986,1.1828808,0.77779748,2.47770107,0.6207915,0.7794725,5.23740502,0.82595938,0.8511701,0.64851946,0.02937851,1.103,0.96763416,0.82538246,0.65125949,0.36938911,0.74494007,0.84106067,2.50932468,0.88224317,0.83369788,1.2638801,0.11598016,0.16013521,0.8714808,0.43705553,0.083969903,0,0.97160314,1.16267221,4.19469679,1.25946036,0.78946754,0,0.04703302,0.00051189,1.37893213,0.29220632,1.16918807,0
BI-D1870,S2843,173,1,0,0,0,1,1.148278489,1.326565543,1.031923967,2.175652642,2.394287255,1.649045691,0.871340981,0.568273742,1.298495645,0.879357437,0.942876919,0.981996934,0.406175702,0.577243559,0.639768748,1.168123393,0.735193951,1.307060142,0.938414577,0.367709284,0.987792472,1.041901188,1.0124197,1.041551247,0.14,1028,5.5117071,0.26468922,0,2675.44427,0.33331065,0.12065134,2.7515675,0,0.01086801,1.44320135,0.94816575,1.3531492,1.20418651,0.00026186,0.00381609,0.22892925,0.27917543,0,1.61934007,0,0.00394894,0.69990886,0.4450221,0,2.8255884,0.00066757,0.03494718,0.6374238,0.42861056,0,0.05489221,0.00423019,0.50105492,0,0.059968509,0,2.98941103,0.00839497,0,1.05315007,0.60151395,0,0.48180257,0,0.09254025,0.31699674,0.21738309,0
Berbamine (dihydrochloride),S3609,174,1,0,0,0,1,1.665493596,1.370949655,1.482271232,1.80604647,2.37501026,0.961017929,1.124703323,1.306746481,0.794404856,1.161133189,1.088682629,1.109371459,0.95843733,0.984963126,0.779985343,1.71722365,0.669736758,2.29025028,1.082669856,1.024890069,0.780264496,1.24452783,1.267910676,1.025854109,1.139,370,0,5.8204859,213.048317,5402.89297,1.03560908,0.33263563,2.01565499,0.85035,1.40553947,1.05734366,1.13546535,1.30048786,1.48612606,0.66297908,1.01234314,0.76564608,0.61681705,0.26769129,0.08212103,0.41164,0.94782119,0.83938685,0.32202344,2.16790565,0.40121428,0.61244791,0.96536427,0.8431921,0.94712972,0.77540081,0.58983403,0.11893262,0.85640134,0.46990971,0.060889316,0,1.00968132,1.07874832,1.44513713,1.4201389,0.8059538,0,0,0,0.38085589,0.44343698,0.7407404,0
A-205804,S2885,175,1,0,0,0,1,1.121721148,1.01493242,1.261484099,1.607966269,1.235416203,0.991093117,1.139537184,0.750525805,0.996569016,1.13517051,0.989534746,1.05174965,0.630513491,0.620534432,0.709388486,1.699537275,0.936706149,1.685468808,1.069452749,0.568738074,0.97287216,1.385866166,1.357479351,1.266851339,0.128,1563,0.6060208,10.4183791,245.96455,3904.74386,1.49464587,0.10521019,9.84136388,6.0103,5.82323833,2.75492722,1.04010124,2.23317317,0.66859035,0.9717243,2.02674605,0.7120735,0.52902913,0.08054294,0.5763493,1.13844,0.72153665,0.6387612,0.54779641,1.06302483,0.56683684,1.13515708,1.47401066,0.74985502,0.94315033,0.3156389,0.29637726,0.10718807,0.86876146,0.73988439,0.078995834,0,1.70449528,1.88677192,2.76569244,1.47213954,0.73373101,0,0.58927149,0.11744747,0.42929099,0.58570069,0.16387226,0
PF-477736,S2904,176,0,0,0,0,0,8.186191634,1.557693443,1.444620446,12.07428008,2.783063448,1.458415269,4.584849684,0.766219058,0.985484297,5.119781815,0.844636273,1.169419449,2.262437725,0.607029978,0.718426838,12.22107969,0.51042046,2.433694434,17.59083614,1.392848254,1.893523228,6.444027517,1.454389722,1.338411819,0.127,1066,29.6353031,0.60374245,0,6093.97043,1.49273193,0.22374738,20.8443103,0.31764,0.0306133,1.70632618,0.47327794,0.82396915,3.72992123,0.02534109,0.00021915,0.1922307,0.07185608,0.03527182,6.65069506,0.06227,0.03983875,0.69224801,0.27197376,0.19471254,10.0638211,0.01979613,0.02225299,0.49409108,0.15762275,0.51065824,0.08421586,0.00152548,0.37210319,0,0.00933786,0,18.7632985,0.17668525,0.0848037,0.60601112,0.37777371,0,2.762336,0,0.09725623,0.95734979,0.97692736,0
"Fedratinib (SAR302503, TG101348)",S2736,177,0,0,0,0,0,1.46239524,1.305790002,1.608017546,1.611195837,0.936271004,1.555118566,1.947389241,1.002265006,3.422538928,2.913540746,0.713605542,0.980783843,0.344971144,0.282635763,0.523247293,1.306940874,0.413434147,1.633545013,1.481071215,0.504189828,2.067480502,1.297686054,0.945610278,1.131578947,0.124,159,9.4436571,0.27016572,198.262869,8300.09795,1.26734353,0.0430317,42.494088,0,0.0513138,1.50824353,8.29669503,2.2290357,10.1597804,0,0.00228509,0.45686093,1.27445781,0,11.4683325,0,0.01671198,1.34618129,2.00684382,0.0004649,65.5554892,0,0.0203235,1.50134777,2.30418811,0.43478561,0.60977997,0.000052163,0.68343227,0,0.207645858,0,44.7470425,0,0.07266259,1.95242016,3.02355223,0,1.43400613,0.00180803,0.5768541,1.20964,1.58702972,0
HER2-Inhibitor-1,S2752,178,1,1,0,0,0,2.450894315,1.174762439,1.314487633,2.948237194,1.008454205,1.091497976,2.119462025,0.577495551,1.663763526,1.855084822,0.568318253,1.022028928,1.492231046,0.435590461,0.76093152,1.596298201,0.222760083,0.963765409,3.042200334,0.334522526,0.97965412,3.292057536,0.852370756,1.070175439,0.202,1383,0,5.84037485,82.3223411,2568.72765,2.33917199,0.03290645,3.49735517,1.88691,0.20598925,0.34437043,0.74746708,1.41972279,0.8423164,0.44610221,0.21381231,0.45859244,0.38647449,0.18169344,0.441329,1.78034,1.17867329,1.06852184,0.80099861,19.8330953,0.57261261,0.57984513,0.42737438,0.74802718,0.59670575,0.00288498,0.13184893,0.01357746,0.75102461,0.06270259,0.002216492,0,0.20388787,0.91363375,0.61932032,0.85836271,0.70090434,0,0.24930653,0.24637272,0.663549,0.4323801,0.56612143,0
NVP-BVU972,S2761,179,1,0,0,0,1,1.227079781,1.044679219,1.298769343,1.433928411,0.975247118,1.153961828,1.006329114,0.488432293,1.178675112,2.101950304,0.530603176,0.937719123,0.626606817,0.460300737,0.740900578,1.978611825,0.685458479,1.392977213,0.960317211,0.396996598,0.914547304,1.170106316,1.057204038,1.096029548,0.134,1300,0,4.55566129,153.166716,1184.7615,0,0.10533893,0.56107281,1.50567,0.13457738,0.42958319,0.73905144,2.57254619,0.88078215,0.47844784,0.07026823,0.3890375,0.41921372,0.04728363,0.39498468,1.26486,0.18614761,0.60376023,0.85185481,0.04260113,1.08351754,0.72059167,0.07737577,0.67570044,0.48517551,0,0.77112815,0.24346232,1.04354572,0.67899832,0.044931407,0,0.87442623,0.71153688,0.45055035,0.76844362,0.48863236,0,0.22723753,0.17049637,0.02130014,0.24423929,0.8781292,0
Oxybutynin chloride,S3117,180,1,0,0,0,1,1.427130574,1.223396093,1.476057024,1.322328878,1.730286224,1.03227299,2.041435918,1.378741304,1.625758775,1.085885422,0.751450224,0.867359861,0.585409165,0.736040609,0.631951795,1.177789203,0.940947159,1.363466567,0.893854045,0.793163528,0.937605968,1.005628518,0.854573264,1.051708218,0.119,288,0,3.57998813,255.070453,2234.63365,0.06520376,0.16933914,1.07875571,1.67204,4.98317479,0.86847717,1.22180242,2.63181717,0.63576006,0.87416813,3.5506374,0.90483659,0.77748043,0.72806142,0.0967554,0.55305,0.83679415,0.91789708,0.67763651,0.29540834,0.44779188,0.61881418,1.42671806,0.92194967,0.98349468,1.42872749,0.21412517,0.38778624,0.94723346,0.64862863,0.117600875,0,0.67806159,0.99665866,2.02782763,1.20843684,0.7594126,0,0.38236962,0.07126294,2.05990707,0.41482452,1.23053712,0
CEP-33779,S2806,181,1,0,0,0,1,1.418640932,1.022487163,1.535274765,1.835830268,0.711701042,0.986928861,2.0859375,0.510677884,1.429928741,0.839753349,0.613291214,0.851589682,0.559127904,0.391150273,0.730885107,0.758457584,0.158116821,0.916324244,1.352298832,0.282087447,1.1865039,0.940587867,0.688650964,0.810710988,0.213,4339,0.83086455,1.11334743,55.7411064,634.088666,0.20066194,0.46723949,0,0,0,2.61380387,0.20056337,0.8774744,0.05233112,0.00193001,0.00947592,0.27090448,0.03534805,0.04772993,0,0,0.00873177,0.15041284,0.13426442,0.0079451,0,0.00057064,0,0.05498292,0.02606747,1.31372497,0.00183222,0.00024773,0.10233849,0.00579232,0.001939847,0,0.02196241,0.00463335,0.09717313,0.22573788,0.00862146,0,0.42289592,0,0.17953202,0.14792187,0.16196492,0
TAE226 (NVP-TAE226),S2820,182,1,0,0,1,0,1.577549614,1.22575695,1.248690143,1.942764869,1.170831232,1.477848467,3.281546677,0.932454295,2.114014252,1.151305508,0.670576657,1.404759048,0.625659744,0.50205919,0.720869636,1.290077121,0.482147064,1.338064998,1.431601473,0.385049365,1.482875551,1.106316448,0.909635974,1.147737765,0.127,872,0,0.5541581,109.176639,776.242643,0.81888763,0,0,0.11727,0.07706616,0.34897314,0.13128301,0.62213022,0.3764046,0.034543,0.10229279,0.23317367,0.15605957,0.12523401,0.01695389,0.23523,0.01431785,0.19945844,0.0399765,0.03575227,0.24622794,0.15688616,0.12930776,0.3714291,0.09560837,0.68936547,0.04272679,0.02999616,0.59708754,0.55025339,0.006948577,0,0.24447888,0.13372732,0.3153281,0.54073021,0.14013377,0,0.09025189,0.00590791,0.05104965,0.1853227,1.04966585,0
Semaxanib (SU5416),S2845,183,1,0,1,0,0,1.41298117,1.322788172,1.235530645,1.592536108,1.858752624,1.048004627,1.523140823,1.263468694,1.523357086,1.865939275,1.050319526,1.634033193,0.752567454,0.897040513,0.677876394,1.094293059,0.908304239,1.143817706,1.407810681,0.687214801,1.480501865,1.125703565,1.394187825,0.951523546,0.125,843,0,0.41293696,53.9701375,642.345069,1.04097251,0.23267531,0,0.24527,0.11924138,0.97481782,0.66940531,1.19618309,0.48567672,0.31896482,0.17809806,0.52040891,0.46869397,0.23469187,0,0.24018,0.14947501,0.55463194,0.43870759,0.02760256,0.22699489,0.22288076,0.21740594,0.62463336,0.34295578,0,0.19601742,0.34427093,0.90153161,0.78117803,0.116036521,0,0.36518208,0.29589059,0.46020259,0.78957874,0.6191364,0,0.36601689,0,0.19198628,0.17859151,1.84801032,0
Uniconazole,S3660,184,1,0,0,0,1,1.249501143,1.297290917,1.435481906,1.573158697,1.537516269,1.095199537,1.799050633,1.053308526,1.756136184,1.345805585,1.099310245,1.581870293,0.752685838,0.892826358,0.82786418,1.274241645,0.867136462,1.082555099,1.260534349,0.96739401,1.143099356,1.06504065,0.900091771,0.995844875,0.133,1107,0.7559669,1.82443083,441.567095,1918.29407,0.98053104,0.27701604,1.48558213,1.10109,11.1884563,0.97092422,1.25852137,1.06278269,0.66906252,0.64193771,3.00271259,0.78545068,0.60613657,0.7429335,0.50666309,0.75119,1.23402426,0.99478882,1.06507573,0.47344976,1.2487992,0.9839628,2.93685137,0.86412533,0.87738396,1.93321565,0.31375693,0.35779117,0.91024301,0.87716753,0.156029745,0,0.95002467,1.44303304,6.55659098,1.24063211,0.85892827,0,0.20191631,0.06633984,0.28233358,0.45777524,1.90497027,0
KX2-391,S2700,185,1,0,0,0,1,6.400101585,3.041492062,1.27537468,8.553332735,3.854554835,0.991555813,11.37282437,3.247128296,1.329638427,3.241961313,1.575090474,1.603705925,4.547605189,2.005555023,0.678853514,4.150128535,0.926382076,0.867388868,4.173584668,2.005973617,0.659206511,2.288930582,2.606301621,1.149584488,0.105,299,14.0938091,10.4172458,225.522693,14372.0581,1.16777976,0.23942831,10.4954541,3.09853,0.03023223,1.28290912,2.64502145,1.39427701,2.48934018,0.16895765,0.01471928,0.32524539,0.1845833,0.2857424,8.94706624,0.06834,2.04607395,3.85707843,0.81252183,4.519854,6.76258834,0.20369305,0.06314116,0.62256646,0.4449611,0.87468135,0.10121339,0.00797783,0.53398113,0.01742458,0.014700217,0,4.93540705,0.66007834,0.24741543,0.97228225,0.4598759,0,7.2483323,0.38983478,0.19346451,5.54304273,0.56754055,0
GSK1070916,S2740,186,0,0,0,0,0,1.542937997,1.505754589,1.502010479,2.905893963,2.365019992,4.711162522,2.628263449,1.610904384,2.006861969,5.156158903,1.659852193,2.303659268,0.747121788,0.828656259,0.801237684,1.222622108,0.455458693,1.361225252,1.495421217,0.463370115,1.355713801,1.671044403,2.047598654,1.537396122,0.1,1077,4.96039849,0.26246894,237.418846,1508.52745,0.10893295,0.1539918,0.49778895,0.33992,0.08082031,1.46249321,1.41181315,1.77946633,0.87103856,0.10491197,0.00809139,0.51665525,0.53691198,0.03810875,0.3567294,0,0.03168742,0.66350861,0.07463315,0.003103,1.32434078,0.01358489,0.05196608,0.77488505,0.49382376,1.01036856,0.04625643,0.00650408,0.58436244,0,0.041036248,0,0.57146886,0.24375181,0.17060202,0.95594246,0.50356253,0,0.52352957,0,0.38072949,0.23840164,0.83224228,0
AMG-458,S2747,187,1,0,0,0,1,1.179189493,0.975506109,1.204094066,1.130707814,1.268482582,0.910121457,0.972507911,0.888205792,1.186592769,1.404918354,1.220231779,1.572165567,0.632289252,0.945599081,0.669082322,0.972133676,0.670165142,0.936496078,1.004877742,0.507591471,0.866734486,1.063789869,0.983787091,0.959833795,0.134,821,0,5.55651944,143.867775,936.875623,0.16694741,0.19999988,0.66292535,0.67106,0.27714773,1.03163703,0.67090755,0,0.47614068,0.70261612,0.56579746,0.46675234,0.59148928,0.00419535,0.32577873,1.82517,0.49072649,0.45202228,0.14911458,0.02826161,0.6007235,1.05070481,0.97057474,0.65338774,0.74418874,1.38142578,0.05713599,0.03258062,0.61401284,0.15759459,0.011650161,0,0.26052022,0.96303281,1.0181093,0.68761918,0.77345273,0,0.26610693,0.2940726,0.07835194,0.20384111,0.59844854,0
Tivantinib (ARQ 197),S2753,188,1,0,0,0,1,4.546529768,2.413031931,1.299500426,5.500672827,2.886343116,1.103990746,7.811511076,2.502993043,1.296912114,0.820978078,0.918511165,0.829147504,6.145434815,2.143951729,1.149092093,3.20596401,0.701651423,1.11878969,2.610567392,0.978677508,0.706341133,2.161350844,2.018231875,1.06278855,0.133,1212,7.87546359,2.30605122,39.5277914,7748.10638,1.86738461,0.06526123,6.36464595,0.46647,0.03245093,0.78992729,1.50067338,1.26603417,3.94836279,0.07405319,0.01408293,0.31026506,0.20509587,0.10363253,4.3701582,0,1.24072188,2.1465068,0.47384853,5.27637709,5.53593249,0.0713109,0,0.57600277,0.29930232,1.22215442,0.2307102,0.00446518,0.47892663,0.02156172,0.012867046,0,14.2067365,0.12992825,0.05785409,0.72301554,0.37874144,0,2.28611361,0.99247023,0.09398596,1.43058484,1.6477694,0.13715594
"Tofacitinib (CP-690550,Tasocitinib)",S2789,189,1,0,0,0,1,1.3816348,1.182789353,1.379188498,1.255943303,1.342776403,1.017466744,1.730814873,1.066655881,1.754024809,2.36289724,0.988886721,1.15364927,0.680116411,0.717651566,0.77192411,1.081131105,0.492556815,1.128128502,1.082292224,0.389114743,1.196337742,1.303939962,1.101988376,1.100184672,0.09,849,0,1.85905895,47.5829612,1817.8565,0.81312307,0,1.53056941,1.23848,0,1.89520054,1.05164834,0.80465977,0.84825558,1.44726182,0.02020295,0.6688388,0.67366134,0.06426219,0.39852582,0.96593,0.01170705,0.65202462,0.44164384,0.00254759,0.91599137,0.67067163,0.01893896,0.74846075,0.798373,0.86473354,0.31295525,0.38973332,0.95107156,0,0.191174404,0,0.69350128,1.39725221,0.03203353,1.05245851,0.73962247,0,0.33386052,0.00397712,0.49765869,0.33207486,0.97223387,0
Benztropine mesylate,S3163,190,1,0,0,0,1,1.558393499,1.318302544,1.407335202,1.500672827,1.384566678,1.042452285,1.921578323,1.294531629,1.718131433,1.497621256,1.099051034,1.683163367,0.629092882,0.615075184,0.610699454,1.383856041,0.529783451,1.088531939,1.58945149,0.983323654,1.528314683,1.636647905,1.480085653,1.209141274,0.289,965,0,2.22001985,333.414136,1602.44303,1.13470446,0.01753187,1.69451499,1.51884,1.42605797,0.8808935,1.09109419,2.01072865,1.09223837,0.64019222,2.87967217,0.79754076,0.64023281,0.33388086,0.16011578,0.70343,0.49273785,0.65539183,0.09037312,0.20219157,0.71012238,0.4120657,1.20424677,0.82113365,0.73275878,0.46045624,0.32680007,0.28907149,0.96468073,0.73318572,0.163878616,0,1.52632233,0.98983629,1.50818091,1.08744508,0.71574413,0,0.88837581,0.0039303,0.08233271,0.25367502,1.34631847,2.8345686
Alpelisib (BYL719),S2814,191,1,0,0,0,1,1.255160904,0.939384997,1.152918241,0.902843814,0.72591255,0.840717178,0.949070411,0.542873321,1.027183954,1.201324005,0.752357459,0.865540225,0.534740788,0.45254286,0.602882501,1.174498715,0.688885557,0.82555099,1.087579067,0.266655604,1.059003052,0.99249531,0.856775772,0.905817175,0.119,1414,2.20839538,3.89791229,124.095279,1211.67203,2.81727848,0.18059259,0.45174128,1.75561,0.09222856,1.33819902,0.79482479,1.00210166,0.44555202,1.11134747,0.44194305,0.33876788,0.53877264,0.08195403,0.05684459,1.28028,0.02231213,0.26272093,0.05968513,0,0.24992563,1.22359523,0.32538485,0.55449088,0.32523374,1.49875657,0.43594995,0.24099561,0.97831752,0.76598395,0.028593712,0,0.44370916,1.38891927,0.83481136,0.64194277,0.32395273,0,0.42935709,0.71658337,0.05618871,0.35116551,0.54491229,0
Niraparib (MK-4827),S2741,192,1,0,0,0,1,1.652432609,1.530307502,1.482636773,1.592894949,1.775172074,1.095199537,2.111451741,1.398640997,1.494853523,1.066523424,0.73628643,0.917703126,0.891431954,0.946461067,0.730396548,1.133161954,0.83427935,1.075084049,1.394593574,1.894217207,1.497795863,1.392120075,1.541021719,1.164358264,0.106,1470,4.16957514,15.5410606,344.421711,4564.08474,0.24046179,0.10888564,1.66978746,2.01969,1.03427401,1.31413438,1.87202046,1.75168975,1.1192379,0.79211196,0.93626288,0.70853843,0.85836206,0.1570183,0.8249395,1.71908,0.90802767,0.84257076,1.24705175,0.52651528,0.69563158,0.56176755,0.72243259,0.75968035,1.0550189,0.32749997,0.1010181,0.26359851,0.88950464,0.80735835,0.112726683,0,1.74635933,1.2900171,1.18861648,1.11584972,1.05433634,0,0.45407892,0.00060762,0.21641411,0.36857022,0.5754601,0
Salubrinal,S2923,193,1,0,0,0,1,1.163733991,1.260461548,1.303155843,1.14075536,1.343479943,1.046616541,0.986451741,0.870813784,1.261018738,1.115808511,0.902440136,1.079044191,0.569308933,0.718800881,0.698884456,0.975012853,0.789384625,1.310795667,1.191805394,0.746453165,1.535774839,1.464665416,1.160721933,1.246075716,0.128,902,0.2159924,2.15328055,273.732515,2921.40135,0.07849005,0,0.6494503,0.33272,0.29046113,0.93839962,0.9007128,1.86967413,0.57627498,0.59636335,0.43372483,0.76356054,0.83753682,0.1220399,0,0.19437,0.40111189,0.63493422,0.46639104,0.43479793,0.95818471,0.51948365,0.46121616,0.84292793,0.85431065,0,0.20742278,0.26001459,0.8078665,0.86472262,2.268322215,0.201539534,0.97772987,0.66601377,0.62914359,1.21278266,0.80167148,0,0.38442871,0.05895888,0.31415327,0.30574375,0.67298893,0
Pifithrin-μ,S2930,194,1,0,0,0,1,1.789137612,1.370713569,1.533081516,1.252354894,0.597586858,1.299710816,1.143987342,0.6515127,1.691739245,0.843273712,0.542656448,1.050536559,0.336210724,0.269227086,0.62682192,1.040616967,0.205281984,1.236832275,1.368914624,0.346054924,1.501865039,1.4246404,1.3178342,1.240535549,0.131,1755,0,0,55.4385242,1222.96047,0.71007809,0.22789385,0,0,0.03996271,0.94257934,0.02220779,0.93877204,0.07767267,0.00288132,0.04355335,0.42602234,0.02707286,0.08145719,0.01826374,0,0.01983563,0.32478731,0.09189781,0.01234243,0.00545543,0.00072785,0.0363546,0.31051315,0.03580196,0.44626788,0.00478117,0.00033856,0.42852355,0.00586429,0.008667587,0,0,0.01806569,0.14225483,0.66878017,0.03853722,0,0.11659123,0,0.15159181,0.20531683,0.40658788,0
Epiandrosterone,S2832,195,1,0,0,0,1,1.21728404,1.264238919,1.311197758,1.62339643,2.11385622,1.127125506,1.325553797,1.089548617,1.079968329,0.989222111,0.910864466,1.214910351,0.473062694,0.618810459,0.60483674,1.149820051,0.867993232,1.18042585,1.083425119,1.072513067,0.899287894,1.250781739,1.121810951,1.202677747,0.121,2098,2.49364315,45.2811965,943.045096,7475.19321,1.99948876,0.05453205,2.01672435,1.29221,1.11384441,2.46668205,1.64212401,1.08410113,0.82651137,0.96328404,1.06623882,0.83945277,0.82698893,0.18548859,0.74540181,1.76107,0.73079352,0.82368437,0.65190073,0.70649913,0.71895666,1.81339169,2.06044098,0.96174156,1.10217683,1.23222597,0.32004356,0.35597854,0.82582468,0.67520142,0.148283264,0,1.36719205,2.49528503,1.26381361,1.48526407,1.13362839,0,0.38108805,0.00437527,0.31063459,0.37007971,0.55974651,0
StemRegenin 1 (SR1),S2858,196,1,0,0,0,1,1.037695461,1.008322021,1.112708663,1.346371221,1.436628636,1.21642568,1.410996835,0.99021194,1.487463711,1.03293329,0.933934169,1.134239819,1.331820648,0.941672254,1.285400212,0.955475578,0.802878746,1.337317893,1.027158007,0.518543101,1.044760936,1.245778612,1.271581523,1.144967682,0.112,999,5.01283124,2.63685999,203.012412,12541.0499,0.24334872,0.13957991,2.88159793,1.0517,0.81273248,0.88019508,0.93973906,1.78501214,1.4175861,0.35403569,1.15883975,0.72102662,0.39186986,0.50613075,0.60085036,0.78018,1.46459981,2.20664044,0.77913157,56.0820316,3.11336691,1.160682,1292.93192,1.87515352,0.62136637,10.0458757,0.13577508,0.14009586,0.93638558,0.78592754,0.433196895,6.493065494,2.69791738,1.18320888,3.76418804,2.23649332,0.55599007,0,0.27060026,0.23971108,0.06090213,4.41018467,0.03427812,0
Levamlodipine,S3674,197,1,1,0,0,0,1.969814607,1.165082925,1.254538808,3.09895039,2.067703997,1.123423944,2.38528481,1.248099013,1.28793877,1.91903809,0.939636792,1.20459908,1.532836778,1.137438943,0.837635372,2.243084833,0.835093281,1.443033246,2.948925323,0.976022567,1.12377077,3.26641651,1.378770266,1.198060942,0.11,1375,1.25492949,2.59811262,725.897408,2612.59929,0.65257677,0.14748974,2.41952674,1.90946,1.81402557,0.64910245,1.16659099,1.88600057,1.0466379,0.51686697,2.55701212,0.80351346,0.72644537,0.53809608,0.35438622,0.54339,1.30729044,0.93679804,0.8311001,1.16239753,1.21417527,0.43013312,1.63763803,0.8902977,0.80474985,1.04833497,0.51567416,0.31968924,0.87640018,0.77901197,0.29655166,0,1.14213592,1.02537184,4.34384643,1.46903029,0.79928227,0,0.27442071,0.02164236,1.00879286,0.34179087,0.71772536,0
CHIR-99021 (CT99021) HCl,S2924,198,1,0,0,0,1,1.556652034,1.424305023,1.612769587,1.254507939,1.193203804,1.337651822,1.381032437,1.101682576,2.400105569,1.761061783,0.971260431,1.199746717,0.664608099,0.716502251,1.112450126,0.981182519,0.379377557,1.160254016,1.123076439,0.563677093,1.17972194,1.437773609,1.449984705,1.35734072,0.231,322,0.25997651,4.01510435,215.378663,12864.2067,1.876275,0.0920841,1.27731395,0.5584,1.86763804,0.91961957,1.38819951,1.54076188,0.50050402,0.15978222,0.30436789,0.79272627,0.67994238,0.34019463,0.18852825,0.72708,0.50754681,1.24875223,1.80304017,0.10848163,0.37953931,0.38695387,0.44186546,0.9641176,1.03578295,1.69074162,0.00868212,0.04568844,1.09393585,0.48340552,0.091393135,0,0.92860824,0.22469661,0.84725284,1.55021407,0.9472657,0,0.75372287,0.11565419,1.057397,1.827681,2.13270119,0
MPEP,S2809,199,1,0,0,0,1,1.167216921,1.141946527,1.209942732,1.048174397,1.279598513,1.068363216,0.899525316,1.058890147,0.983900765,1.115955193,1.003532094,1.259188162,0.497804962,1.043386649,0.718915398,0.856760925,1.05485467,1.138587972,0.995436951,0.810586576,0.90844354,1.118824265,0.934597736,1.113573407,0.112,1054,0.13179809,5.41698053,810.022402,3043.70774,0.45887117,0.25090351,1.69255378,1.26875,3.71098952,0.57487856,1.29225467,0.79489448,0.53605095,0.71130181,2.36368625,0.92498599,0.9089327,0.58464723,1.96877386,1.441,1.75903784,1.18990767,1.18057774,3.62826447,0.88746835,0.80316782,1.66869684,0.94192361,1.18744165,0.81632105,0.37164363,0.5505144,0.81627726,0.85676468,0.331833546,0,1.72036164,1.33586727,4.6457843,1.59835442,0.94684191,0,0.26705023,0.11281721,2.06654217,0.46796303,0.86073301,0
Torin 2,S2817,200,1,0,0,0,1,1.508761746,0.767750694,1.031192884,1.734637122,1.241044522,0.909196067,3.592464399,1.105080084,1.140142518,0.921308434,0.491980864,0.878884223,0.98175899,0.403984293,0.634394593,2.693264781,0.36943903,0.893537542,1.108348806,0.176055754,0.847066802,1.423389619,0.939736923,1.024930748,0.116,1021,0,71.3351594,265.200581,4246.96588,0.14615925,0.36701981,2.4725646,6.12065,0.12345596,0.56323424,2.07026722,0.99828018,1.11438904,2.18680197,0.02072719,0.27939714,0.76093462,0.14956626,3.03596223,4.67596,0.21138771,0.81679021,1.53400279,0.14345751,2.95360287,6.88836279,0.24552355,0.62356301,1.03569512,0.5333524,0.04563223,0.02640123,0.37521177,0.09409425,0.040578122,0,4.77124617,4.59887748,0.2388833,0.58735009,1.54811705,0,1.29498345,2.16096248,0.2171363,0.6235834,0.43801403,0
Fangchinoline,S3606,201,1,0,1,0,0,2.68316221,1.808652541,2.937126843,1.388355611,1.213747171,1.11417004,2.869758703,1.86911503,2.252309316,1.258969955,0.500405194,0.853409318,0.909663099,1.006512786,0.84007817,1.700154242,0.470494999,2.408292865,45.75724581,0.604164938,1.151915904,1.657285804,1.421352095,1.189289012,0.116,1338,0,1.80452407,186.872511,3331.90431,1.16737554,0.70927247,3.78896824,1.16382,3.43984212,0.89711116,2.62476569,1.24812227,3.05311459,0.70031325,2.92137696,0.77186458,1.30994807,1.04503442,0.68725957,1.22815,2.33983465,1.26906564,0.91354805,5.84521244,1.04001817,1.51927319,3.83669514,1.03096691,1.24207809,1.2524595,0.23279191,0.08787445,0.946028,0.68225633,0.065019963,0,2.14147891,2.09254355,366.046489,1.65629283,1.08942204,0,0.80534719,0.07568344,0.79820407,0.70020915,0.93632528,0
Golvatinib (E7050),S2859,202,0,0,0,0,0,2.680114646,2.089830609,2.308760814,35.64223558,2.57580057,2.742857143,2.626483386,2.820012943,0.850884138,1.673052698,1.453261704,2.141711658,6.801400878,1.349966478,1.262682192,1.679794344,0.613275644,1.905864774,1.874185732,1.486517879,1.607324517,1.583489681,1.40079535,1.066481994,0.11,748,1.66632749,26.7680939,4059.94333,14204.9745,4.27887662,1.00147961,38.2702418,7.606,100,1.30613908,2.48588334,6.05138521,7.14653746,4.58450107,6.56398079,0.86536833,2.07876034,9.93029824,3.54475857,11.7003,2.17777361,3.49376875,4.96916563,136.90757,12.1431038,24.0081427,2928.96073,2.15615841,1.75802547,67.7543794,0.36226412,0.06770864,0.9177018,0.58835751,0.061981218,0,88.2378301,49.9373003,817.57302,1.7541579,10.1849204,1818.04666,3.4264407,1.84704441,5.37403375,3.98574609,2.48399463,0
S-Ruxolitinib (INCB018424),S2902,203,1,0,0,0,1,1.301092044,1.345452399,1.548799805,1.519332556,1.513314494,1.284441874,1.170094937,0.987218897,1.177619425,1.556293979,1.626932504,1.919716057,1.277955902,1.022220094,1.51135901,1.494087404,0.644376379,1.681733284,1.134027756,0.400066374,1.006442862,1.311444653,1.089507495,1.228070175,0.112,348,3.82090988,4.77711068,289.63838,1745.01886,0.74059801,0.4923737,2.56397885,0.48667,0.03908342,0.79224002,1.23235228,1.53181605,1.59962588,0.82062558,0.01185144,0.58692257,0.70154384,0.16682719,0.06218843,0.42405,-0.0049821,0.68572726,0.27996823,0.05611411,1.12098643,0.31029709,0.06705006,0.68190503,0.73282999,0.2236926,0.10616392,0.09566287,0.96847886,0.00284016,0.049815778,0,0.99240628,0.48619957,0,0.72529736,0.6399896,0,0.09012006,0.10184646,0.06968885,0.24388966,0.28463908,0
Go 6983,S2911,204,1,0,1,1,0,1.485905018,1.546125243,1.562690386,1.625908316,2.095845596,1.626836322,1.382219146,1.241870248,2.038532594,1.14983869,1.069112262,1.708638272,0.817086766,1.061967245,1.386043482,1.094087404,0.546833166,1.517743743,1.153286969,0.866174396,1.319769413,1.380863039,1.882410523,1.578024007,0.165,10406,9.35811623,3.22135319,139.878081,4510.04912,0.91916811,0.32914815,0.82884638,0.50122,2.05978564,0.61395441,0.65724352,0.61432013,0.3710965,0.13168716,0.44829102,0.69963765,0.80307744,0.38460335,1.5117425,0.55195,0.94527926,0.91556231,0.29197672,0.07447771,0.34214344,0.30387591,0.35512467,0.68073578,0.51584228,0.29439489,0.00650808,0.0327987,0.8816486,0.62936879,0.058485827,0,0.30418439,0.46156229,1.20049571,1.06152453,0.54364684,0,0.01126622,0.05565879,0.3639872,0.61733526,1.18624018,0
Crenolanib (CP-868596),S2730,205,0,0,0,0,0,2.668359758,1.220326979,1.505665895,3.645106307,1.618001243,1.631925969,4.11965981,0.949199159,1.85537081,1.531798117,0.895959882,1.809931347,1.165727815,0.487788526,0.802459083,2.406786632,0.311821278,1.707881957,2.242754193,0.446361902,1.306205493,2.314571607,1.357479351,1.525392428,0.224,1012,0,1.94778342,81.8658753,1358.69869,0.23848978,0.16059865,1.37591901,0.06425,0,0.72044324,0.08704249,0.38122195,0.54567517,0.00219936,0.00531311,0.15017565,0.11469904,0.19332435,0.25446908,0,0.00637885,0.17378351,0.00249727,0,0.33553065,0.05190388,0,0.26070297,0.13010826,0.09304583,0.01117139,0.00271408,0.28774257,0,0.012310642,0,1.08150876,0.03143956,0,0.46717857,0.23394106,12.8894082,0.44738382,0,0,0.23952968,1.05693316,0
Nocodazole,S2775,206,1,0,0,0,1,8.086492762,3.510594346,1.117460704,8.611106127,3.971342472,1.184499711,5.219442247,2.467157418,1.085246767,1.967296404,0.648154979,1.33925215,6.202140778,2.051240303,0.917270581,5.035064267,0.971148285,0.972730669,6.187116468,2.423628972,0.95252628,2.469668543,2.415417559,1.211449677,0.413,2716,1103.48136,463.971653,241.800965,29496000000,2.49739016,0.25923336,50.5993418,4.67241,0.07743198,0.44536624,3.51857574,0.85265418,7.87350027,0.40790651,0,0.42640878,0.36501331,0.3893212,52.8719957,0.28456,2.14815826,3.90071454,1.00403276,3.4998747,20.5175588,0.37165794,0.07994104,0.70825734,0.3113915,1.34268889,0.34304244,0.00709652,0.68687114,0.0128391,0.025980933,0,20.6906123,0.89145411,0.30051221,1.00559503,0.57248097,0,332.236989,3.26275496,1.03484071,69418.3778,3.06275086,0
Fosaprepitant dimeglumine salt,S3038,207,1,0,0,0,1,1.353553677,1.126128785,1.281588888,1.25845519,1.025479873,0.912434933,1.448378165,1.080893059,1.615729744,2.713320078,1.063668849,1.227041258,0.707344744,0.761612872,0.632928915,2.423650386,1.188853428,1.58199477,1.185008025,0.67709284,0.852153272,1.327079425,1.204037932,1.08033241,0.294,2085,0,1.46732972,49.5905576,3609.98982,1.78865388,0.17706149,0.63920232,1.49376,0.48614898,2.13057948,1.33344435,0.59551302,0.36599043,0.5874732,0.48204542,0.64969269,0.77126429,0.38769352,0.58051894,0,0.07391283,0.49971253,0,0.24613542,0.68986865,0.42406669,0.55169703,0.86772551,0.95379332,0,0.15186277,0.187108,0.87607289,0.80107675,0.186729747,0,0.83624284,0.73513609,0.8024912,1.06779664,0.90313905,0,0.0290182,0,0.42006728,0.47455855,0.74396755,0
Vistusertib (AZD2014),S2783,208,1,0,0,0,1,1.54250263,0.924747683,1.260387474,1.586076971,0.786839112,0.874493927,1.22616693,0.507765734,0.832937451,1.812400416,0.795127134,1.046897287,0.930853845,0.582128149,0.627554759,4.204010283,0.654914644,1.088905491,1.526387009,0.324815399,1.333333333,1.146341463,0.768675436,0.870267775,0.104,1374,0,26.5361178,282.250005,1214.66258,2.09247657,0.13139394,0.62951266,2.21814,0.16289607,0.92271126,0.69409107,0.51094946,0.25280923,0.58926162,0.31044528,0.27662297,0.98504564,0.17193575,0.00281196,0.69518,0.01788269,0.18870845,0.08500822,0,0.2099382,1.28305224,0.65537017,0.55373381,0.79532758,0.45170452,0.04086395,0.12954555,0.54286129,0.73475829,0.086980095,0,0.06664779,1.86034002,0.8063953,0.57242527,0.98338994,0,0.25121217,0.23714405,0.10191051,0.19583974,0.56940894,0
Etravirine (TMC125),S3080,209,1,0,0,0,1,1.36422015,1.199315351,1.597782381,2.000538261,0.952311715,1.364488143,1.336530854,0.485439249,1.387173397,1.841003368,0.569355094,0.991095114,1.401667242,0.529259649,1.024265125,1.26622108,0.592027759,2.267463579,1.362872518,0.873890318,1.463546965,1.530956848,1.159253594,1.22345337,0.139,1868,0.64244312,5.09014556,959.603988,4769.26059,1.27807152,0.10787609,0.26366409,1.47806,2.44173349,1.07887911,1.32254879,1.15436753,0.27442705,0.70644816,1.47808533,0.59506236,0.43619657,0.22240207,0.26457426,0.02883,1.81820442,1.03856077,0.45559553,7.65793069,0.82200086,0.442217,2.44325734,0.74512871,0.62448274,0.70304992,0.14322,0.14715829,0.86379364,0.94865999,0.641709482,1.435969382,0.749429,2.28658659,2.04269344,1.51956329,0.55838366,0,0.17229105,0.04198539,1.41277107,0.66004246,0.34762421,0
Tacedinaline (CI994),S2818,210,1,0,0,0,1,4.706091499,1.476007791,2.805897405,9.333811788,1.882532275,1.756853673,6.274129747,1.095939168,2.46766957,2.288382881,0.672391128,1.261614344,2.575090021,0.721003735,0.875498738,6.121542416,0.64660398,2.59693687,10.60163011,0.98448519,5.716853171,1.422764228,0.925053533,0.93721145,0.127,995,0.70890256,12.9803018,3580.6422,9688.97923,0.77153236,0.39064147,4.44696952,0.49159,100,0.70775349,2.87237465,0.68977391,0.56624296,0.054446,1.67874606,0.95857141,1.19825189,0.4785203,0.15932498,0.30406,1.11014972,1.1903216,0.78939213,0.05525948,1.01704525,0.20136678,1.99985034,1.42586483,1.48806753,0.61353665,0.12231761,0.03858857,0.84358348,0.87970051,0.109551473,0,0.97181086,0.15270687,2.48810268,2.13753517,1.18833646,0,0.4273153,0.49877199,1.33216798,0.4512552,0.812191,0
Demethylzeylasteral (T-96),S3608,211,0,0,0,0,0,1.945216413,1.53644573,1.056049714,2.932807033,0.885756833,1.475072296,2.756131329,0.583481637,1.85114806,4.212554834,0.902051321,1.859061521,2.471030435,0.528206111,0.672746519,2.399383033,0.310536124,1.619350019,3.194385877,0.381896623,1.00508647,4.292057536,3.299357602,1.174515235,0.114,1194,17.1578805,0.50397499,298.680454,5034.39094,2.30524367,1.03658046,15.8036118,0.00833,0.05609494,0.76178456,3.34377527,0.73746022,4.04839586,0.02082634,0.00095095,0.19342544,0.79308853,0.35657304,1.13350935,0,0.02011685,0.45184742,1.0187231,5.70537395,20.6151325,0.08988031,0.07201967,0.4632196,1.12865879,2.48818729,0.098693,0.00107621,0.33143458,0,0.0395793,0,145.50471,0.36904307,0.0657044,0.58828762,2.2609088,0,1.07214148,0,0.33098943,0.68176985,0.38276728,0
Carfilzomib (PR-171),S2853,212,0,0,0,0,0,1.486122701,0.864781916,1.796271476,1.484166143,0.577606322,2.136263736,1.355814873,0.223345737,2.172604909,1.956441951,0.456469074,1.965206959,1.000937207,0.271046835,1.180604185,1.483598972,0.138239767,1.724318267,1.168014602,0.187339252,1.108850458,1.664165103,1.260568981,1.450600185,0.485,1696,5.6512625,0.71915381,0,4112.63654,0.16824468,0.18411425,1.05485993,0,0.01762043,0.72717688,1.19823161,0.52538627,0.47385012,0.0004021,0.01263367,0.22901105,0.43208437,0.08640003,1.62686795,0,0.01623851,0.61426211,0.38577831,1.66655185,9.55687956,0,0.02035171,0.65717869,1.25994592,1.70705931,0.01548804,0.00018908,0.33368975,0,0.019874816,0,4.10370076,0.0016257,0.08795002,0.59834564,0.57870051,0,1.76600434,0,0,0.50656457,0.51391819,0
BHQ,S3628,213,1,0,0,0,1,1.58495084,1.211355722,1.380650664,1.076881672,0.941617907,1.074378253,0.73724288,0.863452516,0.78226445,0.955338613,0.349674492,1.042044924,0.695387954,0.841586055,0.714518362,0.941902314,0.660697839,1.110197983,1.027913271,0.848668381,0.922685656,1.15134459,1.284796574,1.063711911,0.167,8216,0.43088883,3.85308173,1369.43239,14943.2345,1.86256871,0.18789548,0.57491208,0.55792,0.61007349,1.03777419,2.64552748,0.98063655,0.40246129,0.39457906,1.41367036,0.89983285,2.33350894,0.7029805,0.42846726,0.37737,0.49085482,1.10137652,1.1924942,0.09766517,0.56272571,0.21555779,0.62475731,1.08987685,1.87198409,1.04822992,0.03571205,0.1071208,0.86812524,0.52634527,1.059300206,0,0.85552846,0.84695845,1.71110901,2.19939749,2.82860852,0,0.48366114,0.06975223,2.28327098,4.31631593,1.25202981,0
WHI-P154,S2867,214,1,0,0,0,1,1.022457642,0.999114679,1.136468868,0.979635776,1.361490567,0.805089647,0.775514241,0.834897266,1.001319609,0.800002579,0.931730883,1.04265147,0.506446998,0.713628963,0.616806449,1.005449871,0.982200613,1.000373552,1.037354061,0.35767029,1.332316039,1.03564728,0.849434078,1.109879963,0.12,1059,0,1.42730154,23.0814151,210.189092,0.87978732,0.31319348,0.40505093,0.39856,0.09230213,1.11611617,0.57714508,0.68869487,1.47363298,0.74371306,0.20983772,0.55671659,0.40286261,0.08756333,0.36211558,0.01478,0.0116845,0.1017074,0.045434,0.00399503,0.50108456,0.21603337,0.14707212,0.63330904,0.40386404,1.07416698,0.68209727,1.53472273,0.84331325,0.8775472,0.589559561,0.164822059,0.84080777,0.78369758,0.31871408,0.78828277,0.53713416,0,1.01110067,0.00184248,0.13029471,0.06194601,0.91667471,0
ZM 323881 HCl,S2896,215,1,0,0,0,1,1.262344447,1.063566074,1.404045327,1.114559971,1.137202022,1.109543088,1.288469146,1.277544087,1.725521246,0.810270306,0.754819956,0.871605679,0.485137868,0.572454746,0.650028499,1.052956298,1.273802129,1.645872245,1.010542216,0.320335186,0.988809766,1.083176986,1.047659835,1.046168052,0.139,1061,1.28054203,2.81202408,105.825151,2058.04474,1.52338654,0.37074741,1.70698163,0.90689,0.43935035,0.1464417,0.73462538,1.02617401,0.87236708,0.80256482,0.69762158,0.79775258,0.44920659,0.12620206,0.11394694,0.56131,0.32627019,0.77712427,0.12437716,0.25803724,0.98684709,0.67515023,0.63672754,0.90120601,0.8267611,0.02058498,0.50277867,0.50501021,0.84933372,0.85334531,0.215681217,0,2.00292932,0.92022684,0.99686898,1.29950823,0.60904361,0,1.15490594,0.03325042,0.2546307,0.36561341,0.5239575,0
Guggulsterone E&Z,S3792,216,1,0,0,0,1,1.102129667,1.01493242,1.145607408,1.074369786,1.287900285,0.861538462,1.336827532,1.214123928,1.136447612,0.935243206,1.060687932,1.05963474,0.550367484,0.789579542,0.576500285,0.920514139,0.73129565,1.162121778,1.070963275,0.859454078,1.282468633,1.045653533,0.814928113,1.020775623,0.108,438,5.85681169,1.62902359,46.3650263,2100.90256,1.4350444,0.20254125,1.21024398,0.5051,0.31111311,0.80986376,0.9122486,0.36969843,0.47209174,0.04063426,0.26600434,0.90297675,0.99605453,0.20365368,0.49596322,0.07617,0.77338825,0.73683681,0.28976932,0.16600059,0.35348719,0.20211095,0.76093209,0.96193652,1.11802926,1.25899587,0.02966469,0.03674642,1.03297349,0.73578911,0.092450758,0,0.80167512,0.15872651,1.04442343,1.60794662,0.75422257,0,0.22627647,0.00533195,0,0.34917487,0.125976,0
Mevastatin,S4223,217,1,0,0,0,1,1.054239379,0.95732751,1.149262824,1.184175114,1.188982564,1.06697513,1.575949367,1.162675942,1.499076273,0.740303083,0.760911394,0.856442045,0.569190549,0.618618906,0.691800342,1.061388175,0.983657121,1.018677624,1.123831702,0.745706463,1.24754154,1.032520325,1.050596513,1.069252078,0.113,164,0,2.39905279,561.150344,4654.16445,4.08565651,0.08494574,18.4413769,1.90281,3.75819503,0.54676762,0.99602022,1.10099625,6.87527149,0.89434195,5.48090385,0.92246187,0.93370003,0.75382175,0.2963472,0.35695,0.674465,0.83732498,0.27008059,0.23169056,3.47836649,0.70030627,6.24632697,1.33447502,0.97831471,2.61039659,8.42433798,0.21352698,0.83659992,0.71075633,0.314187323,0,87.5660484,1.3231756,2.49349833,2.080065,1.00544014,0,1.43715316,0,0.73343315,0.68810205,0.59254645,0
EUK 134,S4261,218,1,0,0,0,1,1.387947611,1.246296406,1.258559766,1.03059119,1.102869271,0.902718334,1.496439873,1.304157903,1.536025337,1.388489991,1.345430282,1.759588082,0.843604795,0.868307633,0.678364954,1.171208226,0.930922955,1.212177811,1.141580388,1.134821206,1.456425907,0.983114447,0.83254818,0.954293629,0.104,349,0,8.25845981,262.627139,3645.66431,1.19935075,0.33338986,2.83222136,1.13258,0.4032332,0.61073076,0.91850392,0.50728341,1.07698057,0.86455175,0.59881929,0.92869027,0.8694354,0.44292424,0.70966398,1.37886,0.76361158,0.96153165,1.45356103,1.62310849,0.85862511,0.98359561,0.5159578,0.94483269,0.82653905,0.20366254,0.89377286,0.63549662,0.8962305,0.87589426,0.372304508,0,1.50135248,0.80024209,0.99051112,1.18864229,0.83371778,0,0.10877682,0.36952509,0.3672114,0.40334297,0.87925124,0
Dibucaine HCl,S4038,219,1,0,0,0,1,1.273881653,1.047512247,1.176678445,1.066834126,1.191656016,1.039676113,1.48931962,1.172949361,1.617841119,1.491167257,1.218158098,1.549116843,0.638208455,0.673019826,0.661753929,1.371105398,0.924154476,1.701905118,1.136293546,0.734339998,0.970159376,0.997498437,1.021963903,1.024007387,0.102,514,1.18258837,9.90219427,362.86713,3524.31741,1.24685208,0.08839169,2.50220559,1.52627,2.55493282,0.37919057,0.82600323,1.5631003,0.89939864,0.90122591,2.3120642,0.95034712,0.69259807,0.52068931,0.57413144,1.04444,0.86800096,0.82248191,0.10921908,0.39239631,0.50553589,0.91702806,1.64902499,0.93663743,0.84847248,1.32217154,0.35145716,0.81119759,0.88726764,0.80190147,0.225812485,0,0.73264848,1.04615429,1.28383858,1.11349164,0.81189936,0,0.33359813,0.00218655,0.24394992,0.24711332,0.36651738,0
Fenbufen,S4526,220,1,0,0,0,1,1.353335994,0.890987428,1.338613379,1.0797524,0.964694019,0.816657027,1.903481013,1.107911341,1.111111111,0.947271114,0.961669655,0.812770779,1.175553692,0.87865147,0.833971175,1.244832905,0.949214985,0.88419873,1.323598829,0.920766614,1.314004747,0.997498437,1.002141328,0.936749769,0.115,499,0.23109558,15.1947728,448.993366,1633.34311,0.07658343,0.36233744,1.04379476,1.36102,0.73168003,0.70014332,0.88831045,2.7623743,0.57287383,0.7913245,1.6827369,0.60490586,1.10372024,0.39112613,0,2.52852,0.68247135,0.68559438,0.64279204,0.05192914,0.14600344,1.58952397,1.36631073,0.77159969,0.97154459,1.82585378,0.23772238,6.85546252,1.08950834,0.91985607,0.67424576,0,0.41020782,1.91189004,1.09601251,0.71699441,1.09034939,0,1.3764949,0.06254584,0.54567242,0.21141914,0.70014855,0
Griseofulvin,S4071,221,1,0,0,0,1,1.765410151,1.339550257,1.763372731,2.830178523,2.11596684,1.021631001,2.74752769,1.297120207,1.77249934,1.287132862,1.022713645,0.854622409,1.891777241,1.402643425,1.251201042,3.883804627,1.415126266,1.367575644,1.338704094,0.520202439,1.142760258,1.235772358,1.028571429,1.023084026,0.098,443,0,8.09114799,71.6044285,3501.73938,2.30776651,1.4596427,2.45342345,1.6173,0.5494244,1.33700607,1.22714676,1.27124657,1.29225195,1.04768385,0.80311602,0.74332381,0.9504042,0.7068089,2.54366031,1.23482,1.87997449,1.74817924,1.30889047,7.210285,2.08841626,0.76025899,0.6048861,1.03963515,0.82615255,0.50215584,3.11292124,0.60028537,1.01041181,0.91916993,0.209174022,0.678261784,0.70854306,0.64006984,0.50207209,0.85620728,0.72748232,0,0.85488007,0.88135754,0.99253021,1.7710144,1.26833578,2.8918447
Cyclandelate,S4189,222,1,0,0,0,1,1.344628669,1.078675559,1.280857804,1.151879429,1.283256921,1.049392713,1.567642405,1.17505258,1.521245711,3.751533913,1.442893298,2.412837433,1.23616633,1.068096926,1.189886817,1.107866324,1.055625763,1.085917071,1.271485666,0.976603335,1.909799932,1.123827392,0.953686143,1.075715605,0.113,590,1.36463886,5.77510728,818.649593,2056.24549,0.78863155,1.67617962,2.10929128,1.26617,100,0.89649778,1.15334519,3.5483064,0.98226987,1.52046386,17.3121524,0.97547618,1.13079897,1.79328075,0.47761778,1.25583,1.61504169,1.20202898,0.98425462,0.98441253,1.03547117,0.97307865,5.16211919,1.0037569,0.91699729,2.79177088,0.90022501,4.16015046,1.01014224,0.90298035,0.27531217,1.359469056,1.28043929,1.10098911,5.24471818,1.14671833,0.94187492,2.83619168,0.42271036,0.81632054,5.46293314,0.84312008,0.74667186,2.18572612
Lycorine hydrochloride,S3800,223,1,0,0,0,1,1.375539673,1.23779732,1.355428293,1.614066565,1.224722395,1.655523424,1.660205696,1.016421291,1.890736342,1.267624182,1.154392401,1.713490635,0.575820056,0.525715928,0.635371712,0.943136247,0.328785315,1.152409414,0.972401422,0.333526923,1.042048152,0.97873671,0.908901805,0.99076639,0.128,3041,0.15842517,5.40830329,417.879397,5957.36811,4.07167203,1.06221199,0,0.07157,0.05435385,0.85419633,1.29273145,0.30584246,0.21610098,0.03203753,0.01094787,0.48142113,0.43089286,0.89255332,0.44028515,0.07622,0.23364201,1.1642453,2.4566549,0.11961087,1.26429234,0.21443037,0.26863061,0.83836218,0.89700119,0.66067463,0.01894587,0.02094914,0.70874607,0.88811672,0.084684078,0,0.45578677,0.10659533,0.36526769,0.81790387,0.96488582,0,1.04028009,0.25132803,0.40067505,1.66181354,2.44953581,0.62203018
Nelfinavir Mesylate,S4282,224,1,0,0,0,1,0.870297137,1.081980759,1.192396734,0.930833408,0.913617016,1.163215732,0.965090981,1.03041579,1.567168118,1.120942374,0.709069364,1.768079717,0.373501702,0.55617278,0.765328556,0.75125964,0.433354039,1.082555099,1.112125122,0.828673359,1.524584605,1.02876798,1.106393392,1.117266851,0.099,570,1.95781784,4.80760541,442.784019,6031.59514,1.66655718,1.50316585,1.65185978,0.06121,0.35259442,0.33139614,0.36344932,1.28589359,3.18652776,0.07838085,0.53529697,0.34099203,0.34621405,1.01982958,0.42033744,0.12149,0.70362091,1.09102311,0.44000878,3.1335252,6.08488342,0.54829064,6.84671403,0.8188862,0.7902169,9.90289748,0.08290062,0.00306966,0.51569405,0.19641341,0.039826741,0,4.1710077,0.41027253,1.04335117,0.76542072,0.40049611,0,1.10434464,0.13963243,0.42771828,1.04779485,1.66185921,1.26286992
Vinorelbine Tartrate,S4269,225,0,0,0,0,0,5.634945398,2.246827598,1.239917144,10.34610209,4.489147896,1.188663968,3.845826741,2.337000485,0.894167326,1.483099757,0.898422379,1.217336533,3.834933162,1.724260128,0.747251852,6.76277635,0.84383233,1.492715727,3.938320169,2.099643242,0.802984062,1.76985616,1.48449067,1.20498615,0.102,580,5.11784508,10.6324171,221.430323,10603.2297,1.6397331,1.06386522,6.37370725,1.48012,0.03521501,0.94657105,2.34246826,0.86022129,5.38843106,0.16673708,0.02388291,0.35256099,0.28775646,0.46364401,4.62542341,0,2.10535335,3.82185916,0.72710937,41.6459248,6.56626967,0.08409015,0.07171153,0.59100895,0.2791604,1.95941072,0.08738019,0.00196062,0.53390617,0.0087019,0.00780401,0,7.90710521,0.20026971,0.20934748,0.68850636,0.40096425,0,3.34533031,0.51920408,0.20156899,2.84994946,1.29743799,0.4572115
Tannic acid,S3951,226,1,0,1,1,0,1.97351522,1.418638966,1.710003655,2.225890374,2.580584642,1.423250434,3.52096519,1.69883514,1.980997625,6.013954114,1.778700047,2.454082517,2.656301485,1.730198257,1.483755395,1.290694087,0.827425193,1.280911468,1.315290934,0.578943002,1.340115293,1.347091932,1.278923218,1.44598338,0.094,461,0.07099693,4.63565374,75.4501971,1503.37748,1.16472546,0.64292951,8.55183853,2.53894,0.25426827,1.02256082,1.03339592,1.31993166,0.53883439,0.4567913,0.20296641,0.54588647,0.20481534,0.70817573,0.70872028,0,0.05371564,0.34707324,0.08329904,0.18312258,0.98415011,0.7816065,0.29879153,0.80924879,0.66893484,0.93704191,2565.56252,0.1651308,1.02783588,0.39639898,711.6751454,1.796235814,2.40911085,2.18396234,0.97688467,1.10310887,1.43843714,0,0.57944592,0.10726114,0.11898026,0.29534466,1.15829676,0.29866508
Mefloquine HCl,S4420,227,0,0,0,0,0,1.956971302,0.900903028,1.527963933,1.303310308,1.280864885,0.972585309,0.880241297,0.925497492,0.940617577,1.123729329,1.275702751,1.325908152,1.010526316,1.221434728,0.849116521,1.518766067,0.582346263,1.1878969,1.368914624,0.40471252,1.212953544,1.326454034,1.177607831,1.072945522,0.105,467,0,6.10344738,1810.64613,4194.20117,0.4537645,1.48942033,1.04160099,2.75517,5.33354036,1.97308159,0.53895543,1.17963349,0.9120661,0.674764,2.84906395,0.58674433,0.88613302,1.12670804,0.29194027,0.31835,1.60049334,0.82061823,0.51287439,13.4120756,1.67880527,0.53246008,2.78944834,0.87508976,0.74706181,3.54199481,0.07002407,0.09430138,0.96393255,0.510929,0.300410387,0,1.29009802,1.33620508,5.11997521,1.07711453,0.62414694,3.36409691,0.63711571,0.16239963,1.21707618,0.50777078,0.41316782,0.80527865
Sertraline HCl,S4053,228,0,0,0,0,0,1.776076624,0.942690197,1.443523821,1.137525792,1.073883423,1.230769231,1.495549842,1.202637114,2.226972816,1.049801697,1.154910822,1.72198227,0.474720071,0.764294608,0.725999511,1.060359897,0.664381948,1.178558087,1.047927746,0.347050527,0.981688708,1.165103189,0.931661058,1.131117267,0.105,473,0,4.01671499,200.075535,1766.4755,0.59201257,0.64271548,0.89105063,1.66413,1.11802897,0.7268258,0.98306592,0.2929877,0.73014574,0.28870271,0.62795177,0.43577061,0.44569952,0.60687507,0.47252064,0.16904,1.06088419,0.61225327,0.16776973,1.01592506,1.05523135,0.29528906,0.57346745,0.70423617,0.3906385,0.19974022,0.05250083,0.63893121,0.95704592,0.92650476,2.228087447,4.596749219,0.37432689,0.48536317,0.93106364,0.75544321,0.30650338,0,0.59776239,0.14961262,0.39791931,0.35272795,0.91586246,0.39055343
Norcantharidin,S3759,229,1,0,0,0,1,1.214018793,1.152334297,1.068112587,1.166233067,1.268482582,0.91659919,1.544501582,1.458501861,1.321192927,0.8909453,0.861744142,1.116043458,0.735756918,0.72473901,0.605325299,1.435886889,1.302289717,1.251774374,1.309626459,1.39508836,1.417768735,1.118198874,0.914775161,1.055863343,0.124,1214,0.97067055,7.10473776,274.622025,7723.63259,1.03240108,0.9592948,8.00448844,2.82853,9.41832231,0.91012311,3.0989706,2.60564686,1.15027992,1.7186046,7.11575949,1.01311836,4.49333566,1.59490351,0.8810681,0.80264,1.68914193,1.35150281,1.29960427,9.59914603,1.53979139,1.23682556,1.71056576,1.51460687,1.39512266,2.41952802,0.48912494,1.65426518,0.85287865,0.99610201,1319.086471,6.78609823,2.87820887,1.5345777,3.24146522,2.09902181,1.47681625,2.52650539,0,0.42458524,0.69370175,1.32636362,0.79487437,0.37680131
Teriflunomide,S4169,230,1,0,0,0,1,1.191162065,1.170985068,1.188010235,1.128195927,1.269045414,1.035511857,1.16653481,1.227713962,1.380311428,2.00748722,1.382886148,1.896667333,1.249543728,1.199406187,1.122954157,0.984678663,1.061323281,1.010085917,0.992415898,0.75649216,0.8982706,1.12195122,0.958091159,1.162511542,0.126,1383,0.12290185,10.5198771,338.134514,1301.18527,1.75178704,0.63880357,1.10486247,1.06531,0.92420106,1.3454054,0.622271,0.66224084,0.94415516,0.7500597,12.51228,0.99019423,1.40005062,1.01382478,0.55344422,1.05496,0.61624218,0.69293752,0.47438705,0.25147331,1.18651236,0.83809528,2.02190751,1.01416693,0.94427366,1.53968736,1.34335403,46053.1971,0.93070532,0.98246537,0.863146257,0,1.50398187,1.09531354,1.58957901,1.26037869,0.98822712,0,0,0.50565667,0.50517387,0.27235802,0.52020302,0.34941157
Imperatorin,S3809,231,1,0,0,0,1,1.163516308,1.049637018,1.247227976,1.142190724,1.535687065,1.013302487,0.947587025,1.043277787,1.095275798,1.075617696,1.346467122,1.231287076,0.703319686,0.975193947,0.751404609,1.139125964,1.387324095,1.595816212,1.246184347,0.943084709,1.435401831,1.105065666,0.868522484,1.090489381,0.111,763,2.39378678,9.39833241,123.259237,2322.77148,0.19507601,0.87119053,1.21515593,1.45867,0.92869202,0.89586846,0.99620097,0.39638129,0.73764936,1.32727648,2.64918807,0.90983117,0.95430163,0.56785573,0.05334833,0.43994,0.38803263,0.63083495,0.33312105,0.3525852,0.89249771,0.68197822,0.83168247,0.92459614,1.10126407,0.74427666,0.80298185,46059.5299,0.93388299,0.96960645,0.442418288,0.497021968,1.42917195,1.12399813,1.29158798,1.41041388,0.82261973,0.85888683,0.44918784,0.36627216,0.05461921,0.29822655,2.44043836,3.61773757
Valnemulin HCl,S4216,232,1,0,0,0,1,1.421470812,1.201440123,1.352138418,1.291468557,1.340947199,0.992481203,1.064774525,1.019657013,1.089997361,1.176828143,1.385089435,1.579444111,1.84477877,1.230341921,1.262193632,1.148997429,0.735450982,1.104968248,1.216351449,0.753090517,1.130891828,1.24452783,1.145304374,1.165743306,0.1,939,0.05239864,7.39718293,3456.46977,3941.02454,1.43279514,0.7817761,0.81790743,1.50992,51.5062994,1.25886963,0.79810974,1.66520606,0.69620874,1.08357928,147.596786,0.9470035,1.0425203,2.3947564,0,0.2404,0.59409157,0.60980093,0.33268558,0.38677953,0.88992178,1.08413456,2928.96073,0.97784503,1.10261834,6.58278644,0.0985893,0.40027832,1.1256093,0.89762999,0.149277754,0.282215627,0.75501636,1.96647286,817.57302,1.73666881,1.11937344,21.3796334,0.49501871,0.32952083,1.08832572,0.40987239,0.40065863,0.09145907
Cabozantinib malate (XL184),S4001,233,1,1,1,1,0,1.838987048,1.607979697,1.133910077,2.173140755,1.64558001,1.320069404,2.091574367,1.513266462,1.287410926,1.157759508,1.098403009,1.239778711,0.788201056,1.071640647,0.690578943,1.79125964,1.552937649,1.637280538,2.465934481,1.257612213,1.683621567,1.999374609,1.599755277,1.242382271,0.101,722,0.39046194,3.8745636,131.179564,1664.9606,0.14567534,0.97361612,1.36841916,0.51025,0.5148932,2.56984464,0.34213773,0.39327795,0.90737895,0.34690217,0.70066629,0.51926696,0.22171731,0.80297058,0.08198811,0.25041,0.35036654,0.7379816,0.22649467,1.7889143,0.75712694,0.20620802,0.75190265,0.70342539,0.23655945,1.09862519,1.10645792,0.79936534,1.14746092,0.9072217,0.422935263,7.103958552,2.08096801,1.30830235,0.84684886,1.14118739,0.38223107,0,0.13057825,0.26356113,0.15758351,0.28741873,0.48162616,1.75230512
6-Mercaptopurine (6-MP) Monohydrate,S4504,234,1,0,0,0,1,0.976091137,0.874697515,1.098452541,0.993630573,0.820749739,0.989242337,0.948477057,0.789435366,1.035629454,1.413425899,1.00392091,1.170025995,0.666265476,0.808734796,0.619249247,1.007300771,0.414762139,1.153156518,1.065298801,0.396747698,0.943709732,1.178861789,0.914775161,1.096029548,0.102,542,0,8.01957726,0,3440.12561,0.56196488,0.69186706,3.8610047,2.37457,1.61240916,0.82026617,2.40894678,1.48749445,0.72863001,0.81450417,5.08538032,0.90338005,1.76514715,1.33147518,0.85102693,0.26377,0.26589649,0.89859884,0.43827106,0.18421169,1.04555365,0.48599152,2.23049249,1.16428501,1.40870549,2.69782161,0.08963213,0.23260471,1.02655169,0.71309558,0.150396418,0,1.0734423,0.58834882,455.247258,1.24342641,1.10617712,24.2206862,0.23605276,0.1236176,0.76577345,0.35026693,0.60082262,0.45194004
Flibanserin,S3716,235,1,0,0,0,1,1.215977941,1.190816266,1.319239673,1.027002781,1.25595957,0.953614806,1.175731804,1.134444265,1.115333861,1.216872276,1.039821515,1.261614344,1.021536033,0.992912556,0.910430747,1.039588689,0.801379399,1.510646246,1.083425119,0.933045715,1.239742286,1.114446529,0.936066075,1.096491228,0.11,546,0.62213534,6.88050267,204.633366,2162.97593,0.91929736,0.59053814,1.11022578,1.6843,1.39649748,1.09011109,1.19695278,0.29973903,0.65436788,0.91351929,2.26408511,0.92079976,0.74090893,0.45883152,0.70538766,0.57378,0.67761012,0.90564926,0.49142795,0.31885784,0.52077137,0.69120554,2.02555612,0.98999432,0.84006366,1.2222185,0.32229145,0.63837223,0.96481631,0.95310562,0.516693028,0.770353054,1.74398026,1.56489642,2.73830823,1.41965324,0.86651241,0,0.7514894,0.31457574,0.00877262,0.46281077,1.92589743,0
Harmine,S3868,236,1,0,0,0,1,1.075572325,0.879891401,1.08236871,1.006907688,0.827925847,0.972585309,0.75741693,0.580165022,1.037212985,1.052882015,0.860966512,1.067519829,0.602101317,0.496025285,0.723068154,1.031362468,0.720071969,0.98954053,1.055102747,0.554550734,0.994235334,1.1369606,0.925787703,1.103878116,0.101,577,4.97227234,16.9792741,326.378881,1614.75327,1.30429794,0.46305766,0.48832166,3.32683,0.30790273,0.81154596,0.8503896,0.4531925,0.34259893,1.0970782,0.33132973,0.34380681,0.47692324,0.39463758,0.54226051,2.37173,0.5977979,0.653976,0.62310179,0.41249416,0.07912174,1.62983522,0.61550864,0.67712096,0.58493491,1.84843404,0.10489969,1.51531164,1.18841656,0.68871537,0.081123834,0,0.59957641,1.90768484,1.05394968,0.64586837,0.54788822,0,0.19479719,0.54325674,0.23176655,0.28266803,1.59921682,0.60404889
Vinblastine sulfate,S4505,237,0,0,0,0,0,2.932191706,1.779141828,0.994273181,5.119224904,2.502210288,1.013302487,5.856111551,2.601359003,0.992874109,2.513099411,1.343615811,1.361087782,3.557322547,1.512498803,0.52642293,2.295938303,0.542720672,0.738886814,2.469333165,1.222849083,0.652085453,2.078173859,1.516794127,1.132502308,0.096,372,3.59149879,10.0989304,0,10804.8451,0.10159647,0.76583573,12.6486208,2.684,0.11905944,1.01621031,2.43419344,0.63022047,7.016789,0.25914217,0.00280168,0.4592879,0.3277187,0.37986506,10.7319726,0.15609,1.61137488,2.31210614,1.18907322,1.20557656,8.82270942,0.18652284,0.04454975,0.64472436,0.3587656,1.30499113,0.10273487,0.0036332,0.52933599,0.01281747,0.018825097,0,10.9089584,0.34499464,0.21993581,0.70880445,0.5250236,0,3.00604737,0.77578474,0.17792693,4.15573466,1.87656355,1.36984797
Topiroxostat,S3719,238,1,0,0,0,1,1.269963357,1.029569734,1.171926404,1.120301426,0.958643575,1.051243493,1.018196203,0.919915871,1.128529955,1.705909423,1.11758456,1.096634007,0.529295122,0.697730102,0.639035909,1.140565553,0.935635188,1.067613,1.095509331,0.760557538,1.031536114,1.221388368,0.966901193,1.162973223,0.103,682,0.41214122,5.81549551,228.235898,2065.6286,0.90996968,0.75995996,0.52926365,1.01732,0.93268164,0.29472336,1.25946855,0.66987399,0.83358087,1.13286457,1.25264499,0.86820447,0.91662343,0.53599445,0.11722556,0.77855,0.72393438,0.89439001,0.31165821,0.3329053,0.60828289,0.98178154,0.63454759,0.87770903,1.02530954,3.2091084,0.77849126,46053.643,0.95574424,0.98262663,0.410134717,1.382958127,0.65462026,0.83201032,0.93042634,0.9501402,0.76896456,0,0.41572892,0.24896201,0.29868134,0.35113382,1.55060561,0.46100637
Nicardipine HCl,S4181,239,1,0,0,0,1,1.325037188,1.082689016,1.567442427,1.465865255,1.290292321,1.202082128,1.004252373,0.757563501,1.152282924,1.192963142,1.061724773,1.15364927,0.494135056,0.625802126,0.692533181,1.165861183,1.003234305,1.596563317,1.100796173,0.575624326,1.440827399,1.184490306,0.925787703,1.146814404,0.095,447,3.28805729,5.37958288,204.578735,2370.58406,1.26357531,0.82765,0.05210433,0.56165,0.24069434,0.03044724,1.03307048,0.70398854,0.54306643,0.6008099,0.72934993,0.63546407,0.66789922,0.65026638,0.72661115,2.35535,1.01547114,1.02757177,1.73166824,0.74664277,0.6286342,0.77404028,0.89303417,0.86577742,0.96483493,1.80328852,0.84442061,0.7672371,0.9443341,1.03494993,1.637949252,1.268675851,0.31580528,1.131093,0.85696102,1.02249015,1.09440155,0,0.4966595,0.88591777,0.94367702,0.71064145,1.89750361,0.25893266
Carvacrol,S3788,240,1,0,0,0,1,0.840039183,0.794664463,1.07798221,1.072934422,1.311117104,1.080855986,0.859177215,0.98705711,1.125362893,0.944924205,0.965168992,1.145157635,0.376934839,0.836701465,0.594576989,0.941902314,1.049671215,1.031751961,0.870818517,0.463950884,0.82027806,1.051907442,0.907433466,1.002308403,0.096,613,0.78993279,8.10856876,355.205562,2794.24727,0.47305414,1.06038202,0.75652069,0.90731,2.98819017,0.76725372,0.81425424,1.44875567,0.7927876,0.80803586,6.42746853,1.04652657,2.00310473,1.11914086,1.40979687,1.77318,1.65506704,1.21089899,1.35776442,1.8280171,0.8063432,0.9734265,1.33234281,1.06177091,1.20385466,2.43456044,0.5797096,31529.8113,0.94715773,0.98216396,0.937183426,0.814617998,1.0715459,1.12973403,1.47598422,1.36016178,1.18893781,0,0.61273915,0.52745718,0.28372536,0.40368646,0.65929711,0.77234893
Regorafenib Monohydrate,S5077,241,0,0,0,0,0,0.739205527,0.592541831,0.847861049,1.405900562,0.712435614,1.518664138,0.809074627,0.283220436,1.317296512,0.751308423,0.415823193,0.640189683,0.28958339,0.242708185,0.593702489,0.871071791,0.154518941,1.070968849,0.902748931,0.194769983,0.85031356,1.173045931,0.910717502,0.903732809,0.099,394,2.69184674,2.34278096,0,1990.02707,0.68462212,1.29188526,0.06035079,0.01387,0.02306292,2.56925526,0.07034123,0.66625366,0.01750289,0.00114834,0.00811782,0.07746431,0.01129509,0.58681528,0.42419604,0.15036,0.04673821,0.51757057,0.0938058,0.17452811,0.14447272,0.06129649,0.09845778,0.27610127,0.46589199,0.49565092,0.00451566,0.0016804,0.26107139,0,0.001517177,0,0.02549104,0.05494931,0.12839485,0.49742257,0.01546323,,1.3365924,0.16847653,1.02571181,0.68097074,1.25327755,1.36781188
Perifosine (KRX-0401),S1037,242,0,0,0,0,0,1.016966372,1.047113243,0.954969444,1.29218523,1.791169978,0.975253249,0.857552239,0.802749975,0.961482558,0.666979126,0.730947034,1.107964087,0.571428571,0.840479931,0.638103786,0.979817528,0.736301566,1.363768987,1.184605987,1.470597822,1.14115349,1.101128122,0.952506755,1.001344225,0.14,163,1.50809625,2.76225283,374.500824,1653.82692,0.74824818,0.85295148,0.85931388,0.8916,0.7421243,0.89539469,1.26100802,0.94937421,0.96748124,0.35518493,0.9041536,1.11962551,1.52857464,0.57574634,2.06369206,1.5597,3.59727972,1.47686672,1.77982761,4.32399893,1.19634,1.0378436,1.1452428,1.27253167,7.4810339,0.42341395,5.61774004,0.43799207,0.85774467,0.79425529,12.80311775,1.644042179,2.69533484,0.63928772,1.21590483,1.63566822,0.84447649,,7.80486752,0.47624864,0.93089404,0.9284936,0.47069649,0.77949048
Propyl gallate,S5113,243,1,0,0,0,1,1.279691151,1.098737936,1.097137343,1.195906248,1.055040471,1.069614691,1.009432836,0.844808412,1.164680233,1.159102547,1.124425993,1.23678573,0.600637585,0.701042708,0.746908944,1.309372408,0.663877135,1.652106754,1.159682346,0.760767464,0.925876426,1.178485093,0.992854998,1.100196464,0.119,341,1.7182281,99.5877929,7851.66785,11975.8678,2.27180418,0.99669351,2.04005128,2.83461,11.1528648,1.04173367,2.17632644,0.72716021,0.70809423,1.45085267,18.9894221,0.99670784,1.32741673,1.92745851,4.71454277,11.4498,6.20063986,4.73187621,6.37437718,145.466143,2.18672326,11.4563737,3395.30317,2.08357036,0.00140222,0,0.35831181,0.61855391,0.85299136,0.74511535,0.205358238,0,3.40437786,7.87252882,746.090093,2.52105261,2.99569789,500,1.53025436,3.02050411,12.2219768,4.07006008,2.03949484,0
LDN-193189 2HCl,S7507,244,0,0,0,0,0,3.692573402,3.45405745,1.719202316,2.26331417,2.868432671,1.443730052,1.338507463,1.092373538,1.229215116,1.092878531,0.795875571,0.858157861,1.355385412,1.094586488,0.737017566,1.353607962,0.687141966,0.762722046,1.687477092,0.99162901,1.077618999,1.649274778,1.796937856,1.09192431,0.14,190,0,1.65324124,310.188656,2487.3712,0.61427156,0.09493506,0.98674175,1.07575,0.4893391,0.62470735,0.92325132,0.26450545,1.16102331,1.12326199,1.47775709,1.00018592,0.94892499,0.31795682,1.3381547,0.92361,1.17737716,1.1662487,0.91987853,0.39124481,1.20561693,1.40445302,0.7790798,1.24738349,0.14509517,0,0.77935631,48254.1044,0.8678642,0.86926995,0.31967404,0,1.23261309,1.12134126,0.9877314,1.274109,0.91612173,,0.30032976,0.20713308,1.88441676,1.00026492,1.41759749,0
Promazine hydrochloride,S5428,245,1,0,0,0,1,1.078126587,1.08137742,1.11772274,1.347905743,1.324650478,1.073500162,0.975522388,0.880665925,0.934447674,1.311600052,0.991462769,1.060941739,1.473420343,0.980859877,1.25180884,1.227168003,0.892196166,1.200377585,1.131093464,1.011363805,1.172612316,1.325946817,1.09732813,1.106400579,0.106,425,0.7862875,6.0401246,285.366164,2997.32394,0.91693638,0.0135483,0.66984659,0.54989,0.39513093,0.79412774,0.53315912,0.43701498,0.56075819,0.7467368,0.66670553,0.80226843,0.74214775,0,0.32389141,0.86412,1.24464452,0.96310941,1.07011671,0.94924839,0.73220714,0.90698452,0.45053586,0.9737576,0.57895749,0,0.19281025,0.75816486,0.85073879,0.85393868,0.127460733,0.018674583,0.70706317,0.85790504,0.71000808,1.13880135,0.70730452,,0.9347009,0.00757156,0.39694192,0.67607987,1.13944071,0
bpV (HOpic),S8651,246,1,0,0,0,1,1.111246571,1.232825081,1.261177227,1.416513993,1.538337013,1.14787918,0.936119403,0.716004448,1.271947674,1.284381374,0.933247522,1.96710158,1.039426719,0.76909013,0.995951862,1.114735969,0.524773674,1.570754312,1.116065974,0.522972072,1.331140125,1.173650282,0.910717502,1.063385379,0.146,145,7.53405631,0.58651138,273.644689,3713.87402,0.31991174,0.01211947,1.88509973,0.16105,0.10491388,0.05807233,0.45667589,0.16972937,0.30390755,0.06436692,0.11445273,0.42951765,0.53085735,0,0.406374,0.03596,0.61113647,0.79767161,0.48783728,0,0.9379776,0.39855911,0.26865407,0.75101304,0.07571171,0,0.0727086,0.24987529,0.93963047,0.8465633,0.109050365,2.081453127,0.48652728,0.12529962,0.57741678,0.95082448,0.60745804,,0.50044822,0,0,1.02291441,1.05358847,0
Nilotinib hydrochloride,S5205,247,1,0,0,0,1,1.082190389,1.027468448,1.110968157,1.126918946,1.036497425,1.037975855,0.955701493,0.748289691,0.92877907,0.85422905,0.745676193,1.045757439,0.55442631,0.760091416,0.706464199,1.072712192,0.79416019,1.269715953,1.319120342,0.895266316,1.475789041,1.202659146,0.945301711,1.159342364,0.106,687,0,3.08368921,58.9566459,19105.838,0.67863244,0,0.02065349,0.10857,0.25012256,2.59106,2.98534832,0.10302612,0.19380673,0.03129171,0.1284903,0.64659998,0.62290846,0,0,0.57116,0.26956425,1.43381545,1.64964495,0,0.52483257,0.1720567,0.24066082,0.93810714,0.49159336,0,0.00536727,0.03546712,0.92682,0.45477156,0.095884607,0,0.37958382,0.24468359,0.64890712,1.90870194,1.54591557,,0.23387515,0,0,5.58754889,1.04865341,0
Fosbretabulin (Combretastatin A4 Phosphate (CA4P)) Disodium,S7204,248,0,0,0,0,0,9.22787768,1.254982582,1.180443873,15.82576284,1.261810155,1.065174152,9.482268657,0.841977555,1.149854651,8.349572538,0.820624566,1.451815011,5.558867606,0.812969576,0.768010551,8.140079255,0.768224961,1.086415515,20.24642639,1.547403511,1.14084507,18.45084609,1.089402582,1.074966394,0.143,142,3.85996718,1.89983945,594.250921,7261.7166,0,0,86.8531596,2.30615,56.4111902,0.0160691,10.9541569,3.81523425,3.38560001,1.54654988,6.01696151,0.77371231,1.77343036,7.08936043,9.06768485,0.58091,4.72400821,1.87770943,1.75720503,51.4242016,16.2539856,2.52605529,6.99984838,1.30559279,0.45679048,0,2180.78936,0.2768145,0.8739868,0.8003202,305.7881384,1.327274133,28.4483673,2.59363325,387.38023,2.24827938,1.08998207,500,2.33100993,0.01537289,0.95203584,2.99923503,2.32827158,0
Latanoprost,S4709,249,1,0,0,0,1,1.44529107,1.137799098,1.326793181,1.388843262,0.685062546,1.105694065,1.104,0.389984161,1.07747093,7.648934601,0.558104864,0.977672997,1.119206561,0.351721183,0.97287198,1.250575984,0.232324629,1.322234618,1.356139279,0.392562412,1.296597101,1.092062853,0.837946563,0.970737256,0.105,504,1.22683046,2.47358837,553.319329,3395.41813,0.35206948,0,1.18257239,1.16126,9.76994592,0.36627827,0.72997539,0.73355453,0.66032781,0.83761755,3.87102882,0.83837323,0.67462091,0.15375016,0.38222752,0.51103,1.29894314,0.95895574,1.49578797,0.32015225,0.73452592,0.86774735,2.37576378,0.97049604,1.05304572,0,0.47247936,0.68034516,0.85944248,0.81007905,0.146177375,0.832782928,1.08632272,1.21427694,3.92409581,1.30671097,0.84006956,,1.2906654,0,1.8256748,0.73930769,0.43465821,0
Plerixafor 8HCl (AMD3100 8HCl),S3013,250,1,0,0,0,1,1.297165498,1.118154303,1.239948537,1.45972582,1.678587196,0.988019797,0.901253731,0.92360058,0.933139535,1.385357809,0.831445989,1.561044008,0.757254571,0.921982574,0.926052791,1.161551931,0.887705042,1.560799794,1.2106292,1.275561153,1.266680374,1.153706688,1.060582408,1.003825871,0.139,154,0,1.05114854,10.7152092,1359.75281,3.43559441,0,0.06401318,0.04613,0.06694683,0.97248987,0.94352649,0.17106523,0.14230061,0.00748488,0.04028944,0.30292492,0.3852084,0,0.15682556,0.40889,0.1290558,0.52371401,0.08069992,0,0.30234232,0.30591366,0.0738523,0.72461378,0.78093501,0,0.00220673,0.00201489,0.37674207,0.14692299,0.006435248,0,0.07472624,0.0449993,0.48968656,0.80890294,0.540341,,1.3164641,0,0.07623477,0.43612162,2.17583019,0
Tofacitinib (CP-690550) Citrate,S5001,251,1,0,0,0,1,1.316468556,1.188281652,1.365069154,1.344494283,1.297424577,1.025209307,0.930865672,0.787786877,0.989389535,1.522423296,1.15268193,1.998449813,1.580992344,1.018997286,1.313575,1.129296839,0.850885918,1.215137733,1.482956628,1.041054893,1.488434255,1.205076551,1.101651156,1.031951194,0.102,665,6.25527223,3.88054879,557.853958,1811.09452,0,0,0.0998162,0.10553,0.32510541,0.03020244,0.57490086,0.02408737,0.08753555,0.01308833,0.24254261,0.30452779,0.35076759,0,0.55147974,0.06527,0.1392632,0.38995009,0,0,0.34780433,0.58230184,0.46573207,0.71330372,0.55053961,0,0.00147819,0.00453702,0.42722772,0.60846293,0.005984736,0,0.03039269,0.0756861,1.30340551,0.77542465,0.67915406,,3.91840851,0.01921672,0,0.47365428,0.52841322,0
Dorsomorphin (Compound C) 2HCl,S7306,252,1,1,0,0,0,1.461952657,1.114727885,1.047282084,1.94187883,1.124208977,0.968592442,1.280238806,0.704883227,0.924418605,1.619875884,0.911504478,1.782930715,0.725211847,0.481731181,0.603813676,1.673947102,0.928084697,1.645584828,2.057666463,0.726098229,1.312943354,1.816680097,1.017352147,0.984799917,0.135,224,3.34230967,11.1046959,69.9702021,4838.9317,0,0,1.81169856,0.4177,0.60531749,0.76525276,1.09383212,0.28396542,0.98129964,0.06724531,0.00406568,0.26070891,0.05338624,0,2.7761963,0.6864,2.87463793,1.26526305,0.26404286,24.0047974,1.38061782,0.4989703,0.03110771,0.55079359,1.58747681,14.0555287,0.31735649,0.12653327,0.92854693,0.54413473,0.011078027,0,3.77989892,0.39855241,0.03467139,0.73964947,0.19734676,,0.57811287,0.36372316,1.54075059,2.27001272,0.92848598,0
5-Bromoindole,S5439,253,1,0,0,0,1,1.170374886,1.143281366,1.129623673,1.149662013,1.179543782,1.053517739,0.800955224,0.768712297,0.96627907,1.359232739,0.868419184,1.138332687,0.429416092,0.53872304,0.644698038,1.221269929,0.593111587,1.493864241,1.282467929,0.814904808,1.440012337,1.199637389,1.187391174,1.067107848,0.1,507,5.3473002,1.30109471,486.401313,17455.8384,2.84186985,0,2.57946322,0.11429,0.05699697,0.8045217,7.23439922,0.54945123,0.52921848,0.00833021,0.01159465,0.79807814,1.08426989,0,6.7490583,0,1.08697,2.02611719,4.88691517,0.00437988,6.08153952,0.07374448,0.17758088,2.1650196,0.89618965,0,0.54638857,0.01776556,0.9343889,0.59199382,0.924337158,0,4.43187141,0.2236616,0.14079631,2.27698597,2.65972445,,2.16728407,0,0.59079455,0.73773062,0.54291747,0
TAK-659,S8442,254,0,0,0,0,0,1.696840394,1.47998401,1.878095851,1.261103039,0.743782193,1.049632268,1.24441791,3.064064975,0.587354651,1.446599835,1.367507213,2.107188994,5.506443966,0.241165548,0.497206602,1.398765091,0.281039162,1.314682914,0.387782529,0.186947181,0.255556698,1.319298952,1.2248574,1.271016441,0.132,174,4.50363424,2.13511326,82.9135469,2046.06349,0,0,0.5652165,0.8068,0.79550243,0.66751135,1.2963977,0.10706187,0.78103096,0.86341485,1.33900314,0.84732136,0.63520918,0,1.65554753,0.60644,1.57712185,0.83048751,0.54903295,0.95005563,0.62805946,0.79358051,0.90914747,0.92903198,0.04188554,0,0.51512053,3.90773745,0.81953573,0.8498652,0.259534521,0.080343962,1.24298638,0.94443112,0.95964107,1.24320593,0.73335551,,0.95046001,0.2145203,0.38265524,0.74494943,0.66919387,0
Lapatinib ditosylate monohydrate,S5241,255,1,0,1,1,0,4.496190186,1.542344812,2.044065616,5.296102091,2.315673289,2.552199454,2.14519403,0.935261012,2.455813953,4.555604739,1.092462716,2.910487448,1.352006757,0.811169833,1.211583903,3.000276472,0.330077381,2.096970737,2.492364081,0.504837395,1.936568315,2.500805802,2.030381267,1.849653604,0.2,602,0,0,0,2121.89437,0.60479948,0,0,2.12023,0.96703919,0.97474436,0.59570908,0.06926944,0.36904301,0.39720864,1.07398998,0.40791428,0.56315975,0,0.78011873,0.08367,1.24922928,0.64434152,0.23111993,0.05608985,0.30498362,0.71451208,0.91573135,0.73028803,0.70238888,0,0.05523834,0.37914529,0.91704866,0.75137963,0.46774735,0,0.68340867,1.03114611,1.4045564,0.90683494,0.99903089,,0.42618021,0,0.59686028,0.69820763,0.0500652,0
Ralimetinib (LY2228820),S1494,256,1,0,0,1,0,3.051711876,1.877448461,1.423608877,3.208667635,2.282266372,1.3393774,1.648,1.16786304,1.299854651,5.214685588,1.20829202,3.583494811,1.306231438,1.065190687,0.780979246,2.532116856,0.986792994,1.742383935,1.673549175,1.227379806,1.041842295,1.950846092,1.871149805,1.270602833,0.134,201,0,1.05390699,262.640877,2629.04396,0,0,0.31283298,0.00747,2.01307769,0.66576274,1.02650481,0.03195329,0.62371674,0.00732236,0.07455604,0.70565042,0.50279869,0,3.00450921,0,0.40310855,1.02501389,1.77214589,0,1.41385605,0.00057096,0.38612844,0.89618187,0.85676746,0,0.07631537,0.01249531,0.78552746,0.28659535,0.057956241,0,1.74057022,0.07939333,0.27023992,1.5266167,0.81543883,,0.51542783,0,0.2092446,0.54817889,0.11126692,0
JNK-IN-8,S4901,257,1,0,0,0,1,1.188458803,1.133687396,1.157928594,1.3335018,1.308462104,1.054627874,0.944238806,0.717554679,0.940988372,2.079798637,1.205887259,1.315156311,0.506144247,0.464505071,0.606890993,1.02202562,0.659588314,1.290998026,1.277336591,1.028165049,1.341317981,1.170628525,1.274572201,1.055113225,0.099,611,0,2.43124311,172.268847,1363.00281,0.41604319,0,0,0.17674,0.43403474,0.82090905,0.27301554,0.14543104,0.14800742,0.01412853,0.16280015,0.35149778,0.48973381,0,0.54626919,0.68367,0.73226683,0.67063399,0.52003452,0,0.40321749,0.56903096,0.38124193,0.71814401,0.30767037,0,0.00253319,0.00338916,0.42579842,0.46935099,0.003000243,0,0.15916177,0.06287884,1.05932427,0.84193696,0.49924359,,0,0,0.48843518,0.49135008,0.82771903,0
Icatibant Acetate,S5695,258,1,0,1,0,0,1.788479122,1.497344526,1.765841106,2.291743003,1.466372333,1.284425737,1.310089552,0.840427325,1.217877907,2.170932604,0.865513431,1.955835809,0.690771369,0.557063277,0.628212408,1.900654318,0.68317683,1.396035356,1.316921197,0.867619824,0.972447826,1.279411765,1.238546983,1.022438217,0.13,161,0,0.88408137,320.871216,1823.6383,1.53328406,0.01635937,0,0,0.02719907,0.66363591,0.06553195,0.437304,0.14388009,0.28659868,1.10932566,0.54866356,0.35906038,0,0,0,0.15510381,0.2888404,0.05642005,0,0.15044011,0.6124642,2.80202451,0.77636391,0.53037954,0,0.03146556,0.04762521,0.91346616,0.44351728,0.016895686,0,0.22398478,0.93668277,390.608617,1.20250573,0.3218105,,3.05740168,0,0.33015813,0.61522188,0.74930465,0
4-Chloro-2-(trifluoroacetyl)aniline hydrochloride,S5423,259,1,0,0,0,1,1.448338921,1.230083947,1.679639756,1.513930128,1.297571744,1.21171192,1.160119403,0.910389917,1.285465116,1.682940589,0.976833809,1.747174138,1.440505708,0.881445508,1.537999377,1.182195189,0.939615962,1.17978203,1.332681735,1.133772872,1.519893081,1.394842869,1.36391474,1.227174025,0.099,588,3.99642174,4.46341174,1495.2709,3855.69067,0.26586235,0,0.24720704,0.26817,20098.6966,0.01295013,1.56750503,0.15781725,0.44822781,0.06002205,1.29838093,0.97935504,0.76817383,0,0.70975239,0.36851,2.19122909,1.28819449,1.35867564,0.118763,0.55960948,0.2127374,1.14172519,1.39994994,0.35215505,0.4296637,0.03351642,0.04625826,0.85666052,0.61016622,0.066102255,0,0.92869307,0.17614003,2.94037673,1.97746876,1.16855016,,1.52759109,0.71709607,6.11264045,1.65630458,0.34838957,0
Plerixafor (AMD3100),S8030,260,1,1,0,0,0,2.705475973,1.261835418,1.689289161,2.339124392,1.430169242,1.084601508,3.817074627,1.305361777,2.383430233,1.703840646,0.871124539,1.821136373,1.748617204,0.804227967,1.525909915,2.315915584,0.327771128,1.818930747,3.510568112,0.420120009,1.458209109,2.746172442,1.003662564,0.922345156,0.127,156,0.63726694,1.50360979,742.719003,5643.56608,0.41833659,0,145.700745,1.941,51.4934997,0.00858692,11.1157076,5.97203433,4.12988622,1.86189867,6.51910732,0.77690556,2.26606279,9.88221373,9.59611299,0.85442,5.15203214,1.63451621,1.93743808,38.9647634,8.87829625,2.64669764,6.35670445,1.24080873,0.63274331,0,5770.10499,0.26102036,0.84199767,0.81346747,307.7008551,2.157022168,33.5111754,3.04147675,746.090093,2.01911728,1.4641137,500,4.14295826,0.24162645,3.95063188,2.78607198,1.63969832,0
Metoprolol,S5430,261,1,1,0,0,0,1.428629483,0.922848495,1.159858475,1.072714638,0.717880795,0.825385078,1.305074627,0.708118492,0.791424419,1.350240854,0.670427225,0.776848383,1.878749898,0.917868876,0.939241295,1.795594876,0.681963012,0.928859521,1.988759927,0.422520187,1.153798705,1.0455278,0.971960372,0.901251163,0.107,765,37.8175323,4.57621551,403.586058,379321.438,0.89409461,0,6.09516766,1.5187,0.02401076,0.7710618,3.89310273,0.2197261,5.47171368,0.28067103,0.00988832,0.59916063,0.57573906,0,19.6434589,1.99232,3.04233244,4.24928173,4.90313521,157.383097,30.5454443,3.63778024,0.43663668,1.69588547,1.35119678,0.91859479,0.50692245,0.0306806,0.7053683,0.07956727,0.078216626,0,71.6011975,2.48991478,1.48634716,1.99504775,1.47141872,,17.3285194,0.18852717,2.09538838,274590.008,0.92046614,0
AMD3465 hexahydrobromide,S2879,262,1,0,0,0,1,1.693792543,1.634629661,1.237375362,1.352833407,1.987932303,0.919191452,0.838925373,1.453846932,0.697674419,0.969300872,0.531251703,0.699947251,0.700798343,1.288787316,0.609528694,1.584554419,0.982949239,1.514116537,1.118265119,1.217601304,0.702272026,1.235898469,1.640588412,1.084892979,0.134,186,0,8.32037851,210.579433,3063.60132,0.65141914,0,1.47101176,1.3621,1.48442844,2.3721629,0.94272069,0.22657074,0.99927307,0.7242476,0.88661052,0.80883528,0.64291107,0,0.3178673,0.79384,2.02112263,1.0584336,0.68566613,0.7253507,1.1582174,0.6213454,1.0530686,0.91698622,0.71272503,0,0.35560953,0.33198736,0.84089591,0.79744905,0.113793705,0,0.75000902,0.8344129,1.05314163,1.1667353,1.07914139,,2.74213657,0,0.73058478,0.55858309,0.88997801,0
Daclatasvir Digydrochloride,S5062,263,1,0,0,0,1,1.25266687,1.190109074,1.087166291,1.136774275,1.125386313,0.964706971,0.966925373,0.815758434,0.905232558,1.31087098,1.161599584,1.323973001,0.663851121,0.663933724,0.624475665,1.124688969,0.880219836,0.949455076,1.208063531,1.384369213,1.169219698,0.95910556,0.812008406,0.911177748,0.099,48,0,3.28093249,48.7635829,1373.86201,0.29319822,0,0,0.33979,0.22169249,0.8851551,0.21732394,0.08269677,0.30461263,0.3858237,0.29923507,0.51275898,0.48327387,0,0.33534816,1.06177,0.23072973,0.69473159,0.2585502,0,0.21419448,0.5694103,0.33612946,0.75204762,0.24217518,0.04818297,0.12460633,0.32907843,0.8667069,0.77235604,0.056371607,0.142053664,0.17081904,0.37820132,0.90632355,0.89425014,0.43388462,,2.06088602,0,0.65659771,0.37853692,0.99663253,0
Cyproheptadine hydrochloride,S4635,264,1,0,0,0,1,1.179112059,1.102164354,1.198456095,0.916924632,0.604562178,0.989684999,0.844656716,0.629191521,1.009447674,1.235169032,0.947375491,1.048696336,1.337075284,0.888558777,1.313575,1.125241913,0.790316435,1.153351068,1.084544899,0.847351656,1.23028683,1.160354553,1.03608526,1.073725571,0.1,653,0,14.7237349,1357.51056,4452.96509,0.4462337,0,1.64857061,1.37436,6.56814428,0.97652804,1.43697977,0.34244819,0.84851715,0.98271415,3.98987176,0.8867834,0.82683224,0.08928788,1.42853244,2.16987,3.66027318,1.18981038,0.76865099,2.54491426,0.95817931,2.79320801,9.78880576,1.0732906,0.50966428,0,0.58149315,0.78119264,0.87576979,0.82769339,0.550565574,0.014829441,1.98603718,5.23520777,746.090093,2.65764379,1.72899024,500,1.89148014,0.29897618,0.65392552,0.72747452,0.14827834,0
Cediranib Maleate,S5242,265,1,0,0,0,1,0.894239561,0.981782879,1.044065616,1.208414935,1.055334805,1.025764374,0.791402985,0.620227143,1.053488372,0.912433277,0.710907362,1.368546269,0.423421705,0.501785459,0.609089077,0.948484011,0.733226562,1.353471209,1.056689065,0.704141047,1.29844762,0.914383562,0.810567397,0.928549271,0.109,744,0,2.95814685,448.710894,2344.59557,0.52660901,0.00131165,0.70565259,0.08204,39740.1357,1.29127779,1.48528125,0.25429941,0.34469825,0.0196505,2.87192488,0.952208,0.68844247,0,0.95434634,0,1.2776839,1.00790871,0.77520248,0,0.86055462,0.06785998,3.15488933,1.52193451,0.00541883,0,0.0888982,0.07712208,0.87935564,0.78736311,0.072082098,0,1.51312955,0.20883082,38.5980843,2.30172227,1.37943365,,1.687099,0.17621905,1.90072562,0.93598212,2.10708145,0
Dasatinib hydrochloride,S5254,266,1,0,0,0,1,1.18134715,1.104448632,1.257960759,0.959757407,1.036203091,0.951940423,0.685373134,0.80753547,0.907412791,0.855808705,0.827337856,1.124617836,0.384294706,0.515412084,0.624475665,1.125241913,1.025230541,1.507251352,0.980452046,0.611867546,0.928652205,1.115028203,1.05770039,1.107227794,0.094,676,0,3.32340677,404.58145,2700.40918,0.99840144,0.14748571,0.68548965,0.99271,0.86937373,0.38965464,1.46016667,0.15954707,0.55794387,0.59326361,0.6431611,0.58118147,0.63276707,0.05507409,0.38965464,0.33005,1.26313343,0.8226946,2.28581456,0.19133451,0.8904691,0.74221571,0.97727029,0.90748713,0.78877439,0,0.06755331,0.11894363,0.93877957,0.46795434,0.038427701,0,0.85873345,1.06142648,0.9781539,1.13734702,0.81659445,,1.69645765,0.05223408,0.50599523,0.61514097,1.43000511,0
Stiripentol,S5266,267,1,0,0,0,1,1.743980494,1.230540803,1.373110325,1.389601365,0.936571008,1.037975855,1.241313433,0.599602332,0.940552326,0.827860956,0.612211978,0.811625328,1.785237459,0.7132981,1.253567307,0.858538384,0.281807913,0.81558397,2.008185706,0.571509001,1.189266989,1.248589847,1.201801261,0.913659394,0.099,676,0.72121271,0,291.315005,2457.3799,1.17780664,0.07159993,0.603487,1.19866,1.17971561,1.05719266,0.85300916,0.10768642,0.56672581,0.43582492,0.75372825,0.6448528,0.44605073,0.15599935,1.05719266,0.11589,0.78923608,0.8330243,0.08096776,0.08998385,0.62081369,0.67458663,0.81369005,0.87122198,0.22724748,0,0.31477642,0.53518985,0.90973481,0.78586915,0.106237413,0.021785765,0.55618965,0.61963225,1.01274865,0.99132079,0.43710896,,0.39692696,0,0.76996064,1.19632031,0.92271908,0
Bedaquiline fumarate,S4854,268,1,0,0,0,1,1.092553083,1.078864714,1.137664844,0.92298945,0.632818249,0.972477913,0.971462687,0.802210764,0.982412791,1.194462527,0.791967835,0.896363519,0.630064576,0.614140837,0.722290404,0.977052806,0.740671308,1.173603364,1.271472205,1.063278761,1.371234708,1.211724416,1.031762234,1.057181264,0.097,655,0,1.37844437,462.099905,1142.93203,0.20996652,0.10886501,0,0.20706,0.14782281,0.64874851,1.06517605,0.41692126,0.10436799,0.01307389,0.07743314,0.41936594,0.56485937,0,0.64874851,1.87502,0.78580992,1.11365903,3.00356809,0,0.09899437,0.41565184,0.28332291,0.79604781,0.22156907,0,0.00104377,0.00402604,0.31954053,0.11010652,0.001114256,0,0.09427317,0.09055095,0.41259282,0.84326043,0.92372848,,1.34741431,0.23570911,0.27391486,0.47543306,1.31678174,0
Dasabuvir(ABT-333),S5402,269,0,0,0,0,0,5.202682109,1.506253212,2.574782888,4.910228062,1.258719647,4.549331606,4.169791045,0.997944259,5.787645349,4.735928482,0.873429102,3.259236533,2.197542301,0.822653907,1.672082501,4.575246521,0.568228333,2.790354415,9.104092853,0.589732573,2.287241698,2.721998388,1.320684479,1.712749457,0.117,374,3.06777639,2.08646264,171.591149,1378.94197,0.15292046,0.05757403,0.556319,0.43519,0.01112186,1.0909263,0.63776793,0.24705897,0.51473094,0.43099898,0.00601829,0.53778711,0.62104056,0,1.0909263,0.74346,0.02629254,0.71277399,0.34955976,0,0.92218227,0.54912984,0,0.83019657,0.03645535,0.00082738,0.2060283,1.29371291,1.09483167,0.00715277,0.139260245,0,0.61253445,0.66972348,0.1090479,0.93946435,0.79797278,,1.28977683,0,0.43268093,0.58706875,0.46078396,0
Efinaconazole,S5025,270,1,0,0,0,1,1.370517119,1.214550854,1.176262464,1.185671868,0.636644592,1.090707248,1.081313433,0.687156674,1.005087209,3.223469166,0.81791921,3.513451105,0.586469034,0.51146979,0.690857802,1.194912911,0.848822429,0.931605595,1.101405009,0.814815912,1.221342654,1.112610798,1.061302912,1.055526833,0.086,779,0,0,182.546894,1544.94564,0.22019455,0.1464983,0.59394371,0.47709,0.04160828,1.98989522,0.55286972,0.4173647,0.23521366,0.02999725,0.00580628,0.19267598,0.06235485,0,1.98989522,0.32381,1.18043323,0.85162855,0.12171004,1.23239441,2.17441277,0.11743375,0.11283987,0.50491013,0.81414662,0,0.01160893,0.00559154,0.40362173,0.01847529,0.007326097,0,1.17927387,0.32008074,0.21004073,0.69479129,0.26323707,,1.1513251,0.05645441,0.32656617,0.7534804,2.94989058,0
Nintedanib Ethanesulfonate Salt,S5234,271,1,0,0,0,1,1.261607234,0.948203986,1.085558057,1.205003475,0.767476085,1.075720431,0.793313433,0.465001854,0.835465116,0.893841948,0.56261379,0.81015588,0.578512847,0.540951293,0.676790065,1.325407797,0.712591668,0.986527075,1.283934026,0.365715979,1.281484528,1.211120064,1.031041729,0.973218902,0.101,657,0.08279765,0.87050962,499.765869,1791.87455,0.51072522,0.16215268,0.33374231,1.58288,1.76874803,0.42761067,1.36437302,0.34475731,0.46558155,1.27325051,2.05555403,0.90668721,0.96984178,0.48581989,0.42761067,2.93027,2.67259217,1.38473709,0.59107728,0.77073939,0.63766608,2.88328187,4.8781427,1.15479626,1.14357096,2.29864787,0.09012604,0.35127795,0.94478179,0.56242131,0.090101951,0,0.69804913,2.49383563,2.83107478,1.56965092,1.1772391,500,1.37671417,0.11379349,3.45025192,1.0921453,0.73125166,0
Ruxolitinib Phosphate,S5243,272,1,0,0,0,1,1.688915981,1.188738507,1.444837568,1.811485249,0.352612215,1.210601785,1.849791045,0.338152529,1.072674419,3.045089615,0.519628694,0.939467338,1.294678619,0.316926153,0.861868738,1.709704175,0.52942664,1.464687205,1.670983506,0.705385584,1.318186491,1.411764706,1.152086461,1.205666425,0.097,782,5.79051762,10.4921907,148.886898,1544.38173,1.24256961,0.33038864,0.47997524,0.80765,0.05900731,1.46216854,1.24340361,0.33167275,1.10479337,1.03793113,0.0062175,0.38741848,0.60676422,0.14024184,1.43261087,2.31513,0.03499057,0.73349485,0.48403338,0.0002677,1.6688272,1.09800788,0.0408883,0.74662026,1.29124048,0,0.10893991,0.31954399,0.64836816,0,0.107981294,0,0.68034725,1.60655075,0.15813123,0.66587779,0.70862539,,1.49915767,0.08344203,1.1086068,0.43594443,1.49901863,0
Solithromycin,S5268,273,0,0,0,0,0,1.341867317,0.916224088,1.469604374,1.62044349,0.324356144,1.509227994,0.81838806,0.157584336,1.240988372,1.415371262,0.362317269,0.841014296,0.677583717,0.324725039,1.452713718,1.741222007,0.166212047,1.541234017,1.308491142,0.249885177,1.56738974,1.169419823,1.054818373,0.971150863,0.098,517,1.47424654,12.4313514,1010.67554,5953.31048,0.98203072,0.02288729,2.43739207,1.77011,6.27307419,0.9654167,2.00385199,0.37010779,1.06117599,0.99324854,3.31476978,0.98362316,1.65014909,0.3277296,5.9448082,5.71275,5.46599332,1.97571646,4.85128046,21.428661,1.92200914,2.94657986,1617.87355,1.81565762,0.75024644,0,0.57991774,0.71527966,0.80816703,0.87993357,0.614868148,0.143737623,2.66589989,3.02835184,746.090093,2.31171897,3.01285794,,1.69130825,0.25686112,2.60291388,2.09667359,1.74644322,0
Phenylglyoxal hydrate,S5425,274,1,0,0,0,1,1.203088489,1.140083376,1.182052107,1.208035884,0.835025754,1.066284287,0.884776119,0.697064672,0.925726744,1.266519116,0.558605855,0.930160832,0.547124057,0.527324668,0.722290404,1.015574601,0.72112885,1.073714923,1.163347587,1.056967183,0.946232137,1.131345689,1.062023416,0.966187571,0.101,676,0.01145007,0,168.135135,1385.17034,0.59673666,0.01349435,2.01084681,0,0,0.93048733,0.25951567,0.25995331,1.53353011,0.00051967,0.000753,0.04493933,0.03591051,0,2.06390165,0,0.01022515,0.27902908,0.10710483,0,4.69316976,0.00142139,0.08223354,0.15491757,0.21276797,0,0.03110207,0.00186197,0.20300322,0.0047839,0.00823223,0,3.4501418,0.00461997,0.03791765,0.11889923,0.03716322,,2.22843152,0,0.35811015,0.68182959,1.24299704,0
Ibudilast,S4837,275,1,1,0,0,0,1.279691151,1.262520701,1.153103892,1.474129762,1.143487859,0.996900874,1.142208955,0.760893742,1.090552326,1.213661416,0.833249559,1.117270594,0.79921528,0.740637052,0.755261664,1.003041194,0.484353558,0.824851969,1.552229688,1.132617231,1.416572427,1.507856567,1.162173521,1.038982525,0.093,456,16.7124588,0.64062265,0,20020.7567,4.04713766,0,10.9372668,0,0.02052746,0.91584704,11.0641739,0.06207431,2.04521818,0.000098071,0.01224702,0.79643354,2.68806215,0,30.4325083,0,0.0373512,2.86126039,12.3272589,0.04682822,18.0672661,0,0.07547344,2.1730912,1.37579604,15.4780903,4.74504091,0.00089121,0.81629992,0.01424152,746.9888271,0,28.3312104,0,0,2.04667032,7.7209039,,2.46231097,0,0.24224513,1.39807815,0.10511848,0
Efonidipine,S4977,276,1,0,0,0,1,1.318500457,1.184855234,1.280797684,1.344873334,0.843267108,1.224478468,1.040238806,0.7437064,1.069186047,1.269799939,0.839862651,1.114331697,0.671044386,0.534352235,0.720751745,1.149940098,0.559812533,1.17531966,1.268173488,0.731698644,0.954867893,1.229250604,0.982047433,1.107227794,0.093,562,0,0.06740844,0,837.887685,0.16651162,0,0.13656455,0.01181,0,0.94921868,0.86244522,0.02910634,0.38284364,0.01434045,0.02135879,0.31031762,0.18280695,0,0.18198259,0.00937,0.17010273,0.57463853,0.22709953,0.03284216,1.27619335,0,0,0.65820796,3.35259366,0,0.01870933,0.01969611,0.49463601,0.12295317,0.012042808,0,0.64268577,0.07945327,0.0976442,1.13572621,0.48168381,,0.5438096,0,1.55857852,0.41638931,0.75785686,0
"4,4'-DDE",S5437,277,1,0,0,0,1,1.395712689,1.190794358,1.185268575,1.83915598,1.100367918,0.967482307,1.970149254,0.937957065,0.984593023,2.114308033,0.882747549,1.40381303,0.951799678,0.832595344,0.571941458,1.25923878,0.494913768,0.944992706,1.520708613,0.577731684,0.976765704,1.375503626,1.002221555,1.026574294,0.133,1093,0.64328351,4.11947667,169.070579,3643.46813,2.28617886,0,0.6400793,0.54181,0.02953072,0.76531785,0.61944729,0,0.36186127,0.12626887,0.0086943,0.3111407,0.09267422,0,0.82468062,0.45799,0.58702044,1.24396709,0.15950044,0.44519192,1.00788412,0.19137717,0.03587751,0.65697482,0.38013071,0,0.02089036,0.01275624,0.55931072,0.19262202,0.007715109,0,0.31330112,0.23830834,0.1535902,0.81576872,0.09304004,,0.7264052,0.10556074,0.5107695,0.76125837,1.08475182,0
Dabrafenib Mesylate,S5069,278,1,0,0,0,1,1.061871381,0.914625093,1.024766806,1.258449681,0.810890361,1.119570748,0.862567164,0.61908132,0.992877907,1.479894111,0.876134457,1.000204539,1.203018991,0.864047993,1.29708937,1.311399871,0.664119898,1.477731056,1.210995724,0.413897326,1.037832836,1.164585012,0.995016512,1.079516079,0.094,814,0,0.38793693,70.979829,904.46988,0,0,0,0.179,0.12413788,1.92548362,0.17020793,0.3060235,0.31953513,0.37254475,0.32892704,0.54466086,0.45776448,0,0.27621008,0.61798,0.16994149,0.43341324,0.04289075,0,2.81797742,0.51147277,0.43370196,0.67380647,0.49195168,0,0.38641131,0.64750631,0.792014,0.83911641,0.201525047,0.476255692,0.2908045,0.42589457,0.79899817,0.82920662,0.26656592,,0.42353813,0,0.58020022,0.41887802,2.12054401,0
Bedaquiline,S5623,279,1,0,0,0,1,1.127501778,1.063560048,1.078803474,1.781919262,1.706107432,1.702391415,0.964059701,0.74673946,1.057412791,0.943418826,0.89857889,1.51647074,0.784283807,0.850849879,0.962101368,1.107732006,0.323158622,1.125547069,1.017837508,0.400385214,0.964120489,1.125906527,0.881176824,0.985627133,0.104,438,0,2.93272758,262.062661,2905.51144,1.23964527,0,0.31232937,1.33586,0.10377473,0.83454349,1.77786689,0.3032298,0.34038717,0.39205818,0.16369601,0.55442965,0.4784872,0,0.6698964,0.92076,0.64817381,1.1469845,0.747888,0.06152241,0.65740599,0.62996506,0.46991793,0.86512755,1.6346766,0,0.08801219,0.22559952,0.80453991,0.80869115,1.495218616,0,0.41877171,0.6263203,0.58542204,1.16182333,0.74330989,,2.81968536,0.0132093,0.55527481,0.85633967,0.51671753,0
Mequitazine,S6435,280,1,0,0,1,0,1.097023265,1.041174119,1.252171116,1.557900057,1.321559971,1.206161247,0.981253731,0.894415799,1.074418605,1.068819164,0.988156224,1.020287,0.60488815,0.766176261,0.689319143,1.290387983,0.857400071,1.562172831,1.139156995,0.776857545,1.031664439,1.286663981,1.058420895,1.171336987,0.138,368,0,0.28016102,33.7315596,3431.74372,0.40497168,0,0.41077205,0,0.026844,1.68878167,1.71421158,0.18257835,0.25794204,0.01660043,0.02478636,0.78791095,1.04806036,0,1.50366025,0,0.19585728,1.13912269,0.6715,0,1.44181188,0.02123941,0.20222027,1.40207252,0.82957168,0,0.06720517,0.04368091,0.86247246,0.64064607,0.073668596,0,0.65120412,0.08682716,0.63990718,1.80853319,1.21400975,,1.8481973,0,0.89391812,0.71318819,0.364247,0
AZD2932,S7003,281,1,0,0,0,1,1.105557249,1.032265433,1.358314571,1.304693916,1.168800589,1.078495768,0.81241791,0.431975196,1.162936047,0.781078853,0.49297593,0.84934117,0.441949811,0.400142837,0.695693587,0.870334531,0.21840619,1.067192998,1.021502749,0.26277502,0.999897193,1.182715552,1.072830982,1.167614518,0.11,171,7.90239129,3.72798362,682.362665,4811.56475,0.60058014,0,1.91946196,3.61007,0.19862229,1.21438691,1.33906699,0.01619248,0.62203145,1.47883741,0.78480289,0.84110705,0.85716088,0,0.66978486,0.46255,2.39842379,1.11538727,0.53490545,2.50470976,0.87987543,1.18936889,1.17630524,0.90136234,0.05457494,0,0.16191342,0.12710457,0.86579664,0.35198565,0.04064985,0,0.98052932,2.28340481,1.77518037,1.44048198,0.72094411,,1.25180608,0,0.3886887,1.09140703,0.12338006,0
JNJ0966,S5696,282,1,0,0,0,1,1.220969217,1.300668151,1.244773239,1.438498958,2.156732892,1.011332624,0.757014925,0.917871466,0.887790698,0.856173241,0.672932184,0.968856306,0.479006022,0.995943437,0.644917847,0.863883513,0.933263651,1.185960697,1.035064142,1.042121639,0.830883109,1.254029009,0.99141399,1.079516079,0.103,157,27.8623328,3.68982344,141.135942,117578.304,12.608362,0,5.98876792,0,0.01812969,0.01183561,5.35493054,0.00419919,2.4959511,0.00014021,0.00118368,0.31352854,1.1992383,0,18.3656547,0,0.11956304,1.81482634,22.4630684,46.8681373,34.2318983,0.01748223,0.06314931,1.59449763,0.8326497,0,0.06448257,0.00007217,0.60012512,0.00089616,0.055524526,0,69.1870806,0.09253589,0.09287644,2.06356599,28.1872158,500,3.02533787,0,0,11.2253345,10.6569986,0
Merestinib (LY2801653),S7014,283,1,0,0,0,1,1.330082292,1.179144538,1.267288517,1.391875671,1.240323767,1.058513345,1.79080597,1.046675429,1.497819767,1.48232435,1.032644295,1.586024631,0.775346721,0.682616769,0.820544758,1.235830799,0.693211052,1.349352098,1.226023213,0.827261279,1.081011617,1.421434327,1.231341939,1.184986041,0.108,150,3.01704722,0.20790216,196.101979,1063.88373,0.97102068,0,0,0.05948,0.37236528,0.97214894,0.3839455,0.22820895,0.10287913,0.00990056,0.1908553,0.32433208,0.48066984,0,0.34797693,0.68024,0.20074859,0.69537321,0.03050164,0,0.07392657,0.45862493,0.60300249,0.73097357,0.86048621,0.33049942,0.00256092,0.00299102,0.41395379,0.47048708,0.002082005,0,0.12030008,0.05447971,1.10518406,0.82842541,0.42577176,,0.55508192,0,0.05489812,0.48516176,0.33561036,0
Epoxomicin,S7038,284,1,1,1,0,0,1.270344407,1.638512935,0.854937279,1.610967212,1.357763061,0.878671539,1.160358209,0.989721295,0.914389535,1.458264983,0.89427036,1.719254618,0.592681398,0.79428653,0.566885864,1.494608792,0.808442774,1.052776109,1.62333537,0.632757982,0.817929475,2.676672039,3.626298409,0.987695171,0.103,226,0,1.66493381,48.541466,1466.93979,0.4230554,0,1.49731955,0.32764,0.05916765,0.89815463,0.88166977,0.07143387,0.86411764,0.11282613,0.0114287,0.25063432,0.36148451,0,1.8066179,2.01556,3.48753514,1.0359551,1.29268126,3.7056095,4.37837024,0.50647058,0.10765739,0.60095539,1.11038948,12.264953,0.00235816,0.00028158,0.08737955,0.00190228,0.002715638,0,2.07094987,1.45416859,0.54030999,1.03157459,1.93652695,,2.10300656,1.17506452,1.14773343,0.63117077,1.03006419,0
Tepotinib (EMD 1214063),S7067,285,1,0,0,0,1,1.20410444,1.421506482,1.339015761,1.860382842,1.49477557,1.152874786,2.070686567,1.007852256,1.537063953,1.908466779,0.95719493,1.499327176,1.0650391,0.640365662,0.797245068,1.322643074,0.687829796,1.411138763,1.208796579,0.793392103,1.028580241,1.535656728,1.477033924,1.280529418,0.111,576,0,0,261.377714,805.385254,0,0,0.50387151,0.08229,0.02602653,0.91331684,0.19563261,0.39277526,1.52936391,0.35027134,0.03992915,0.46468488,0.38352081,0,0.41563906,0.33794,0.0575409,0.48151254,0,0,1.19927681,0.11705501,0,0.47539518,0.59905994,0,0.22317416,0.12216876,0.99717619,0.50652311,0.027585996,0,1.75973277,0.19242251,0.04997566,0.79872374,0.4793424,,0.00159277,0.00332159,0.23748584,0.39726395,0.18232532,0
NLG919,S7111,286,1,0,0,0,1,1.257949812,1.245160185,1.377291734,1.704592836,1.957763061,1.144548777,1.076298507,0.932362754,0.948837209,1.525096559,1.160998394,1.880404125,0.663306177,0.752549636,0.811972231,1.117685006,0.870185613,1.438256243,1.252779475,0.996518261,1.419965046,1.325946817,1.176583609,1.126667356,0.115,234,4.32184325,0.10948788,228.927032,497.442941,1.61079018,0,0.57625766,0.41172,0.1648711,0.70880609,0.6555829,0.1617907,0.72275149,1.09990222,0.43369956,0.66203449,0.68278016,0,0.70880609,0.21709,0.05966284,0.3305557,0.000085166,0,0.1123994,0.2295754,0.30629117,0.71419953,0.9545732,0.05060156,0.08793696,5.05269732,0.83858199,0.79970064,0.084214281,0,0.23890897,1.23022167,0.56390214,0.93028976,0.48935685,,0.33276741,0,0.42420639,0.27843242,0.19958743,0
Cinitapride Hydrogen Tartrate,S5843,287,1,0,0,0,1,1.317890887,1.223002684,1.302669669,1.294459536,1.227961737,1.023544105,1.727522388,1.133892764,1.640843023,1.826324697,1.233842602,1.633536795,0.631699409,0.564776461,0.826699394,1.282646761,0.843562554,1.442032095,1.363103238,1.17190903,1.406086152,1.334407736,1.193875713,1.230482887,0.102,354,0,1.26751253,81.2186391,1464.45259,0.67590782,0.0215187,0.74607256,0.97277,0.46942404,0.70523305,0.52230679,0.24489643,1.2266831,0.48325458,0.59734675,0.95256968,0.65671929,0.04789192,0.70523305,0.60684,0.53841154,0.89609531,1.5448743,0.04983424,0.31026949,0.79840091,0.78245474,0.90373005,0.97804022,0,0.86534266,0.50929131,0.7427819,0.86660822,449.3988761,1.431709485,1.10232151,1.04387161,1.20471246,1.38470615,0.82159411,,1.08769175,0,0.97581784,0.69048001,0.69268345,0
XL888,S7122,288,1,1,0,0,0,1.431474144,1.445262978,1.128337086,1.591635606,1.753053716,0.895878625,0.975761194,1.079297678,0.844186047,1.221316669,1.039357585,1.451815011,0.689027547,1.021225539,0.82582016,1.110865358,0.912952442,1.174289882,1.648992059,1.296362694,1.362598951,2.332796132,1.239987992,1.067521456,0.118,830,3.7288436,1.54127839,493.592992,1821.74579,0.96765248,0.01643608,0.8743067,1.87202,1.21508234,0.94774963,0.48830193,0.03397121,1.02507722,0.42103829,1.98664633,0.69130503,0.62168204,0,0.94774963,1.26441,2.87021714,1.10808876,0,0.43367907,1.43510005,0.5459308,1.37333025,0.84503927,0.03270527,0,0.2252037,0.51456577,0.78393919,0.75804377,0.689030529,0,2.28853045,0.98068673,2.20216907,1.12371943,0.84537991,,0.7104377,0,0.13575933,0.74820756,0.99927539,0
GLPG0634 analogue,S7137,289,1,0,0,0,1,1.331301432,1.307977842,1.306207784,1.553351444,1.688153054,1.03686572,1.712238806,1.132409935,1.637790698,1.818912468,1.062102613,1.811340051,1.142312199,0.994143694,0.951330757,1.130955672,0.815401993,1.311250322,1.213194869,1.218579154,1.329906446,1.419621273,1.267367157,1.129976218,0.103,296,0,2.49100442,360.109592,1404.48851,0.4126259,0,0.51632958,0.56607,0.53594616,0.34778816,2.60206931,0.61577116,0.9036694,0.69434356,0.80337051,0.86119651,0.89524556,0.07661772,0.34778816,1.00975,1.68462169,1.2396433,1.80152907,0.56286682,1.40964778,0.73056725,0.69444805,0.95446022,0.16049855,0,0.57005342,1.28241188,0.86912583,0.79746924,0.17709581,0,0.75078724,0.68116192,1.02987211,1.12990473,0.94410759,,0.95132585,0,0.69006929,0.67501483,0.6107965,0
KHS101 hydrochloride,S5919,290,1,0,0,0,1,1.212232043,0.849066301,1.18784175,1.002969234,1.03325975,1.325500717,0.806925373,0.587133084,1.868459302,1.00830621,0.811105722,2.095923223,0.322062069,0.529210113,0.748667412,1.113814395,1.163808015,3.642667124,1.483323152,0.408919179,1.412562969,1.05459307,0.850915641,0.977354979,0.106,205,2.40208174,5.91852038,310.836515,9216.55617,1.15592629,0.06523145,1.53510534,0.68537,0.05649256,0.2100245,1.53907667,0.7913378,0.77853448,0.33117375,0.07099969,0.66469382,0.40369577,0,0.2100245,0.96869,1.97297794,1.48818928,1.24247567,2.48539572,3.50834123,0.6257638,0.48849384,1.08918655,1.11588912,0,0.04472591,0.02138907,0.7240828,0.24552183,0.045050183,0,2.26606313,0.85053938,0.43602599,1.79714749,0.43600636,,5.51733139,0.14375647,0,3.38070534,1.25715861,0
Zearalenone,S5676,291,1,0,0,0,1,1.346540689,0.828050939,1.018012223,1.424474067,0.942899191,0.908090106,0.909850746,0.421190982,0.842877907,1.894614417,0.671629605,1.229928304,0.46963298,0.293786602,0.521165717,2.234817068,0.575470776,1.22543551,1.47159438,0.287843544,1.158425003,1.386986301,0.833623536,0.852859063,0.113,240,6.04238044,1.08697573,1049.33274,18805.9104,0.89735473,0.47763845,3.47898078,2.03629,0.41925457,0.77452224,1.24021194,0.48677416,0.63086291,0.07778313,0.0191057,0.28217249,0.12209503,0.11509706,0.77452224,0.08064,4.07296327,1.85997218,1.17809805,94.3323008,4.09305589,0.16684625,0.2018864,0.71384873,0.2802505,0,0.05246961,0.00620357,0.46451944,0.00522419,0.009587945,0,5.31177027,0.48534334,0.61563801,1.58977779,0.61966422,,0.95620644,0,2.39239778,9.74504866,0.61900785,0
BAY-61-3606,S7006,292,1,0,0,0,1,1.266077415,1.184398378,1.331296237,1.574199255,1.707726269,1.073500162,1.055283582,0.961749739,0.906540698,1.902026646,0.913809041,1.607086724,0.626358955,0.674817883,0.673712747,1.190857985,0.853718158,1.192139363,1.244715944,1.028520631,1.475480621,1.247381144,1.086520564,1.147761348,0.127,2697,0.52681405,13.0341415,292.693511,1146.89228,0.54037455,0.14745944,0.44335646,0.94308,0.1585782,0.86320149,0.82501866,0.49744771,0.11435969,0.15226994,0.11430449,0.28845565,0.41957132,0.08044562,0.60680008,6.12739,0.22941247,0.61132602,0.52338886,0,0.24774379,0.90298002,0.15585605,0.51923682,0.52568452,0,0.00872454,0.05448334,0.70484832,0.27841204,0.068444345,0,0,0.54977925,0.37333328,0.58320649,0.79044379,,1.69097565,0.32335554,0.33585189,0.48734137,0.31811279,0
Deracoxib,S5711,293,1,0,0,0,1,1.991262826,1.111301468,0.999356706,4.770737254,1.735246505,0.752671261,1.797492537,0.723890405,0.74869186,3.759093868,1.149174988,1.26715433,1.448243917,0.517040423,0.560071804,1.948391853,0.46553939,0.980005149,2.064630422,0.653115046,1.155340804,1.619661563,1.231341939,0.880570779,0.112,197,0.45324916,0.83168716,200.70998,1230.71391,1.22059117,0.10458351,5.66418271,0.21479,0.06405559,1.44495937,0.55167677,0.37161037,6.7678692,0.13644388,0.00530393,0.33204866,0.32868713,0.03525121,0.77439998,0.21378,0.03088142,0.75226139,0.84419356,0,6.83644332,0.14351235,0,0.79811223,0.47443851,0,0.46523496,0.00827742,0.6822118,0,0.004144049,0,8.72007174,0.30274322,0.10589312,0.77167571,0.56462133,,1.64775795,0,0,0.44534395,0.63433998,0
Glecaprevir,S5720,294,1,0,0,0,1,1.816112974,1.110387756,1.265358636,3.191231284,1.59749816,1.382117582,1.522865672,0.870690527,1.255377907,2.299735278,0.899981667,1.684477673,1.072559331,0.660591344,0.723829062,1.826559764,0.57369051,2.224663177,2.325229078,0.805837469,2.296185874,1.296937953,0.989972981,1.00217144,0.107,233,0,1.44668721,183.115517,1101.68325,0,0.00641264,0.34987913,0.25565,0.27290626,0.92429546,1.2766453,0.31006811,0.39767824,0.13964336,0.26825064,0.3703745,0.28673732,0,0.21585569,0.798,0.56541797,0.91836445,0.90771688,0.015871,0.64254513,0.29522512,0.46635343,0.77577958,0.60936028,0,0.27054621,0.30365414,0.91588244,0.78919613,0.079756579,0.191161897,0.46673585,0.22399809,0.62061967,0.80525767,0.30429134,,1.38883368,0.03253108,0,0.41654389,0.45419906,0
PD168393,S7039,295,1,0,1,1,0,1.442649599,1.415795786,1.590221936,2.024891023,2.297424577,1.661871502,1.122865672,1.046203619,1.559302326,1.955977954,1.199173969,2.327116436,0.615133103,0.810655621,0.944736505,1.412035757,0.969314025,1.697760233,1.24434942,0.461723091,1.866557006,1.520547945,1.923026118,1.770240926,0.105,296,2.42300535,1.53505573,45.4700995,2568.2623,0.72731738,0,2.09792572,0.90416,0.52233456,0.01033076,0.88018216,0.11810102,0.99720753,0.51532626,0.53717176,0.86836143,0.82945042,0,1.2709342,0.44537,1.10147215,1.14847594,1.18549729,0.18937995,1.14107047,0.6942997,0.45028482,0.91373488,0.48748888,0,0.49834944,0.39037675,0.8860908,0.79598906,0.513262075,0.12360027,1.11517518,0.62216277,1.03525368,1.28165453,0.70588523,,0.79403086,0.00583241,0.13188358,0.63206353,0.18929169,0
Motesanib (AMG-706),S5793,296,1,0,0,0,1,1.154526059,1.177088687,1.179800579,1.845978899,1.92803532,1.057958277,1.236298507,1.057392242,0.923546512,1.300663976,1.050579802,2.295278388,1.318765156,1.074189402,1.106735296,1.051884619,0.941922215,1.106667811,1.099205864,1.074390696,1.292587643,1.138597905,1.096607625,1.077448041,0.106,391,0.31316389,2.35189243,134.11638,4395.88943,0.09972429,0,0.88863881,0.20956,0.17355647,0.85881334,1.72926806,0.11242034,1.2111521,0.24626093,0.27735858,0.63159302,1.11204737,0.00839942,1.72362262,0.17465,0.67525314,1.04062699,0.22481173,0.83039869,1.7017063,0.69120637,0.68312705,0.96546445,0.09688538,0,0.30015804,0.04181174,0.75968572,0.44315388,0.348948368,0.094527595,5.14979104,0.96677384,1.05836003,1.52550278,0.91969857,,1.79387603,0,0.31222308,0.87798036,0.8362265,0
Trazodone,S5857,297,1,0,0,0,1,1.20532358,1.080463709,1.213251849,1.55562575,1.709345107,1.160090661,0.830089552,0.893674384,0.935755814,1.089962244,1.175026164,1.790277957,0.696983733,0.854963577,0.7928489,1.054280711,0.811113172,1.250493435,1.152351863,1.053055782,1.394983037,1.147058824,1.152086461,1.103505325,0.107,202,1.4519064,0.2227781,208.590211,8237.00602,0.94100774,0,0.94409431,0,0.00760355,1.94497697,0.7557191,0.07759133,0.62716421,0.00075425,0.00416922,0.30195365,0.70723824,0,7.9793868,0.0066,3.12551716,1.56455161,4.64837718,28.8739709,3.91433535,0,0,0.55627728,0.72630011,0,0.20016792,0.15060199,0.8114302,0.69717574,0.221152267,0,3.55765307,0.00823484,0.40918662,0.83639044,0.86294983,,1.36109993,0,0.62892921,1.48770307,2.11924892,0
Celiprolol hydrochloride,S5923,298,1,0,0,0,1,1.165498324,1.230312375,1.15535542,1.815654811,1.780279617,1.155095055,0.952835821,0.914905807,0.89127907,1.408445081,1.114506355,1.69623326,0.705157898,0.677817455,0.735039291,1.270113354,0.934517929,1.426585429,1.206597434,1.209334025,1.464685926,1.147663175,1.077154008,1.084892979,0.103,220,2.26700129,1.55666718,503.852497,1845.0882,0,0.16648333,0.12197304,0.08314,0.29507958,2.07511485,2.06344154,0.17099876,0.13714883,0.04757205,0.01825403,0.36235599,0.32722935,0,0.4053013,0.76265,0.73243803,1.04287994,2.35300742,0,0.54409999,0.18972455,0.24246959,0.69548048,0.75208134,0,0.00357847,0.006883,0.3294116,0.38464133,0.004814547,0,0.09352903,0.17772279,0.29211465,0.79402388,0.61536085,,0.58870292,0.52696223,1.23163617,0.73069217,0.0072837,0
Ethyl caffeate,S5640,299,1,0,0,0,1,0.918825561,0.995031694,1.212930203,1.104933982,1.188520971,1.28997641,0.727880597,0.622788393,1.203924419,0.835637721,0.826636468,1.332299875,0.443039699,0.624853592,0.824721118,0.859828587,0.302240504,1.162619068,0.893219304,0.358604341,1.18618279,1.095084609,0.998619033,1.036914487,0.106,527,0.00417405,6.29258061,574.128641,5941.87373,0,0,1.9595069,0.67975,0.51959939,0.88562147,0.64683098,0.19980875,2.20310326,0.15687437,0.21044417,0.32861904,0.15086904,0,5.29432068,0.65769,4.54124636,1.65024507,0.68743106,64.2366261,5.07204912,0.20253932,0.74426437,0.73323013,0.68312478,0,0.00252954,0.00071461,0.29716238,0.0115435,0.001638479,0,13.7715355,1.80950067,9.77458777,1.92369456,0.5001632,500,1.25205114,0,0.41362513,0.74408814,1.37644468,0
Dolasetron Mesylate,S5679,300,1,0,0,1,0,1.304480341,1.49483182,1.966870376,1.316065449,1.672259014,1.882788288,0.97838806,0.787112864,1.815261628,0.804652172,0.959599691,1.876975412,0.568158906,1.045222111,1.198835015,0.868122754,0.309563869,1.590663348,1.054489921,0.603422476,1.336074843,1.283037873,1.213329331,1.281356633,0.121,164,3.31299711,0.3420062,213.684476,1094.67262,0.36902495,0,0.07280738,0,0.02846692,1.54812296,0.11760386,0,0,0,0,0.13977839,0.00844657,0,1.16183432,0,0.00910844,0.23623781,0,0,0,0,0,0.07655264,0.55614384,0,0.00093528,0.000080981,0.09269477,0.00386474,0.001862499,0,0.03046793,0.00578832,0.00085219,0.67755408,0.03247772,,0.7030301,0,0,0.48563045,0.79878295,0
"Binimetinib (MEK162, ARRY-162, ARRY-438162)",S7007,301,0,0,0,0,0,0.924108504,0.729598538,1.062721132,0.817613242,0.267844003,1.12123595,0.610626866,0.142351633,1.091860465,0.673905307,0.581651478,1.0354713,0.289801368,0.20517069,0.63348781,1.094645655,0.151929464,1.482536686,1.046059866,0.232372768,1.241698365,1.36825141,1.075712999,0.85699514,0.103,302,3.19972527,4.21887563,223.944201,13702.0396,3.47099188,0,1.86191738,3.41713,0.30862271,2.12056654,5.2154582,0.25575303,1.27378071,0.5795919,0.03104792,0.48382255,0.90164935,0,5.31001096,0.28185,4.87752915,2.42906432,5.10227552,43.1633374,3.69088561,0.36831458,0.05902123,0.77675137,1.44759279,0,0.15779105,0.09460682,0.86737902,0.0908704,0.194956215,0,4.39166965,1.89652387,0.31164792,1.24885837,2.40825516,,0.86346694,0,1.0891496,4.51968734,1.83145109,0
VS-5584 (SB2343),S7016,302,1,0,0,1,0,1.814893833,1.473131175,1.469926021,1.889948828,1.325533481,1.367685832,1.98280597,0.885990631,1.32252907,1.119975698,0.504198146,0.964447961,0.860902973,0.692129696,0.831754987,2.259699567,0.7442723,2.110701107,1.289431888,0.461456404,1.213015318,1.417203868,1.322125488,1.268948402,0.101,220,1.73591911,6.86442241,1134.5816,9342.0642,1.3889907,0,2.74286777,17.8249,0.93021138,0.01117488,3.28376131,0.1610757,0.57857847,3.32572446,0.03485368,0.86351232,0.86377662,0,3.60421861,1.56035,4.41617682,1.60042122,1.72202436,0.2922344,4.37383534,33.0573489,0.49883337,1.38617658,0.00250808,0,0.09514697,0.10852292,0.89783196,0.78237243,0.142480366,0.21574666,6.65247617,46.6230824,0.76638413,1.94666895,1.61978953,,0.89439836,0.40985126,2.37494045,1.83593969,1.53634528,0
Oxantel Pamoate,S5722,303,0,0,0,0,0,0.833688916,0.993432699,1.176262464,0.866510835,0.583075791,1.28775614,0.498626866,0.297374718,1.06002907,1.457900447,0.607502655,1.016368471,0.249475491,0.231138409,0.538310772,0.487144042,0.12146265,0.743842787,0.714722053,0.198236906,0.841677804,1.003223207,0.806964875,1.089442664,0.106,125,0,0.5351229,173.455405,2638.69685,3.62951328,0,0.66654631,0.46781,0.02158939,0.80362532,0.32192771,0.27021652,1.09424602,0.11360024,0.00914522,0.30410422,0.20383549,0,1.23036537,0.06641,3.71197984,1.4672835,1.12103695,54.7765853,1.71725694,0.10581724,0.16184967,0.68670595,0.89038606,0,0.00620686,0.00070402,0.36089842,0,0.003122495,0,0.34236689,0.04932697,0.08311798,0.69609656,0.17281876,,1.20956526,0,0.39861969,1.04589152,0.38912384,0
GSK2334470,S7087,304,1,0,1,1,0,1.468048359,1.838387299,1.48633001,1.188704277,1.078440029,1.381007447,0.756537313,0.715937047,1.305959302,0.747541553,0.455501743,1.063880636,0.531429661,0.614055135,0.900335208,1.13316745,0.612330361,1.552904831,1.391325596,0.991095637,1.804564614,1.300564061,1.950405284,1.306586703,0.114,262,5.72319284,16.0664886,6180.16717,21114.0992,1.78985909,0,5.44796373,5.48648,19687.2852,0.02722484,4.25876515,2.00748277,2.54270219,2.59817835,4.27367511,0.81343146,0.84867417,5.98574246,12.3330883,8.48524,5.01641648,4.88820923,9.57362456,388.084824,8.65899554,8.30230417,1809.14289,2.14893938,4.53652846,0,0.03871387,0.01266455,0.59668159,0.11370617,0.012111641,0,36.2123761,129.227978,746.090093,2.08073533,7.30624636,500,2.05143947,0.00640669,7.88821442,7.23875099,1.4205455,0
UF010,S5810,305,0,0,0,0,0,1.875444478,1.947347382,0.99388871,2.182955335,2.507284768,1.122346084,1.235820896,1.292218515,0.929651163,1.764596624,1.006893317,1.23678573,0.733821967,0.778517355,0.680087191,1.923140724,1.432830386,0.958036557,1.461698228,0.707252389,1.170144957,1.556809025,1.552686881,1.174232241,0.11,79,6.4078448,1.90395805,244.009202,1926.76948,0,0,3.59035638,0.25876,0.23336355,1.4668096,3.91002916,0.21244322,0.74330065,0.26847596,2.54914989,0.91070287,2.00842082,0.41754922,1.08076263,0.80728,3.18491354,1.25664351,1.19914444,5.2561629,1.01342033,0.90292145,0.80500645,0.9708829,1.36777977,0,0.11029193,0.05209945,0.82615277,0.62494267,0.30158948,0,1.23910219,0.56331898,1.48911135,1.68401584,1.07075391,,3.54852046,0,0.58495484,1.01885306,0.05525039,0
JANEX-1,S5903,306,1,0,0,0,1,1.345118358,1.102392782,1.260855581,1.387327058,1.045621781,1.045746797,1.66758209,0.771947562,1.169912791,1.792787397,1.113704768,1.360709211,0.524672352,0.509412941,0.60733061,1.526863884,0.474562099,1.395692096,1.752718387,0.573375806,1.217950036,1.310233683,1.321404983,1.032364802,0.104,99,0,0.86307259,174.173639,1909.67443,0.64986897,0,0.04111688,0.04396,0.02644996,1.48687831,0.84555757,0.23041493,0.3442971,0.01617366,0.05205918,0.28538485,0.62298882,0,1.48687831,1.17798,0.27464985,1.13104668,1.1314124,0,0.71054969,0.17813443,0,0.6658502,0.72593397,2.77073829,0.45130238,0.19893357,0.88629719,0.76078072,0.259266647,0.356720254,0.77349125,0.26245268,0.58171819,0.98971479,1.3741983,,0.25232715,0.0614978,0,0.77882627,0.84449019,0
CFTRinh-172,S7139,307,1,0,0,0,1,1.30143249,1.251327737,1.111933097,1.486259397,1.141280353,1.018548499,1.039283582,0.608229704,1.034302326,1.055817385,0.585859809,0.798400293,0.753004005,0.478645908,0.70624439,1.230854299,0.596024748,1.059298035,1.106902871,0.619957034,0.843219903,1.197824335,1.274572201,1.022851825,0.102,131,0,0.62823917,109.362467,4262.27049,0,0,0.85393234,0,0.00456425,5.10026642,1.2836679,0.11241219,0.52264008,0.000024793,0.00160176,0.27037975,0.87987845,0,5.10026642,0,0.13872454,1.23590809,2.71111663,7.97396277,9.44914301,0,0,0.81261388,0.32787843,0,0.14798869,0.00019245,0.48339284,0,0.176075007,0,1.85834342,0,0.02899438,0.72562887,0.62535376,,2.04672352,0,0.95135896,1.19027235,0.78641385,0
Chlorpromazine,S5749,308,1,0,0,0,1,1.18012801,1.150591057,1.115149566,1.318339756,1.303016924,1.138998104,0.903164179,0.786101843,1.049563953,0.977077637,0.669725836,0.856198596,0.561728563,0.506499072,0.668876962,1.132614506,0.923067586,1.077490775,1.027000611,0.898466553,0.910147013,1.203867849,1.263764635,1.033192017,0.098,252,0,0,100.976343,4513.57869,0.52404055,0,2.97579742,0,0.06017091,10.2407302,7.22727933,0.11100482,0.95533111,0.00014996,0.00599319,0.74775866,1.14869202,0,10.2407302,0,0.16059177,2.4507871,7.79605051,0.12989252,9.83205565,0,0.03435161,1.80436125,0.24078785,0,0.32895325,0.00120382,0.86205638,0.02582852,0.179662888,0,14.0074218,0.00492175,0.15685078,2.24288463,4.47570654,,1.57250691,0,1.37669734,3.37613784,1.78791728,0
UNC1215,S7088,309,1,0,0,0,1,1.024890785,1.058534635,0.931810872,0.996146314,0.683590876,0.981914057,0.775164179,0.491355778,1.043459302,0.927014712,0.716618669,1.204457865,0.331108144,0.275532067,0.555016211,1.310662612,0.405334053,1.36205269,1.224557117,0.431587525,1.107227305,1.026188558,0.930891624,0.969496433,0.101,407,0.85222268,5.00803733,308.134695,3450.89526,1.23445303,0,0.69714336,1.26603,2.43771638,4.55830653,1.01156175,0.5362841,0.89441611,0.78103717,1.47166633,0.81620689,0.84507493,0.06688192,4.55830653,2.4833,4.20094235,1.4251788,2.52869579,4.9736993,1.66650476,1.39665657,1.41088548,0.94170501,1.17686814,0,0.95999309,48253.8442,0.81465649,0.84350169,0.3252169,0.051093051,1.31655493,1.71654198,1.98992683,1.34826403,0.9082332,,1.53859742,0.41897652,0.54247872,1.00059835,0.25361958,0
AK 7,S5914,310,1,0,0,0,1,1.168749365,1.094854663,1.176262464,0.971128941,0.707873436,1.141218373,0.752955224,0.670778148,0.962354651,0.766254394,0.417326168,1.20641713,0.442058799,0.465190687,0.66096386,1.037508064,0.631630055,1.49866987,1.083445327,0.890377065,1.227819472,1.125906527,1.13047133,1.068348671,0.095,113,2.98319239,2.02028741,67.0342865,1136.62329,0.92412824,0.06203001,0,0.33226,1.75989592,0.2772118,0,0.44980905,0.05027543,0.03567266,0.67017378,0.26060319,0.02850741,0,0.2772118,1.05008,0.42728908,0.68035253,0.43164132,0,0.2401463,0.31654153,0.83169733,0.64594989,0.48269064,0,0.03810085,0.59000802,0.88774213,0.85070579,0.040005417,0,0.08317749,0.26301575,1.02483115,0.6982507,0.02026447,,1.07150385,0.02355644,0.64786876,0.58595962,0.95256123,0
Apilimod,S6414,311,0,0,0,0,0,1.464594128,1.76734624,0.977163075,1.381641291,1.753642384,1.201165641,1.052179104,1.048023456,1.046075581,1.381590939,0.922826893,1.185355036,0.67540394,0.96963291,0.627772791,1.596903511,1.37133031,1.096713293,1.400122175,1.903429884,1.159658682,1.479452055,1.456139298,1.248681625,0.142,378,0,2.20810764,72.8787833,2000.40779,0.62545418,0.00890628,0.22526893,0.7089,0.01564059,0.2823117,0.85182545,0.1654901,0.66071217,0.79975941,0.01150814,0.78244787,0.751657,0,0.2823117,0.72733,0.05567551,0.96556785,0.78278244,0.0050736,0.57626302,0.99751276,0,0.94963919,0.22570151,0.6716785,0.19987294,17.944802,0.90515483,0,0.221819326,1.450992757,0.92601238,0.93034241,0.07105261,1.08882844,0.84431442,,2.09917239,0.55198425,0,1.13509962,1.15165994,0
Stattic,S7024,312,1,0,0,0,1,1.411764706,1.193307064,1.111289804,1.136016173,0.734069169,1.035200518,0.96238806,0.754962424,0.962354651,1.735555266,1.008696887,1.50128644,0.631917386,0.578403085,0.684922975,1.582895586,0.790356896,1.418003947,1.259376909,0.906556041,0.910763853,1.262489927,1.152806965,1.051390756,0.108,257,0,0.75736161,120.050728,1190.9788,1.30141548,0.32660375,0,0,0,0.82863843,1.3885027,0.66766018,0.00924259,0.00392682,0.0058902,0.23283522,0.03705342,0,2.49442767,0,0.04087488,0.22686222,0,0,0.04846127,0,0.16306191,0.07011811,0.44391589,0,0.00126867,0.00017146,0.23651361,0.00023551,0.003086539,0,0.06778289,0.06462953,0.18867761,0.5822024,0.07683568,,1.31505783,0.03628199,0.51030641,0.53192083,1.36193097,0
XL019,S7036,313,1,0,0,0,1,1.288834705,1.275769516,1.148922483,1.075367995,0.963355408,0.990795134,0.946865672,1.006369427,0.897383721,1.381590939,1.040259371,1.398914869,0.564780251,0.619797172,0.615023904,1.650170491,0.834378003,1.793529563,1.297128894,1.182576487,0.996196155,1.307816277,1.281777244,1.030710371,0.109,226,0,9.75633273,38.258184,1709.43979,0.70086254,0,0.57081089,1.1985,0.10771594,0.86937744,1.32150933,0.02135208,0.34402968,0.07485994,0.01461555,0.24776332,0.35227284,0,2.10739604,1.15131,4.95127215,2.31773185,2.32560414,159.087912,0.68198925,0.27047019,0.04992198,0.44138493,0.79440473,0,0.167926,0.0614237,0.88223991,0.48044805,0.040875342,0,0.42452015,0.30802117,0.22582873,0.6513859,0.51459159,,0.62750225,0.21630611,0.83544373,0.64479579,0.69312888,0
Brefeldin A ,S7046,314,1,0,0,0,1,1.68586813,1.352521272,1.381473142,1.429780782,0.779396615,1.218927795,1.130268657,0.720250733,1.105377907,1.390096776,0.874330887,1.232867201,0.612844337,0.496729039,0.724048871,2.589807391,0.769802923,1.44889728,1.084544899,0.631780132,0.860491416,1.287872683,0.96835785,1.211870541,0.103,159,46.3525081,2.53833525,711.583355,14748000000,10.5539868,0.01717523,10.2573512,0,0.06765363,0.92238891,7.09376434,0.1907281,2.60378825,0.00092105,0.01620299,0.70787854,1.10403317,0.17271612,63.599653,0.60489,3.07567249,4.46472873,31.622284,8.93157931,37.4144231,0.14958821,1.29834629,2.00629164,0.62601233,0.89678939,0.33784624,0.00056576,0.80635734,0,0.132019754,0,42.5565005,0.28931023,3.55470641,2.01239448,14.7740771,500,4.57912946,0.317066,0,12.0888048,5.56109812,0
LY2090314,S7063,315,1,0,0,0,1,1.217514985,1.419679059,1.330009649,1.126918946,1.567181751,1.057958277,1.104238806,1.137330233,1.063953488,1.452918457,1.076731574,1.531165224,0.598893763,0.742865305,0.736358141,1.050594415,0.914044878,1.059641294,1.10946854,1.46748648,0.941605839,1.216559226,1.192434704,1.103505325,0.098,362,6.13259196,4.18381404,318.747753,10065.8395,0.77620098,0,3.47819093,4.75729,0.16305306,0.78653771,2.77277946,0.02557279,1.75664253,0.2525757,0.02342143,0.37862955,0.19551775,0,11.2956767,0.12558,5.0036,3.83027642,1.18504309,17.6775171,5.22076454,0.15345254,0,0.62735904,1.03852522,0,0.39051894,0.01714773,0.65494371,0.06004884,0.014970533,0,3.0682395,0.88694548,0.27166997,0.91747947,0.39365926,,0.76120248,0.02250907,1.31852054,3.03457894,1.30975397,0
AS-8351,S5772,316,0,0,0,0,0,1.120796505,0.726857404,1.140238019,1.588603197,0.447240618,1.857255192,0.807402985,0.150979004,1.185610465,0.76722649,0.467224951,0.954651638,0.470177924,0.198571633,0.664260986,1.735323933,0.213631842,1.823736377,1.094807575,0.208904363,1.010691889,1.420829976,1.088682077,1.173818633,0.157,118,3.01013664,4.1502829,98.785661,3344.3251,0,0,0.43036682,0.0363,0.01903316,0.67799041,1.27572737,0.43916821,0.33857583,0.03234911,0.06915551,0.2702324,0.5783576,0.27827093,0.7693364,1.42485,0.52469046,1.22515309,2.26834333,0.51854696,0.69816484,0.37806428,0.48625238,0.69486582,1.26157873,0.87536872,0.01529508,0.03092248,0.56325673,0.35386734,0.110516174,0.041855976,2.54174272,1.05557118,0.60932802,1.13431095,2.01588886,500,1.70199118,0,0.16832969,1.35046777,0.78011931,0
HSP990 (NVP-HSP990),S7097,317,0,0,0,0,0,0.982220868,1.235566216,1.135091669,1.383157496,1.277115526,1.807854202,0.661014925,0.472483402,1.019040698,0.751065399,0.331155579,0.995306377,0.359336258,0.573432367,0.688879527,0.740945535,0.317575063,0.773019823,0.864630422,0.32740203,0.925876426,1.028605963,1.013749625,0.979423017,0.096,155,2.29794017,5.51702204,689.612487,8176.32993,0.70763715,0,0.67524536,1.83527,0.27472672,0.67025198,0.66131046,0.22366211,1.08812239,0.28740824,0.40504512,0.35500843,0.17755746,0,4.28298762,2.60669,1.77001413,1.50428477,1.02578727,0.20718499,2.47493597,2.43786503,3.49889774,0.91874288,0.03192972,0,0.05346226,0.08094158,0.84981234,0.6437107,0.011320211,0,2.03080274,3.30249758,7.26252616,1.3417901,0.48769159,500,0.37111395,1.97429314,1.00098759,2.90143669,0.75319329,0
Go6976,S7119,318,1,0,0,0,1,1.452809103,1.375135629,1.432293342,1.360414429,1.255334805,1.230029141,0.783522388,0.864287399,0.959302326,0.81072777,0.550890582,0.872852345,0.874853546,0.859162977,0.922975473,1.219611096,0.771016741,1.41663091,1.182040318,1.3669457,0.986326719,1.507252216,1.584389072,1.208561679,0.097,231,0,0.7576982,76.3799594,1093.0508,0.06729008,0,0.47483908,0.50666,0.1066444,2.90571879,1.38709149,0.2903409,0.43235388,0.25943279,0.06047094,0.90470829,0.51356254,0,1.26607133,0.83684,0.14157683,0.94339749,0.71054567,0.00788913,0.45911087,0.48493555,0.23824878,0.87143602,0.26577606,0,0.96688461,0.1884383,0.9092753,0.67940899,0.145777057,0,0.59833706,0.36953454,0.61985491,1.2940894,0.44711124,,1.10916923,0.91988099,0.05131566,0.60081267,0.7068033,0
TIC10 Analogue,S7127,319,1,0,0,0,1,1.056994819,0.763862715,0.977806369,0.966201276,0.788962472,1.131227161,0.695641791,0.573922421,1.002034884,0.907208263,0.773831932,1.031552771,0.370889077,0.408370233,0.618101222,1.352686388,1.255329838,2.322148803,1.051557728,0.264375139,0.889174463,0.99536664,0.76301411,0.81935684,0.1,196,0.56404515,0.53837962,0,10811.7562,1.80044053,0.0006653,0.23252675,0.16454,0.61878596,0.63532426,1.32871309,0.19489463,0.55913481,0.11029415,0.36387523,0.61950626,0.53296892,0,2.46790922,0.58189,0.67584102,1.33992344,1.01523857,0.59512817,1.1208161,0.37928881,0.2789467,0.78784535,0.66520478,0,0.04435205,0.07797589,0.89946442,0.59295364,0.123643598,0,1.02989924,0.33300158,0.51475135,1.21039158,1.06511608,,4.10571159,0.05850599,0.38873063,3.23884377,0.51257568,0
Suberohydroxamic acid,S5905,320,1,0,0,0,1,1.160418572,1.019245046,1.183660341,1.327436983,1.192641648,1.253897035,0.796895522,0.664375021,1.071802326,0.79395912,0.701188121,0.921344142,0.507670091,0.554149407,0.678328723,1.056676804,0.589348753,1.404273578,0.93463653,0.35842655,0.942531099,1.092667204,0.893425398,1.006721125,0.1,282,0,1.16701254,267.424859,1578.52533,0.97644952,0,0.54346198,0.29482,0.22993244,0.96252936,0.4792951,0.11658024,0.72903388,0.21266351,0.20565012,1.00004463,0.69841846,0,1.19622439,0.36969,0.85452097,1.11211967,0.42411016,0.25337912,0.25498373,0.41725232,0.41563928,0.856503,0.80971012,0,0.41992201,0.17115635,0.91675915,0.46911028,0.107079182,0,0.82317575,0.33641847,0.90743972,1.80961921,0.87998023,,0.22142715,0.02513833,0.10607815,0.49829392,0.17418552,0
LDN-57444,S7135,321,1,0,0,0,1,1.020826984,0.930158186,1.023158572,1.570787795,1.5598234,1.134002498,0.66841791,0.471674586,0.906976744,0.845601701,0.78555514,0.882158851,0.400643034,0.312298243,0.603813676,0.907013179,0.748722963,0.89316056,1.122296885,1.088613971,1.159041842,1.098710717,0.87397178,0.994726502,0.1,93,0.41883831,0.30979319,0,1123.1809,0.10462453,0,0.13012189,0.30994,0.06181277,1.04046187,0.11632257,0.0813993,0.49169816,0.14468984,0.04803276,0.31394324,0.3237569,0,0.2521544,0.16183,0.06137543,0.30354979,0.40420959,0,0.35463968,0.2760332,0.11644846,0.65061409,0.92334519,0,0.05097986,0.13973434,0.89232919,0.68588459,0.044897054,0,0.16010194,0.26764215,0.3090854,0.77453512,0.29976821,,0.9872936,0,1.89233288,0.45108811,0.89268042,0
"1, 10-Phenanthroline monohydrate",S5543,322,0,0,0,0,0,1.342070507,0.901376278,0.947893213,3.030134563,2.352759382,1.313289236,1.173014925,0.881744347,0.989389535,0.868931997,0.489669384,0.879219954,0.758344459,0.45567776,0.588207279,1.638558658,0.617590236,1.263537287,1.099572389,0.22054967,0.724786676,1.357977438,1.089402582,1.07041671,0.098,419,0,0.12599599,186.623319,1797.99849,0.54106374,0,0,0,0.01268574,1.32559851,0.0457596,0.06966051,0.0051753,0.00054781,0,0.0142656,0.0118015,0.04101626,1.52490652,0,0.00583516,0.20224118,0.12911359,0,0.02721455,0.02235739,0.01375085,0.08581023,0.52922674,0,0.00106516,0.0001162,0.12841675,0,0.001738177,0,0.00332372,0.01285352,0.10515541,0.07631533,0.03081906,,1.10121976,0,0.47537345,0.85532923,0.9694785,0
Hydroxyzine pamoate,S5649,323,1,0,0,0,1,1.197399167,0.818228542,1.082984883,1.656453345,1.100809419,1.120125815,0.86638806,0.515350655,0.95755814,1.128724558,0.651489735,1.025185161,0.629410643,0.460905585,0.702947264,1.444659478,0.843562554,1.47155239,1.366401955,0.488302837,1.27685823,1.370064464,0.911438007,1.005480302,0.094,77,0,7.20691412,586.497739,9122.14298,0.09546877,0,0.49059431,0.23041,0.65410841,2.55885534,0.81194692,0.2024608,0.63717986,0.1388591,0.20170522,0.8461957,0.824428,0.01008109,0.33178548,0.38078,0.61167939,1.2531551,1.03141422,0.09464229,1.27445919,0.26738244,0.52512942,1.02172179,0,0,0.04389988,0.10236191,0.93527862,0.74117875,0.057748471,0,0.69144688,0.20469345,0.78174379,1.61489844,0.68673492,,0.27891975,0,0.21005663,2.74552133,2.55325903,0
Udenafil,S6433,324,0,0,0,0,0,0.730265163,0.79835532,0.880669025,0.929054267,0.45607064,1.08626671,0.57241791,0.226670711,0.81627907,0.763095083,0.357207152,0.807216983,0.331980055,0.282731038,0.629970875,0.571191595,0.147114655,0.725650047,0.942700061,0.340825246,1.404544053,1.156728445,0.85740018,0.990176817,0.099,123,0,0.65608182,0,1041.69732,0.46930691,0,0.05475798,0.04055,0.00078703,0.91373433,0.0918264,0.01091951,0.105976,0.12631696,0.01221157,0.32344032,0.06312934,0,0.76773905,0.42322,0.11754469,0.58024203,0.1393636,0.53682077,0.19489774,0.39574281,0.18644952,0.67303424,2.85780785,0.01650124,0.02331793,0.06303737,0.89014293,0.58016444,0.011342889,0,0.23114656,0.09209176,0.1525777,0.72414834,0.0287308,,0.76606481,0,0,0.42812826,1.78511684,0
AP26113-analog (ALK-IN-1),S7000,325,1,0,0,0,1,1.017982322,0.877162926,1.044387263,1.293322383,1.132303164,1.127896757,0.577910448,0.497152293,0.830668605,1.143913553,0.725736719,1.317605391,1.004441296,0.82616769,0.97287198,1.390102295,0.995937084,1.502102463,1.233353696,1.004874435,1.181864912,1.288477035,1.239267487,1.024506256,0.097,114,1.47972183,0,0,4691.9725,1.35691759,0,0.93581885,0,0.00796735,1.14766661,5.01430751,0.22360078,0.59661818,0.000088158,0.00799707,0.82485174,1.31944148,0,4.79814445,0,0.07948754,2.01736532,5.43890973,0,5.3388042,0,0.01750649,1.79965809,0.21169724,0,0.38828763,0.00341743,0.88466031,0.17175903,0.458895459,0,6.63189097,0.0014242,0.05673967,2.24196066,3.11345064,,2.72878104,0,0,1.43884261,0.65203472,0
Abemaciclib,S5716,326,1,0,0,0,1,1.178299299,0.920564217,1.022836925,1.483226988,1.502575423,0.869235395,1.175880597,0.70151316,0.877761628,1.002838172,0.800584894,0.90126168,0.642489305,0.702242537,0.565347206,1.306976316,0.526837163,1.183214623,1.501282834,0.459856286,1.161200781,1.252820306,1.027439207,1.022438217,0.101,69,3.69445294,1.44299214,174.64065,2435.72931,0.28590664,0,0.05194807,0,0.04494893,0.77842192,0.24751128,0.09231625,0.12288114,0.000095641,0.00042526,0.05799457,0.01806512,0,0.77842192,0.11292,0.0393074,0.5295699,0.09583492,0,0.76138786,0.01056908,0.04829707,0.18292436,0.26994391,0,0.00447681,0.00442754,0.32456744,0.01967253,0.013104077,0,0.35610264,0.04897741,0.03170867,0.63223663,0.22578046,,1.78122487,0,0.21393862,0.7649479,0.65801149,0
Oprozomib (ONX 0912),S7049,327,1,0,0,0,1,0.769480849,0.79515733,0.900289482,1.063996462,1.001913171,1.071279893,0.57838806,0.328514137,0.939680233,0.822392918,0.604496704,0.785175257,0.591482521,0.719211541,0.950451523,1.023315823,0.498271996,1.368574616,0.950763592,0.388117638,1.086871595,1.069097502,0.992854998,1.026574294,0.103,164,2.16671342,0.14232,101.49838,946.172942,0,0,0.64044978,0.79951,0.01463051,0.30886212,1.07262118,0.04088054,0.71587151,0.2717623,0.05332937,0.53969903,0.49406367,0,0.30886212,0.61142,0.03389832,0.57855831,0.31709069,0,0.89808099,0.64472367,0.20863251,0.89096455,3.19983364,0,0.22556171,0.73447573,0.89488741,0.70724312,0.422233638,0,0.86401364,0.36559611,0.5405467,1.04687182,0.84731752,,0.04514495,0,0,0.50403164,0.81685272,0
(+)-JQ1,S7110,328,0,0,0,0,0,0.98791019,0.863914111,0.930202638,1.165203108,1.264753495,1.119015681,0.642626866,0.568799919,0.85377907,0.731258951,0.498687236,0.866484735,0.444347565,0.62013998,0.602494825,1.211132615,0.923957719,1.56251609,1.402687844,0.4615453,1.440937596,1.415390814,1.359591714,1.127908179,0.115,70,9.69221752,18.1139049,290.570521,7857.678,0.55371368,0,10.0747131,16.7133,0.19455976,27.0074599,0.73162026,0.10078181,4.50271388,0.58857693,0.00724898,0.28731094,0.07658221,0,27.0074599,2.87024,5.07066094,1.50313451,1.18517614,2.01987175,16.2214883,3.71509388,0.57877528,0.65928544,0.15785839,0,0.09178673,0.02472341,0.46762961,0.04276175,0.00156955,0,22.9119767,2.90021105,1.10085869,0.83525812,0.32953275,,1.66596954,0.97863244,1.20971596,2.65596325,1.52345737,0
Cabergoline,S5842,329,1,0,0,0,1,0.991567612,0.760207869,0.886458668,1.401351949,1.230169242,1.124011286,0.949492537,0.490344758,0.949709302,0.9380723,0.707801213,1.096698316,1.022751424,0.855134981,0.743172202,1.387706202,0.49786739,1.312966618,2.027611484,0.609467368,1.427983962,1.351933924,1.242149505,0.947575225,0.137,223,1.07009864,0.8182113,258.148704,1719.9171,0.47191683,0,0.32149554,0.2746,0.01360175,5.11834233,0.82036527,0.20886536,0.66478367,0.11636917,0.00211449,0.34997524,0.36968981,0,5.11834233,0.70157,1.07679768,1.10626135,1.53888243,1.76553563,2.39400287,0.25426446,0.00624578,0.73628407,0.70044466,0,0.11334114,0.19605584,0.82082984,0.4395893,0.054518076,0,1.3659679,0.26467801,0.00654645,0.97160706,0.99238611,,0.42221686,0.74178502,0.36249997,0.51754244,0.53087767,0
MLN2480,S7121,330,1,0,0,0,1,2.364523011,1.239221061,1.454486973,2.89557142,1.004709345,1.200610574,2.376119403,0.777609274,1.613372093,1.371991494,0.628444112,0.857178228,1.335658429,0.53915155,0.727126188,3.56925629,0.620139252,2.210589548,8.011484423,1.04327728,4.967718721,1.866236906,1.355268688,1.094819564,0.103,525,0,0.45875092,0,4242.11521,0.63954011,0.05576596,0.15706295,0,0,4.40220274,1.35084426,0.7490253,0.47520926,0,0.00469394,0.26935555,0.84693834,0,4.40220274,0,0.28682929,1.12152398,1.19722396,6.30918324,4.79185914,0,0,0.81941777,0.00319224,0,0.16195881,0.00020509,0.51941244,0.00455379,0.256004537,0,1.18391238,0.00702031,0.00701734,0.75653226,0.60507595,,2.25127502,0,0,1.20538449,0.16799145,0
Solcitinib,S5917,331,1,0,0,1,0,1.145382505,2.006281766,1.004824702,0.987428138,1.457395143,1.101253527,0.594626866,0.71607185,0.906540698,2.73851495,1.221618402,1.774603841,0.720525326,1.45342094,1.154873335,1.269929039,0.95491006,1.200720844,1.27806964,3.174812949,1.088722114,1.072119259,1.349504653,1.036500879,0.117,78,1.39997842,1.39720158,40.6284868,2907.49094,1.00337339,0.1740989,1.65462809,0.00815,0,2.7133985,1.2940416,0.31397302,1.9014368,0.01651239,0.00387263,0.25473465,0.40619471,0.02799595,2.7133985,0,0.02611276,0.68006739,0,0,5.87931586,0.06147544,0.08356755,0.63893172,0.59873235,0,0.14675544,0.0012875,0.37836146,0.01237536,0.031208553,0,7.51364101,0.10204263,0.0002302,0.62286031,0.64519595,,1.55586195,0,0.23340381,0.96857166,0.60866051,0
C646,S7152,332,1,0,0,0,1,1.066341563,0.941579579,0.990672242,1.026470402,0.948491538,0.901429298,0.687761194,0.50200519,0.819767442,1.327518118,1.051180992,1.594351505,0.660799433,0.558605913,0.700309563,1.438024145,0.953777163,1.35759032,1.281001833,0.585287799,1.466844865,1.207493956,1.259441609,1.05056354,0.092,117,0,0.67082363,130.605804,1545.81049,1.08481954,0.03186024,0.44187377,0.40401,1.54449907,0.84971265,0.45996127,0.35983455,0.3997198,0.1899423,1.42150181,0.73127281,0.34731475,0.14855557,1.98770225,0.18538,4.57533689,1.24030364,0.29662125,4.72080952,0.50260149,0.2781807,1.15970993,0.76748829,0.39572409,0,1.19358922,1.69846611,0.86408479,0.87142797,2.35212035,0.351225744,0.52468629,0.12116457,3.77081748,0.90582815,0.21761345,,2.57113903,0,0.60673959,0.60769544,0.1198816,0
RKI-1447,S7195,333,1,0,0,1,0,1.077720207,1.006453087,1.175297523,1.198938657,0.8933039,1.145658911,1.437134328,0.944697199,1.439825581,1.231402161,0.993667133,1.456713172,0.757908504,0.948550207,1.059256681,1.023131509,0.240659507,1.503818759,1.430910202,0.517549448,1.795928858,1.380338437,1.531792255,1.229242064,0.105,516,0.9082893,17.7014318,398.353413,5841.52941,1.59929445,0.19235511,4.22284831,3.52498,0.40274573,0.79751319,0.78919654,0.54059485,1.705992,2.14207412,0.25824028,0.66253916,0.48461543,0.04969119,3.12697352,3.51295,2.58952743,1.41636889,0.92816976,13.8653327,1.94817152,1.76390704,0.42534168,0.7592737,0.19791946,17.5844607,0.20305965,0.12899376,0.95769837,0.24323125,0.024287642,0,1.84259563,1.78156781,0.41025352,0.95458203,0.67881892,,2.72075287,0.04831864,1.59091295,1.16050544,1.11757296,0
CGP 57380,S7421,334,1,0,1,1,0,1.257746622,1.341328308,1.224187842,1.295217639,1.406622517,1.043526528,0.87641791,1.014120581,0.893023256,0.921789698,0.798480729,1.025185161,0.620473557,0.903642337,0.664920411,1.199152152,0.794888481,1.425212392,1.355406231,1.275116675,1.233062609,1.401490733,1.366796758,1.061730948,0.141,126,61.4051523,12.4309559,2702.14674,20032.5826,1.84796726,0,26.7271027,1.00297,1.30466322,1.18470263,4.35670072,0.14929772,7.11559988,0.52706568,0.23965785,0.64112491,1.21408113,0,39.8711416,1.6749,6.00473385,4.6384129,15.2584328,250.129711,24.9560813,0.80340291,0.82869524,1.08471299,0.90827461,0,5770.10499,0.13636896,0.88281826,0.52076253,0.239463361,0,81.2452104,1.23425666,0.67509418,1.17187016,1.45775742,,9.96305443,0,7.1577261,7.45939824,2.4251323,0
Bromosporine,S7233,335,1,0,0,0,1,1.211012903,0.905487979,1.185268575,1.246320045,0.843414275,1.308848698,0.77158209,0.344623058,1.120203488,1.348053639,0.907596742,1.661946131,0.443693632,0.44599343,0.983202975,1.284674224,0.549859231,1.655882605,1.509712889,0.444921846,1.815359309,1.388799355,1.172981087,1.217247441,0.1,192,0.40052555,0.77367053,113.964245,1974.77696,1.32200149,0,0.12138133,0.93912,0.30316236,0.69880155,1.25643738,0,0.27775502,0.30560098,0.21269059,0.47799244,0.37002686,0,1.05685154,0.51026,2.48122916,1.24421643,0.46754753,16.2755598,0.37261069,0.41748304,0.53264647,0.7991796,0.93017929,0,0.09449285,0.77198326,0.99083154,0.84166728,0.183348717,0.204886052,0.07093303,0.51823851,0.78062229,0.96727234,0.48771696,,0.24474097,0.1261278,1.15292066,0.66049641,1.29821657,0
Ferrostatin-1 (Fer-1),S7243,336,1,0,0,0,1,1.49344712,1.144195077,1.108716629,1.424853118,1.288153054,0.958046163,1.082029851,0.968961682,0.953633721,1.416100334,0.752389483,1.569860698,0.667011798,0.649878589,0.668876962,1.727582711,0.852140196,1.46228439,1.550397068,0.425275946,1.446797574,1.370064464,1.30267187,0.971564471,0.112,370,0,1.41266197,101.788383,1339.78353,0,0.12104856,0,0.20613,0.31600816,0.95602085,0.23344388,0.14288462,0.1734791,0.01771136,0.14984021,0.3333593,0.41446157,0,0.35640714,0.80673,0.28191558,0.74675624,0.68801015,0,0.23138302,0.55604072,0.71787713,0.78607484,0.03788227,0,0.00126622,0.00396167,0.49910588,0.47550744,0.000782789,0,0.25550046,0.0706619,0.77379831,0.84550919,0.37971475,,1.12244338,0,1.24349986,0.53612052,3.28000273,0
VER-50589,S7459,337,0,0,0,0,0,1.881336991,1.151961624,1.076230299,1.478299324,1.333774834,1.000231278,1.430686567,0.765746638,0.866860465,3.671362236,1.376024074,1.595331137,1.623389008,0.905013569,0.711519792,4.30540964,1.026970346,1.267999657,2.482101405,0.667249426,1.255885679,1.839645447,1.167937556,0.947161617,0.173,8087,0,1.61424931,173.532857,2143.61159,0.44020314,0,0.91781061,0.83409,0.64619489,1.44843048,0.78073802,0.14011928,0.84886982,0.8462712,0.64033691,0.71692669,0.55043207,0,1.65325361,1.42478,2.25456704,1.36135301,1.29925423,0.44539535,1.00144471,0.66340606,0.79656339,0.79838957,1.00598114,0,0.19494339,0.51704647,0.85047302,0.67398979,0.059404246,0,1.06719053,1.26366498,0.69936946,1.26366882,0.88257347,,2.19783287,0.04715693,0.80161783,0.79879137,0.78069464,0
SGC-CBP30,S7256,338,1,0,0,1,0,1.220562837,1.035691851,1.069797362,1.66479247,1.242825607,1.117905546,1.12238806,0.788326088,1.120639535,2.270450896,1.015209781,1.572309779,0.667338765,0.614569347,0.616782371,1.678186342,0.654854426,1.477731056,1.365302382,0.470612638,1.594839108,1.374294923,1.413629541,1.232550925,0.112,239,1.15201766,0.18135616,143.138318,15475.4129,0.91146377,0,21.4267792,7.80202,0.02864212,0.01992441,1.36922055,0.13989577,6.36226127,1.16997304,0.04595238,0.91325455,0.35820554,0,3.80737598,0,5.34195919,3.66308148,0.86645782,514.975959,1.18421235,0.82384509,0.19053946,1.4107368,0.44071918,0,1.77812914,0.1323688,0.82829228,0.4422898,0.071126248,0,203.469556,5.85940999,0.1901626,2.39041411,1.23000632,,0.80506186,0.27782406,0.05265546,8.72597241,0.25768294,0
LB42708,S7467,339,0,0,0,0,0,1.081174439,0.923533779,1.179800579,1.968033356,0.468874172,1.887783894,0.878567164,0.17234523,1.18997093,0.879503537,0.509909453,1.099637213,0.778398409,0.522268247,1.012877109,1.920191687,0.30122899,1.838496525,1.266707392,0.246951626,1.436002879,1.262489927,1.199639748,1.187881295,0.214,161,0,1.51874354,219.625643,2757.01963,0.17903924,0,0.82781913,0.42839,1.40601278,0.98557687,0.63477078,0.18139488,0.6791771,0.40759099,3.45027674,0.86696875,0.99419048,0.28449622,0.50347228,0.70241,0.58737998,0.86689754,0.66406183,0.11177133,0.68336514,0.73095138,2.52634009,0.98543497,0.25247487,0,0.27185653,0.3675878,0.8229432,0.86629703,3.283706863,1.48092314,0.96355087,0.91753053,3.08245181,1.5723218,1.02826909,,1.12757202,0,0.60508483,0.71898734,0.65761045,0
NMS-E973,S7282,340,0,0,0,0,0,1.076094687,1.423105477,1.640720489,0.963926969,0.678881531,1.296637217,0.558567164,0.399824757,1.162936047,0.81570976,0.441073179,1.513531843,0.305713741,0.488673047,0.648214973,0.756243664,0.309159263,1.441688835,0.877458766,0.375672272,1.2981392,0.927679291,1.132632843,0.981904663,0.098,223,0.7812155,0.05705936,795.478302,5431.37794,0.78323695,0,19.0140455,0.47589,0.38604363,1.46157171,2.65504014,0.52601888,1.779004,0.09517809,0.21066119,0.75572153,0.37186418,1.78736003,5.5113127,0.11312,1.93782884,1.45362918,1.42552437,36.5348963,16.0462295,0.43301642,1.21354186,1.12945612,0.15483942,0,0.17887439,0.00648026,0.64487231,0.0956722,0.068051233,0,25.6613383,0.56927817,1.66412633,1.95212263,0.73930228,500,1.3074725,0,3.79287257,3.40077289,0.45020055,0
RG2833 (RGFP109),S7292,341,0,0,0,0,0,1.427613532,1.351379133,1.420070762,1.573820203,2.045916115,1.037420787,0.718089552,0.748020086,0.874273256,0.632226707,0.336466092,0.926732119,2.243099643,1.258363091,1.059256681,1.207446318,1.169432035,1.463314168,1.150519243,0.544306986,1.394674617,1.2044722,1.18018613,1.098128425,0.105,112,4.05585736,0,254.863543,9933.60791,0.71378018,0,2.186279,0,0.00466469,3.33070476,7.98125392,0.48682146,1.15963793,0.00065821,0,0.85323434,1.47347582,0,11.0409169,0,0.19987239,2.67332513,7.75688129,0,8.76031406,0,0,2.25208499,0.01041813,0,0.20448057,0.0022422,0.87313288,0.04440967,0.224334028,0,9.25608694,0.00571043,0.07562918,2.11088215,5.26989763,,2.65483517,0,1.81170131,4.11722566,0.80275533,0
Y-320,S7516,342,1,0,0,0,1,1.105354059,0.909142825,1.184303635,1.206140628,1.113318617,1.103473796,0.905074627,0.785090823,0.996802326,1.01887775,1.127431944,1.512552211,1.297730307,0.759748607,1.801989266,1.185512856,0.603267192,1.099802626,1.140623091,0.61551226,1.226585792,1.276390008,1.188832183,1.238755041,0.11,185,2.77098947,10.7374843,494.573323,9606.88251,0.82566228,0,7.56132887,0.23886,0.34184007,2.64406503,2.73305109,0.28118583,2.60999367,0.00535034,0.05713215,0.62416769,0.35034195,0,3.5337874,0.34239,1.07255576,1.69837198,0.82590469,0.48232819,6.03595393,0.1347997,0.1128674,1.01559746,1.17816174,0,0.20558777,0.0009743,0.79174588,0.12791324,0.010324317,0,9.71462707,0.09750832,0.59752001,1.8612615,1.22137249,,2.96772578,2.96037518,0.25854478,6.07907376,0.08839413,0
FR 180204,S7524,343,0,0,0,0,0,1.145179315,1.388612872,1.216789965,7.767136269,2.058278146,1.70128128,0.680119403,0.487581303,1.141569767,1.214998047,0.824331905,1.619332128,0.588866788,0.262505356,1.2586229,1.267164317,0.518947351,1.576932979,1.294563225,0.704141047,1.683664028,1.140410959,1.041849295,0.927308448,0.118,389,0,0.00234879,268.22884,965.425494,0,0,0,0,0.03770121,0.95616844,0.10669094,0.16149346,0.01154166,0.00167777,0.00990945,0.26074662,0.12019072,0,0,0,0.04479352,0.24981276,0.05800488,0,0,0.11252029,0.10957045,0.47395933,0.88412623,0,0.00629416,0.01424587,0.54506388,0.41964627,0.097448423,0,0.00523853,0.01829374,0.08449433,0.65714256,0.06419526,,1.59632913,0,0.4542478,0.4460068,1.8453377,0
GSK2606414,S7307,344,1,0,0,0,1,1.307528193,1.148992062,1.15632036,1.085223324,0.902133922,1.035200518,0.731940299,0.76129815,0.989825581,0.896272187,0.723432157,1.389608362,1.174245933,1.136837595,1.008041324,1.473596904,0.951106765,1.66755342,1.3473427,0.994029187,1.182790172,1.196011281,1.155688982,1.033192017,0.101,158,0,0.90226106,150.709143,1348.79814,0.1094164,0,0.21702634,0.49162,0.33595183,2.9413484,1.05171234,0.14176315,0.16261025,0.12726341,0.09570904,0.20349863,0.25428914,0,0.74281338,0.53657,2.35819746,0.52275241,0.15829575,0.21149913,0.36012509,0.2623621,0.40073753,0.39756805,0.50125054,0,0.07437165,0.29127962,0.83039271,0.56727311,746.9888271,0,0.30850872,2.35555058,1.08759322,0.69662341,1.23865472,,0.79000155,0,0.82358781,0.5452196,0.27090649,0
UMI-77,S7531,345,1,0,0,1,0,1.175454638,1.040945691,1.043743969,1.284983259,0.82133922,1.147324113,1.82758209,0.833754592,1.391424419,1.140511218,1.008997482,1.313197046,0.529794828,0.403142408,0.713717876,0.931158419,0.399467269,1.010211963,1.287232743,0.469012519,1.479181659,1.316277196,1.018793155,1.134112294,0.113,164,0,0.78521682,10.3281873,1249.40118,0.70336466,0,0.11148353,0.06989,0.08171668,1.47748997,1.32535021,0.04121678,0.24196525,0.06071189,0.02883064,0.37143321,0.64742471,0,0.70488554,0,0.1500385,0.68461332,0.45274445,0,0.86753619,0.12114716,0.04848998,0.73661421,1.28331359,0,0.02600631,0.04872137,0.67409811,0.37835555,0.207827445,0,0.15374296,0.11907961,0.7010777,0.83049367,0.56138788,,0.67795421,0,0.12823009,0.49128602,0.59274909,0
UNC2881,S7325,346,1,0,0,0,1,1.669409733,1.445719833,1.373753619,1.679575463,0.978513613,1.182293353,1.131462687,0.552084386,1.158139535,1.54757627,0.688563128,1.226009775,1.755374513,0.760177118,1.337534116,1.501244125,0.343995819,1.103235218,1.331948687,0.477013112,1.430759741,1.551974214,1.428039628,1.254885741,0.103,215,43.7736836,0,247.865609,2687.1587,4.65956016,0,0.1022906,0,0,5.47744201,0.07476748,0.01235702,0.06629374,0,0.00211235,0.01183447,0.01266856,0,5.47744201,0,0.00902836,0.22249909,1.11426491,0,0.64391694,0,0.04241865,0.06850454,0.52518635,0,0.00925832,0.000039337,0.10807128,0.0020888,0.002674439,0,1.17600964,0,0,0.06683623,0.06722138,,12.1993341,0,0,1.20971365,2.27832469,0
CL-387785 (EKI-785),S7557,347,1,0,0,0,1,1.051508686,1.006909942,1.082663236,0.911238865,0.686534216,0.95249549,0.981014925,0.832945776,0.850726744,2.506670138,0.861405299,1.396955604,1.371188796,0.942036852,1.377539245,1.259976039,1.067471383,1.551531794,1.084544899,0.863086155,1.27593297,1.011079774,0.876853798,0.991831248,0.113,196,0,0.22856205,0,5497.40827,0,0,0.48095708,0,0,5.65398097,0.41552738,0,1.00166334,0.03801169,0.00760098,0.27171481,0.27185494,0,5.65398097,0.01701,1.84612284,1.60205996,1.35257699,33.0940998,3.83730303,0.07403429,0.00289347,0.69188693,0.0178014,0,0.00875696,0.00549125,0.41872381,0.03832362,0.014692727,0,5.39013237,0.40081872,0.15825365,0.83734948,0.47027882,,0.51995714,0,0.48146011,1.74227496,0.49122976,0
HS-173,S7356,348,1,0,0,0,1,1.027532256,0.998914968,1.183017047,1.032156169,0.640765269,1.237800083,0.828656716,0.67536144,1.081395349,1.214633511,0.866114621,1.278909917,0.8068445,0.92978146,1.194438847,0.906275919,0.485041388,1.103235218,1.048625535,0.484835914,1.286419245,1.14101531,1.083638547,1.075380002,0.104,215,0,0.0109563,64.4814568,1447.35971,0.47947,0,0.12459236,0.09167,0.00960723,1.18087443,0.23835048,0,0.4782967,0.05316898,0.01132328,0.18425204,0.14455686,0,1.18087443,0.23122,0.20004107,0.36561224,0,0.17864063,0.79149967,0.13883666,0.11072569,0.42673857,0.59342688,0,0.02304979,0.00834785,0.37113257,0.07535847,0.02209349,0,0.58917135,0.08910598,0.09389703,0.48967947,0.19078872,,1.11095357,0,0.07158665,0.65122065,0.79438566,0
"Spebrutinib (CC-292, AVL-292)",S7173,349,1,0,0,0,1,1.03647262,1.006453087,0.96847861,0.968475583,1.108462104,0.805957722,0.709253731,0.592120783,0.705959302,1.044881309,1.055890315,1.329360978,0.971526661,0.905356378,0.987599143,1.230669984,0.831222078,1.209302326,1.467929139,0.884154382,1.506322607,0.9772361,0.855959171,0.918209079,0.11,351,5.08836575,0.69146413,29.1762118,1600.36323,0.18878783,0,0.02276216,0.65322,0.02728982,0.29469995,0.78146465,0.28016868,0.20215374,0.47525586,0.00030871,0.55412117,1.07405705,0,0.29469995,0.77733,0.12082263,1.13282289,0.85003181,0,0.17835733,0.65426299,0.16885733,0.84753197,2.27883272,0,0.01801912,0.29512401,0.87706156,0.57205699,6.942803896,2.470045114,0.16566633,0.42399359,0.30138034,0.98892829,1.57948494,,0.60614607,0,0.62069645,0.66924969,0.18603165,0
MG-101 (ALLN),S7386,350,1,0,0,0,1,1.055572488,0.972874193,1.124155677,0.904415945,0.596173657,1.092927517,0.99080597,0.780642335,1.527034884,1.220709109,1.098875411,1.400874133,0.905043459,0.992343951,1.279065082,0.955303659,0.60945766,1.051746331,1.045326817,0.475235203,1.193276447,1.241337631,1.33077154,1.111363871,0.109,187,3.06308221,42.8032999,94.3149437,2655.51726,0.85122252,0.02096861,0.02886361,0.05858,0.01161534,0,1.9219921,0.29133986,0.08752962,0.01077429,0.00212149,0.24366146,0.35014866,0.8461028,0,5.45397,0.13492366,0.90754315,1.34689589,0,0.52205877,1.1314114,0.01084403,0.60379129,1.02915754,0,0.01390187,0.04570955,0.50863046,0.0605453,0.213128741,3.771319681,0.31373498,0.41450533,0,0.68924643,1.40195593,,0.7473082,2.12575233,0.33715462,0.80161317,1.30842349,0
FLI-06,S7399,351,0,0,0,0,0,1.08544143,0.741933642,1.255387584,1.93164445,0.271376012,1.409870947,1.165373134,0.674215617,1.685755814,1.010128889,0.666719886,1.236295914,0.122394485,0.097186116,0.067700987,1.419776979,0.297627999,1.753024972,1.416249236,0.230683754,1.161817621,1.324738114,1.037526268,1.105159756,0.132,43,0,0.0610345,97.8785726,790.160903,0.97371748,0.01326507,0.21250623,0.04935,0.25148148,1.97103862,0.0986596,0,0,0.00020323,0.00723008,0.1916153,0.00690927,0.01068744,1.97103862,0,0.01816905,0.32145393,0.4148165,0,0,0,0.02785191,0.1603298,1.57123957,0,0.35040519,0.10377774,0.84952723,0.4830155,0.122343147,0,0.18713879,0.04693144,0.30215422,0.6279693,0.00675404,,0.55790413,0,0.78140823,0.53192806,0.92666267,0
GSK650394,S7209,352,1,0,0,0,1,1.170374886,0.974930044,1.030878096,0.969612736,0.659455482,1.089597114,1.754029851,1.125332794,1.145494186,0.926771688,0.564216964,1.024695345,0.946677202,1.096471933,0.831535179,1.044512027,0.380693562,0.987556852,1.409651802,0.425187051,1.112470443,1.200241741,1.044010808,1.053458794,0.117,132,5.33793873,1.62747656,148.487244,1239.77046,0.70502992,0.2085942,0.12991423,0.27285,0.2008024,0.78696847,0.35837161,0.11495321,0.87067578,0.65998195,0.46010018,0.50997171,0.57325716,0.07318268,2.18168781,1.15028,3.8932113,1.04682807,0.90296786,5.06667332,1.73527635,0.87592969,0.99603505,0.75510468,0.27595772,0,1.02767765,0.51453921,0.85148527,0.85660614,0.135597978,0.17388805,1.21862436,0.52535303,0.89807554,0.80631083,0.47523721,,2.37022853,0,0.65402604,0.45224771,0.56238459,0
RepSox,S7223,353,1,0,0,0,1,1.165295134,1.188966935,1.101318752,1.176574641,0.964091244,1.004116749,0.660059701,0.597378088,0.744767442,1.066996485,0.827438055,0.914486716,1.530530503,0.865847736,1.570311212,1.569993549,0.749653556,1.682313567,1.234819792,1.262226832,1.301531819,1.164585012,1.046172321,1.072898356,0.141,251,1.35775418,0.25441297,0,1248.35051,1.0257969,0,1.11402488,0,0,0.86331887,0.47774385,0.19249389,0.91567423,0.00064864,0.00196854,0.11197183,0.18782228,0,1.77791925,0,0.01720952,0.30705803,1.39491101,0,2.90028934,0.00138635,0,0.29279952,0.95035414,0,0.04216534,0.00175994,0.31126591,0.13185301,0.026603022,0,3.18598798,0.00821409,0,0.23963064,0.14873205,,7.47295401,0,0,0.54299286,1.63908008,0
Ro3280,S7248,354,1,0,0,0,1,0.876968404,1.0697276,1.058218077,1.196285299,1.607505519,1.285535871,0.601552239,0.408721734,0.960610465,1.19154624,0.900883452,1.307809069,0.471267813,0.916154835,0.832634221,1.003225509,0.656998837,1.343173432,0.908246793,0.449011038,1.147938727,1.007453666,0.923686581,1.007134733,0.103,265,0.50700431,4.65231993,547.723416,3702.88306,0,0,0.36667035,0.67347,0.90562233,0.93275572,1.65988235,0.21932194,0.31356356,0.80563407,1.42595523,0.88527881,0.85550562,0.08951228,0.11374991,2.36053,4.14515925,1.5173502,3.21404664,7.35760713,0.47268051,1.23830046,1.31984743,1.0712698,0.9522155,0,0.10838983,0.82853337,0.85541625,0.80804303,0.228775073,0.094314049,0.59547488,1.19192704,1.09605979,1.35391411,0.85575002,,0.70864501,0.62299201,0.94549989,0.94664955,0.36678335,0
BTB06584,S7460,355,0,0,0,0,0,2.24118663,0.89794986,0.598906401,111.7931644,3.730389993,35.29395439,0.732179104,0.547635898,0.766569767,0.872334331,0.462515628,1.70504995,0.37721043,0.118011713,0.768669976,0.985715602,0.146305444,1.301295804,1.288698839,0.250151863,1.032281279,0.708722804,0.520924647,0.411126047,0.277,171,0,0,50.7161424,1082.83151,0.40995092,0,0.68817069,0.77422,0.18989261,0.80342309,0.80031071,0.11562871,0.64638255,0.37914641,0.35102614,0.60918733,0.51043887,0,0.3602202,0.94433,0.48992752,1.08920657,0.64802972,0.14111074,0.94628785,0.45691181,0.38517383,0.87037418,0.67246679,0,0.42378274,0.54633859,0.94672718,0.80554123,0.109270205,0,1.28894425,0.81195643,0.8655623,1.10387827,0.69396314,,0,0,0.66046346,0.62507002,0.26083413,0
CNX-774,S7257,356,0,0,0,0,0,0.563446104,0.309291303,0.599228048,2.001010803,1.041942605,1.77121976,0.360358209,0.073400061,0.540261628,0.888981469,0.711408354,1.54683934,0.468325114,0.773803742,1.013536534,0.825914662,0.165443296,1.18012529,1.756383629,0.282598711,1.357047394,1.261281225,1.674452116,0.672526109,0.134,111,0,1.15094751,124.971911,1484.44638,0.66715335,0.00851475,0.53184826,0.81769,0.57289921,0.62800678,1.17720254,0.03165741,0.764011,1.202666,1.18129761,0.82380709,0.4610599,0.08300216,1.16096021,2.30726,3.17708452,1.44804565,1.94722863,2.65705622,1.63419143,1.02093184,1.05815265,0.99266196,1.16374322,0,0.64000061,0.69957639,0.97489493,0.87112234,0.259660633,0.069363291,0.63676953,0.99868833,1.13904343,1.20283937,0.88095489,,3.14432937,1.37825824,1.33183634,1.55233312,2.93024538,0
SC75741,S7273,357,0,0,0,0,0,0.861932338,0.458454686,0.889675137,0.908585508,0.314054452,0.969147509,0.786865672,0.192161224,1.235319767,0.566002691,0.336967084,0.710233389,0.719435438,0.558948722,1.272910446,1.105151599,0.170379486,1.970308075,1.186072083,0.262952811,1.606867482,1.233481064,1.087961573,0.864026471,0.106,290,0,0.21778422,171.58522,982.58458,0.3142127,0,0,0.24197,0.11845643,1.04717565,0.41308873,0.08056111,0.30506094,0.14399139,0.2583406,0.83646782,0.62745141,0,0.22761942,0,0.04789958,0.51166269,0.15379967,0,0.4267669,0.36506865,0.36652587,0.77744729,0.60564591,0,0.02873314,0.04185921,0.69476474,0.34306459,0.042189771,0,0.77314126,0.39602384,0.59906422,1.0744538,0.29401708,,3.50796033,0,0.10016238,0.61310835,3.98263542,0
"Rociletinib (CO-1686, AVL-301)",S7284,358,1,0,0,0,1,1.045819364,0.968762492,1.035059505,1.029502811,0.612067697,1.12734169,0.73241791,0.449701749,0.960610465,0.666857614,0.323239908,0.807706799,0.61349827,0.722125411,0.877475134,1.167081375,0.637496839,1.494550759,1.125962126,0.374783317,1.23059525,1.085414988,0.984208946,0.998035363,0.106,261,0,0.5554476,80.3836229,717.515241,0.17485049,0.01743875,0.07760032,0.14821,0.02600273,0.90071148,0.14368229,0.40480664,0.23534414,0.13880701,0.2078254,0.26205732,0.33697825,0,0,0.45492,0.28740818,0.38006678,0.05396198,0.05865035,0.07581148,0.31809278,0.26572306,0.37102427,0.01493546,0,0.07939121,0.34941023,0.98043091,0.71042274,0.024852617,0,0.17440591,0.32730497,0.3305692,0.63561853,0.1757118,,0.98766549,0.02445934,0.66682104,0.35431952,0.31793562,0
AZD7545,S7517,359,1,0,0,0,1,0.951945545,0.816401119,1.069475716,1.043527702,0.67049301,1.189509228,0.682029851,0.416405486,1.139389535,0.784724211,0.520229884,0.899302416,0.410125065,0.446936152,1.050903962,0.966546862,0.18255812,1.132755514,0.959193647,0.20170383,0.968129948,1.130136986,0.884779346,1.031537587,0.101,282,0,1.28382613,197.893806,2142.6846,1.34692661,0.13509494,0.62464038,0.32814,0.67095356,0.79890702,1.88372716,0.24243171,0.36647875,0.30617822,0.58893094,0.45234218,0.89273772,0,0.93081451,0.80415,3.47023818,1.19979431,1.81782602,8.59282787,0.29241533,0.68685031,1.47167815,0.7875121,0.26137315,0,0.18286891,0.47371178,0.86316247,0.66435755,0.661813983,0.15242536,1.54804331,0.3890549,2.26574996,0.95944289,1.32582963,,1.10349774,0,1.52643968,0.71146025,1.38564045,0
XMD8-92,S7525,360,1,0,0,0,1,1.06065224,0.981326024,1.099067224,0.980605218,0.67049301,1.070169758,1.067462687,0.818858895,1.120203488,0.828833051,0.63776256,1.201518968,0.401841912,0.482759606,0.829776711,1.143673394,0.755358498,1.560113276,1.074282224,0.85277428,1.204996402,1.085414988,0.928730111,1.026160687,0.105,234,19.9157552,0.65136336,214.488189,12935.9881,1.08015265,0.03675155,3.48323048,0.16011,0.01402691,0.11169374,1.55879867,0.06165612,1.84005094,0.02174477,0.00277284,0.21750986,0.09324725,0.01103489,5.65729751,0.08116,0.12074097,1.30630012,1.07937842,0.28479185,4.28300819,0.00837808,0.04693191,0.4790044,1.16016351,0.27104084,0.10583761,0.01007151,0.45719055,0.06327834,0.005203046,0,5.4274549,0.08143179,0.00711466,0.67801885,0.36333287,,16.0248776,0,0.34488161,6.89201249,1.62394809,0
ID-8,S7327,361,1,0,0,0,1,1.302651631,0.966249786,1.071727243,1.400214796,0.742899191,1.252231833,1.556298507,0.603376807,1.776453488,1.282801719,0.732850803,1.298012746,0.863954661,0.680045708,0.996831096,1.14312045,0.287027328,1.258045139,1.897495418,0.417719831,1.3431685,1.123489122,0.870369258,1.049322717,0.127,71,0,2.89586239,688.253779,2698.95424,0.34099271,0.02515605,1.246631,1.28787,3.67151594,0.84483578,1.05763428,0.41363326,0.87179031,0.79881533,5.0821415,0.93833091,0.79523335,0.147367,3.26292488,1.40247,2.10857787,1.19763596,0.78919534,0.72669896,0.46139171,0.75592313,2.33149076,1.04146577,0.22234985,0,0.18020855,0.63861874,0.85302419,0.75381617,0.170861516,0,1.03504339,1.28675781,3.98868077,1.85630979,0.90654391,,1.89274823,0,0.38695412,0.56717724,0.15313353,0
ERK5-IN-1,S7334,362,0,0,0,0,0,1.145179315,1.252469876,1.092955934,1.379366985,1.574245769,1.382672649,0.852537313,0.728204091,1.080087209,1.021672525,0.848379512,1.389118546,1.402904553,0.983773747,1.127617094,1.038613953,0.689974206,1.015360851,1.140256567,0.683606193,1.015318186,1.35435133,1.379765836,1.126253748,0.102,196,0.87858024,3.18282862,323.072298,4786.18958,0.11233689,0.02072898,2.08924722,0.93088,0.26677878,2.12688142,1.41989309,0.56796441,1.03175783,0.55298702,0.1906485,0.58146504,0.32969364,0.04539836,2.7090396,1.35271,1.11965805,1.01030368,0.74444602,1.17022622,2.74919954,0.45766112,0.54087377,0.75879033,0.77924006,0,0.00942002,0.00095648,0.36218802,0.01099671,0.006544282,0,6.15386976,1.89107676,0.78469953,1.56388603,1.17897598,,1.74477483,0.25054711,0.57077225,1.29493439,5.26359722,27.2467254
CH5138303,S7340,363,0,0,0,0,0,27.79660673,0.766603849,1.659054358,90.65992798,1.525680648,2.168647949,27.62770149,0.416944697,1.073110465,1.380618843,1.340353458,1.975918271,1.156916705,0.433823739,0.558972762,2.00460787,0.364833016,1.884836523,9.478313989,0.265797466,1.644186286,72.90048348,9.254878415,1.756178265,0.112,285,2.91417741,1.36506879,146.449572,8523.71294,0.13682037,0.15403818,1.06349407,0.15683,0.04676006,1.3380101,0,0.14730406,0.28156884,0.00351321,0.01205705,0.1548599,0.00738836,0,4.37048996,0,0.48297905,1.00089904,0,0.11551069,1.72402167,0.00028178,0.00973921,0.23186431,0.90969811,0,0.01258342,0.00568839,0.36074442,0.05280722,0.000238556,0,2.24022134,0.06834676,0.1956659,0.59990892,0.05345756,,1.5171573,0,0.32664673,2.44610235,0.3084197,0
UNC1999,S7165,364,0,0,0,0,0,2.768668089,1.844097996,1.287552268,2.561627393,1.585283297,1.206161247,1.918089552,0.978465271,1.175581395,2.379933168,1.264302903,1.466019679,1.535435002,0.980174261,0.882530727,1.72408073,0.522952948,1.390543208,2.729871717,1.700303726,1.936259895,2.086825141,1.732092465,1.25323131,0.117,75,0,1.32184207,216.06351,2039.46282,0.64789694,0.00963037,0.90924796,0.48971,0.13026509,0.8068733,0.37142026,0.26083646,1.1411675,0.28340921,0.19779337,0.33631807,0.43316888,0,0.43420922,0.82826,0.13780029,0.60410391,0.28571603,0,0.38257784,0.22511148,0.18436376,0.61284698,1.34421026,0,0.04416051,0.01574653,0.61572368,0.06878747,0.003017297,0,0.99266973,0.29843127,0.36555269,0.68543344,0.31092276,,0.67771769,0.01534613,0.19414983,0.80777447,0.72233304,0
I-BET-762,S7189,365,0,0,0,0,0,0.682515493,8.375078522,1.062399485,1.047697265,5.479470199,1.552523243,0.495283582,1.999325987,1.441133721,1.428980601,2.626499603,2.717499892,0.243699082,2.717526068,0.727126188,0.452124228,1.149120825,1.09774307,0.851802077,2.261945329,1.328672767,1.167606769,13.70759532,1.632509565,0.11,266,0.15435782,1.36071485,1767.31055,1657.93123,0.3762216,0,0,0.10912,2.20928553,3.02531904,0.2313066,0.94397432,0.1248251,0.0259051,4.16537977,0.43791372,0.18192361,3.55436752,0,0.36769,0.78723441,0.64988525,0.50570208,0.14468468,0.24310612,0.12597378,2.1405062,0.51922032,0.75054534,0,0.00986516,0.01603365,0.64827609,0.35484218,0.011667685,0,0.02508786,0.03829168,5.13588414,0.70518613,0.098577,500,0.72814279,0,3.80344131,0.56518939,0.88605315,0
DBeQ,S7199,366,0,0,0,0,0,1.368688408,1.327165782,1.037632679,1.423336913,0.846946284,1.276099727,1.116656716,0.743976005,1.070930233,0.760786356,2.87408975,3.256297636,0.473992534,0.271418369,0.852416977,1.503271588,0.669743918,1.579335793,1.845448992,0.30304467,1.626914773,2.167808219,1.571419994,1.102264502,0.103,280,2.53736193,0,215.713834,1963.19455,1.05069917,0,0.28010471,0.28304,0.24275235,0.08276195,0.77528184,0.01350143,0.15466369,0.10960561,0.04550266,0.27300449,0.15060296,0,0.08276195,0,0.14173222,0.2615046,0,0,0.85581897,0.06723123,0.06831009,0.62192635,0.56393928,0,0.03647317,0.01600487,0.50723343,0.08787665,0.041788741,0,2.62956007,0.37886986,0.33266178,0.72984882,0.34590972,,2.5368121,0,0.77860544,0.74151126,0.6227617,0
Deltarasin,S7224,367,1,0,0,0,1,1.168139795,0.933127748,1.068189128,1.403626256,0.866225166,1.508117859,0.834149254,0.370302969,1.208284884,1.113414052,0.701588915,1.484632692,0.835835536,0.461934009,0.8190061,1.239148466,0.283304955,1.414228096,1.235186316,0.337536114,1.251567801,1.17727639,0.99645752,1.021197394,0.108,209,0,2.04704804,329.893271,1720.47315,0.16897137,0.06905477,0.02525909,0.17411,0.65168891,0.37283586,1.63567637,0.18588935,0.30452965,0.08591329,0.4709376,0.83826677,0.52165834,0,0.37283586,0.28736,0.78923557,0.98350808,1.23493153,0,0.34222133,0.16379664,0.37719949,1.15439684,0.21085074,0,0.0567248,0.06550367,0.92674565,0.60543931,0.039707405,0,0.42744307,0.18701382,1.18052955,1.46641248,0.79968576,,0.03119927,0.00804393,1.7365364,0.47713863,0.30459238,0
NH125,S7436,368,0,0,0,0,0,3.933556842,1.795671292,1.496622708,2.988817992,2.890360559,1.129006892,2.308298507,1.581572473,1.299854651,3.743175802,0.930041175,1.829463248,1.382414648,0.931324097,0.705584965,3.028660953,0.390808706,1.808289711,3.145143555,2.580991185,2.08152565,1.555600322,1.461903332,1.115499948,0.335,90,0,0.41606321,0,1181.4266,0,0,0.16223478,0.06423,0.00433181,1.28963386,0.39646567,0.19072947,0.10887703,0.07670781,0.02207016,0.44428064,1.3479009,0.01254385,1.28963386,0.0757,0.00951915,0.6264169,0.29008406,0,0.18520276,0.35178629,0.17663763,0.81007265,0,0,0.00776637,0.03453893,0.7625561,0.32070382,0.313460247,0.483832788,0.21563304,0.18707739,0.59124846,0.86126626,1.75633312,,0.32561531,0.03585442,0.21527418,0.56334988,1.26538881,0
KPT-276,S7251,369,1,0,0,0,1,1.08320634,0.91599566,1.007397877,0.882810032,0.245327447,1.14177344,0.899104478,0.268729148,1.759883721,2.003246105,0.761407336,1.426344572,0.375684586,0.288730181,0.803179895,0.899456271,0.139386685,1.092250923,1.149786194,0.272820209,1.206230081,1.186946011,0.943140198,1.041877779,0.102,286,0,0.46889745,187.148691,1137.32842,1.16039729,0,0.00463872,0,0,1.51177811,0.08295321,0.30629281,0.00262065,0.00021985,0.00754759,0.23906566,0.23698794,0,1.51177811,0,0.00694188,0.30511914,0.56223168,0,0,0.02436715,0.05489057,0.35649573,0.73592715,0,0.00157171,0.00070266,0.18546306,0.00340747,0.005969325,0,0.04707965,0.00013581,0.1025874,0.62056424,0.70185464,,0.11758553,0,0.34698646,0.6674946,1.63339385,0
LDC000067,S7461,370,0,0,0,0,0,1.508686376,1.249271886,1.082019942,1.318718807,1.186019132,1.043526528,0.67558209,0.655141037,0.685901163,1.210623617,0.821225756,1.361688843,0.80204899,0.600342808,0.667338303,1.836881393,0.62701755,1.969621557,1.520342089,0.890643751,1.204996402,1.552578566,1.479195437,0.948816048,0.112,243,0,1.18806046,95.4627119,2185.10821,0.13282352,0,0.59450043,0.28124,0.15731088,1.44890229,0.15908204,0.29186235,0.74148928,0.04900966,0.06245766,0.23975585,0.01143126,0,1.44890229,1.08465,3.01499991,1.47958269,0.29205937,40.100349,2.15914123,0.19764762,0.1712365,0.51770579,0.96457016,0,0.00410891,0.00279815,0.29836603,0.0077747,0.002767915,0,0.96667442,0.49226652,0.52208298,0.8450223,0.00979395,,0.39532008,0,0.4504029,0.81455704,2.59186086,0
SKLB1002,S7258,371,1,0,0,0,1,0.901960784,1.005539375,0.970086845,1.090909091,1.855187638,0.714926685,1.452179104,1.589862838,0.951889535,1.453161481,1.029638344,1.330830427,1.962235361,1.847136123,0.716355577,0.972629251,0.80888784,0.989616408,0.83347587,0.468479147,0.901202837,0.975423046,1.417952567,0.800330886,0.138,46,0,1.40702586,141.649913,662.658455,0.10469985,0.07044782,0.42793433,0.51124,0.03520877,0.29354319,0.36117824,0.47319431,0.76194069,0.19556262,0.0011995,0.33302179,0.40105119,0.00086762,0.29354319,0.58397,0.05124882,0.5110601,0,0.02776319,0.2586761,0.25932852,0.03916624,0.66573105,0.92824807,0,0.01966901,0.04579497,0.55581588,0.01230872,0.03662237,0,0.47621452,0.23576401,0.04859149,0.73351675,0.42352452,,0.77670779,0,0.14213391,0.42063946,0.27764009,0
Nexturastat A,S7473,372,1,0,0,1,0,1.468251549,1.295642739,1.506272113,2.295154463,1.801618837,1.278875064,1.652298507,0.928723082,1.430232558,1.813930478,1.446363323,1.789298325,1.174899866,0.733095272,0.877914751,1.193991337,0.2920849,1.515832833,1.711301161,0.938558412,1.741955382,1.432312651,1.105974182,1.208975287,0.134,144,0.22046852,2.07672899,793.670323,9971.5473,1.05775003,0.17718698,0.27160874,0,279.330807,0.11552657,0.80974086,0.30887147,0.44844815,0.00076862,1.23079104,0.64394233,0.40131972,0,1.6674367,0,1.48067989,1.5021323,1.28158867,0,1.55581944,0,3.09220889,0.95206777,0.82129249,0,0.08468554,0.00370085,0.90295043,0.64232883,0.065288704,0,0.47118664,0.00362132,2.44174292,1.38829569,0.50657151,,0.43358064,0,0.22657056,0.69665185,0.53758412,0
Golgicide A,S7266,373,1,0,0,1,0,1.389820177,1.033179145,1.189771631,1.424853118,0.822222222,1.356029419,0.78280597,0.427054898,1.063953488,1.485848197,0.924029273,1.563493089,0.94406147,0.589115841,0.967156962,1.499216662,0.520565774,1.225778769,1.379963348,0.376205645,1.413796649,1.517526189,1.216931852,1.31237721,0.132,236,1.5671843,1.57492293,70.2344304,1824.45398,0.46485889,0.19376852,0,0.07141,0,0.91740858,0.1876038,0.14115095,0.13425382,0.05151627,0.01042286,0.23204436,0.06201932,0.02546271,1.36854378,0.12485,0.06427181,0.59113584,1.31719311,0.11817483,0.32453187,0.06932637,0.01149166,0.41438426,0.6699301,0,0.00340057,0.02973581,0.77925052,0.66652059,0.02133956,0.323129551,0.04469903,0.18042476,0.1374002,0.67839548,0.06391147,,0.09250052,0.01185057,0.25965348,0.45392948,0.03006327,0
SGI-1027,S7276,374,1,1,0,0,0,1.257137052,1.022899891,1.013509167,1.195148146,0.975128771,1.117905546,0.86758209,0.610116941,1.07005814,1.055817385,0.635257601,1.35826013,0.526089207,0.732238252,0.842085982,1.254815224,0.391941602,1.397065133,1.513378131,0.366249352,1.237072067,1.480056406,0.906394476,0.972391686,0.117,283,4.18013106,1.31056427,345.684696,2239.29318,1.02810626,0.06787384,0.64509813,1.32729,1.11291453,0.10699589,1.10262435,0.3579797,0.9785204,0.89853656,3.10243492,0.95530357,0.78227602,0.37896073,2.83107544,0.71631,2.4030393,1.15826044,0.77296339,0.99674821,1.23690852,0.73895652,1.34584156,1.07267491,1.29562704,0,0.58603671,0.41126964,0.96922965,0.79492466,0.287080959,0.114465514,1.19155063,0.95656883,1.14212139,1.42226657,0.96062633,,1.68711437,0.88366975,1.48631703,1.01973951,0.06636012,0
JNK Inhibitor IX,S7508,375,1,1,0,0,0,1.61556436,1.103534921,1.216468318,1.828542548,1.545989698,1.189509228,1.398925373,0.898257675,1.068313953,1.24063707,0.777940065,1.603168195,1.440832675,1.151149836,1.232026084,1.402267072,0.764057521,1.194198919,2.136835675,1.083369138,1.807957232,1.964746172,1.1419994,1.141970841,0.132,502,0.31233931,9.90292002,432.495565,2700.35266,0.24861334,0.25356525,0.26021052,0.96411,1.35228562,1.53983504,0.41293065,0.08868584,0.51970758,0.71641648,1.07122222,0.67100198,0.41387058,0.11984998,4.5729638,4.7966,5.27726304,1.5174387,1.02103751,6.02863314,0.90286522,6.12056957,3395.30317,1.19333162,0.76081114,0,0.14631003,0.3725858,0.90004056,0.88256952,0.079864742,0.318561527,1.28942013,5.64951649,746.090093,1.90409441,1.08743184,500,0.72429392,1.28923728,1.63431864,1.32677514,1.49724644,0
GNF-5837,S7519,376,1,0,0,0,1,1.379254292,0.861858261,0.98070119,1.765620064,0.823399558,1.107914335,2.550925373,0.76682506,2.205523256,2.182840776,0.720626603,1.457202988,0.83452767,0.409227253,0.664041177,1.408902405,0.397808385,1.410795503,2.275015272,0.593377287,1.669476714,1.307211926,0.930891624,0.97363251,0.104,243,2.29117512,3.99815772,647.160183,1704.18711,1.15233644,0.2695595,1.19218821,2.22818,5.67298164,2.44795155,1.22107761,0.1855023,0.56277644,0.51872796,1.40836924,0.71265558,0.43798574,0.26056864,0.52604854,0.85607,1.3869825,1.05531943,0.60248564,0.40840739,1.08706656,0.44833913,2.0029045,0.89102623,0.89106238,0,0.08766445,0.24802153,1.02572265,0.71251905,0.126623133,0.023934054,0.68624111,0.76208527,1.66842178,1.16103289,0.41517889,,3.26011582,0,2.62835916,0.69355302,0.86487965,0
SF1670,S7310,377,1,0,0,0,1,1.195976836,0.999371823,1.165969765,1.473750711,1.229727741,1.567510061,0.910089552,0.491423179,1.244040698,1.365308337,0.751788293,1.340136933,0.837797335,0.809884302,0.978586998,1.088931896,0.467602879,1.144426328,1.127428222,0.316467887,1.27531613,1.193593876,1.022395677,1.069589494,0.105,180,1.8507398,0.09251142,128.148502,2714.74838,0.11194548,0.13138522,2.60231975,1.49763,1.10929558,0.60191295,2.73783899,0.3005924,0.35053073,0.27335904,0.40564858,0.91086125,1.1670058,0.11464683,0.2090874,0,0.29148799,0.89088461,1.19231913,0.04761752,1.10600563,0.18563552,0.52218609,1.1330285,0.49471341,0,0.10825819,0.24153315,0.83703125,0.75007755,442.8243743,0.016556503,1.71035206,0.80636165,0.7085582,1.92917113,1.02359518,,0.83695651,0.08542207,0.39994402,1.11819809,1.14417635,0
PTC-209 HBr,S7539,378,0,0,0,0,0,1.344711978,1.056250357,1.068510775,1.416893044,1.021633554,1.191729497,1.203820896,0.884305598,1.315988372,1.022280085,0.620829037,1.294094217,0.411868886,0.559548636,0.572820691,1.473965533,0.257086501,1.491118167,1.953207086,0.425275946,1.775264727,1.639000806,1.031762234,1.070003102,0.149,56,2.15365439,12.4480299,406.121093,1958.59747,0.75513589,0.24568814,0.40206117,2.24503,0.11203157,1.59174686,1.95518382,0.65114808,0.78343571,0.50112656,0.06500511,0.30875625,1.07146142,0,0.43971283,1.78439,0.45920339,0.52746396,0.7046488,0,1.25272862,0.63756255,0.14247355,0.60580591,0.03982934,0,0.0692552,0.06848258,0.46476824,0.65378902,0.063034069,0,1.77460343,1.38141738,0.33493305,0.59896419,1.84680681,,0.55894704,0.174178,0.38006747,0.58756512,1.09503545,0.06259843
HTH-01-015,S7318,379,1,0,0,0,1,1.125469877,0.92239164,1.011900933,1.363067787,1.012509198,1.023544105,1.059343284,0.700906548,1.131104651,1.260565031,0.759804162,1.459652069,0.983733413,0.641394087,0.94539593,1.065155285,0.233336143,1.150948254,1.407819181,0.677650196,0.980775162,1.393634166,1.197478235,1.074139179,0.165,130,4.97312776,5.96859489,91.4086193,11844.8506,4.40494541,0.15931095,1.08541841,0.0137,0.18802064,0.78700908,0.69547273,0.18454588,0.08796941,0.00139662,0.00238268,0.26610546,0.19064305,0,1.26627532,0.08127,0.32412185,1.18679798,1.62846719,0.69502588,1.04184236,0.09696607,0.08361384,0.71760436,1.06636004,0,0.02108374,0.00265283,0.72585685,0.24584611,0.102433281,2.163282368,0.51385642,0.04686445,0.07371547,0.90198659,0.4662928,,0.41339479,0,0.37313136,2.36682953,2.60349269,0
Piperlongumine,S7551,380,1,0,0,0,1,1.382098954,1.181885672,1.449018977,1.605660497,1.214422369,1.029094778,1.20358209,0.888080073,1.174709302,1.478071432,0.822327938,1.155476252,0.473992534,0.418483074,0.581613027,1.020735416,0.317696445,1.095683515,1.06951741,0.392117935,1.12048936,0.969983884,0.814169919,0.856581532,0.271,3525,13.2604933,3.39564337,368.532623,11313.3346,0.93506545,0.24906121,5.74177915,1.6522,0.05364366,1.19038139,2.49298445,0.54938167,2.90883798,0.17845116,0.0106006,0.50580704,0.25557357,0,16.7409488,0,5.12626157,5.17520975,1.277775,13.0992368,8.18886908,0.14187181,0.1013639,0.76433619,0.48683211,0,0.12651714,0.0032786,0.54555388,0.01514197,0.006025977,0,9.25037198,0.76159723,0.18528287,1.27778646,0.44829753,,8.11592198,0.8772864,0.24952905,11.5677201,2.74068054,0
AT13148,S7563,381,1,0,0,0,1,1.141928274,1.343612586,1.316500482,0.872196601,0.911405445,0.777094223,0.663641791,0.524652041,0.948837209,0.89773033,0.954088781,0.944855316,0.945042369,0.937066133,0.950011906,1.076214174,0.64251395,1.142366773,1.082345754,0.804859619,1.196977485,0.848509267,0.767337136,0.866921725,0.111,239,1.04736279,13.6032648,310.133186,3084.31893,0.17436169,0.17138114,0.14215849,1.12099,0.08008702,0.80807699,0.2889921,0.35594521,0.07050784,0.15269913,0.01124159,0.23704503,0.08022728,0.13977041,0,1.87781,0.3854561,1.00159248,0.88046923,0.10213242,0.73897977,0.53131975,0.14253645,0.69847609,0.84870756,0,0.00408806,0.0415213,0.65016292,0.15459459,0.005949731,0,0.36316949,0.30129488,0.15537832,0.74918002,0.24015816,,1.47645509,0,0.35571625,0.71436565,0.96989118,0
IPI-3063,S7335,382,1,1,0,0,0,1.424768871,0.994803267,1.215825024,1.581022174,0.743782193,1.326610852,0.827701493,0.24722812,0.903052326,1.180853188,0.966613576,1.26715433,0.89261873,0.528353092,1.184767278,1.440788867,0.529143416,1.785634601,1.697373244,0.339047337,1.471779583,1.383964545,1.034644251,1.143625271,0.126,128,109.590439,0,313.692643,3538.8711,0.09913574,0.19237341,1.03975301,0,0.03134776,1.04328571,0.09045283,0.10334902,0.27579092,0.00002435,0,0.03263335,0.02055604,0.04455389,15.6486517,0,0.04704024,0.56280822,2.20430108,4.76472754,20.6563416,0.0001432,0,0.47537163,0.18032718,0,0.3402467,0.55609475,0.88834698,0.87574756,0.272085737,0.007321978,41.0055434,1.99472106,0.52297727,1.07836554,4.88320806,500,1.92941907,2.60089824,0.67748765,3.90478092,1.96355944,0
URMC-099,S7343,383,1,0,0,0,1,1.020217413,1.049169094,1.04470891,0.842251564,0.798086829,0.865904991,0.802626866,0.863680787,0.903052326,1.368103112,0.923327885,1.540961547,0.661562355,0.917268962,0.735039291,1.186618745,1.115133941,1.472582168,1.141356139,1.41681606,1.299989719,1.252215955,1.383368358,1.128735394,0.15,323,0,0.60021895,300.040652,1513.39557,0.51114191,0.16175738,0.0181112,0.22565,0.57484985,0.75815963,0.24931827,0.72298953,1.19625167,0.01654025,1.06696766,0.46612709,0.11384259,0.06266048,0.82700711,0,1.67631279,0.54246532,0.18275986,0.1162721,1.20723471,0.04853983,0.61915672,0.64733009,0.01089573,0,0.01586796,0.00263305,0.40248942,0.05318374,0.001028644,0,7.30076421,0.06134411,0.68255472,0.98706412,0.32664928,,1.48885266,0,0.71615401,0.6324084,0.68886062,0
Poziotinib (HM781-36B),S7358,384,1,0,0,1,0,1.51782993,1.31460225,1.269861692,1.399456693,1.179249448,1.415976687,1.045970149,0.866579045,1.388372093,1.105029727,0.957295129,1.050165784,0.844663633,0.986944722,1.103657978,1.440973182,1.058327292,1.639749421,1.642394624,1.093858804,1.549192968,1.409347301,1.132632843,1.163892048,0.102,248,0,0.80780279,178.338269,1151.83265,2.07597402,0.000083797,0.84853005,0.07098,0.24133757,0.79736888,1.74126222,0.37838897,0.52771783,0.01114917,0.04251767,0.75652004,1.02036865,0,2.50888602,0,0.68894875,1.12468204,0.90332526,0,1.13432265,0.02994133,0.57888856,1.25685194,1.07010974,0,0.09738937,0.04888026,0.83962317,0.58798436,0.065412371,0,1.05910644,0.34564908,0.68726787,2.04428857,1.94938167,,2.40467363,0,0.68733759,0.71434084,0.60009834,0
SKI II,S7176,385,1,0,0,0,1,1.170171696,1.174804409,1.290125442,1.051487776,1.542016188,0.982469124,0.807164179,1.018906076,1.065697674,1.528498893,1.245766206,2.149313181,0.452848696,0.566919012,0.699210521,1.138696894,0.666749836,1.582081867,1.111301161,0.66049337,1.669168294,1.185737309,1.381206845,1.161410402,0.1,261,13.5455754,0,36.5162245,6489.05633,0.09366218,0,1.46571278,0,0.04157239,1.07356631,4.02515059,0.29370169,1.00872011,0.00042533,0.01372052,0.81950909,1.00199947,0,2.85593772,0,0.03560365,1.35774912,1.63391656,0,4.30865978,0,0.06931788,1.41097158,0.96241738,0,0.11412371,0.00084868,0.63154808,0.01059554,0.047314185,0,5.71678197,0.00501995,0.01087147,2.16916385,2.35844103,,0.69476647,0,0,1.09648872,1.64810351,0
Idasanutlin (RG-7388),S7205,386,1,0,1,0,0,1.30143249,1.172748558,1.045030556,1.475266915,0.9866078,1.085711643,0.680119403,0.415461868,0.904796512,1.504318014,0.833650353,1.563982905,1.361815754,0.689815741,1.026725038,2.896875864,0.653236003,1.526473869,1.647892486,0.861841618,1.703094479,1.611804996,1.372560793,1.176713887,0.104,397,0,1.98497669,724.201862,1964.47523,2.62031785,0,0.75372034,1.25695,3.92530123,0,1.47760509,0.35639752,0.30034456,0.16692628,0.59887448,0.25208323,0.41835335,0,0,0.21376,2.86887763,0.62267209,0.27536008,1.04372535,0.42925408,0.45371395,0.57414674,0.5484445,0.2950709,0,0.01355639,0.06198852,0.67401341,0.42895281,0.042496093,0,1.16316389,2.79270469,1.55985487,0.80582679,1.29206111,,0.3031257,0,0.86275932,0.44842543,0.3460632,0
RGFP966,S7229,387,1,1,1,0,0,1.528802194,1.271657815,1.195239627,1.470339251,1.027373068,0.986354595,1.097313433,0.794931419,0.917005814,2.63352862,1.251878306,1.923018129,0.76019727,0.806884731,0.67195428,1.541056124,0.820014498,1.504162018,2.070128283,0.694540336,1.425516603,1.904915391,1.64851396,1.087374625,0.098,166,1.50201752,0.00199554,560.245288,12644.712,0.53710916,0,2.53874482,0,0,4.46946708,7.59678291,0.15170692,1.21865034,0.00019114,0.00067877,0.87289412,1.98037529,0,4.46946708,0,0.00201486,1.80965876,4.43906241,0.00319322,10.6458093,0,0.04701135,1.98094022,0.08904727,0,0.48772107,0.00225225,0.94919886,0.04800411,0.443312271,0,10.3705105,0.00231557,0.06801659,2.234549,4.22234792,,1.05257391,0,0.33090224,1.09833109,0.9074647,0
Selinexor (KPT-330),S7252,388,1,0,1,1,0,1.123031596,1.247216036,1.196847861,1.016994125,0.643855776,1.341042601,0.76561194,0.722407576,1.42369186,1.022401597,0.809302151,1.146169746,0.475191412,0.634195115,0.977268148,1.090406414,0.609943187,1.510683944,1.160781918,0.597199793,1.565847641,1.292707494,1.283218253,1.272257264,0.098,246,0,1.52432112,0,1697.86107,0.9285991,0,0.96462964,0.48602,0.04054644,2.72859539,0.91994031,0,1.73754262,1.12109699,0,0.70758176,0.81220884,0,2.72859539,0.78559,-0.0053074,0.76301596,0.78346894,0,0.9530142,0.62297555,0,0.79135073,0.51618107,0,0.36656696,0.46518643,0.90441257,0,0.141783425,0,1.94970537,1.21938988,0,1.0756796,1.02880923,,1.11588217,0.02056218,0.38862556,0.62274053,1.14582507,0
FLLL32,S7259,389,1,0,0,0,1,1.066747943,1.12911884,1.182052107,0.966580327,0.906107432,0.969147509,0.573373134,0.657702288,0.749563953,1.043787701,1.067212729,1.627169186,0.617094902,0.845536352,0.754822047,0.981660676,0.766566077,1.42589891,1.111667685,0.809393288,1.385422021,1.225624496,1.237105974,1.090269879,0.108,336,0,2.16778491,188.968081,1637.18024,0.02375198,0,0.02195964,0.76132,1.48325288,2.18929783,0.08812066,0.28866389,0.13621063,0.06270648,1.16205254,0.36677584,0.238387,0,2.18929783,1.07643,0.55520759,0.95003897,2.07830795,0,0.18419352,0.38826207,0.82566917,0.77879476,0.65313003,0,0.04302277,48253.8583,0.86234069,0.83246023,0.441285913,0.09183497,0.0102177,0.36320251,1.70301693,0.88598259,0.15940756,,0.43696214,0,0.22988026,0.62518707,0.32531056,0
DDR1-IN-1,S7498,390,1,0,0,0,1,1.022858884,0.80041117,1.105500161,0.913134121,0.413097866,1.088486979,0.571223881,0.286725306,0.94622093,1.075623834,0.873729697,1.413609353,0.342769952,0.262933867,0.617441797,1.246889688,0.639074801,1.578306016,1.309224191,0.413008371,1.764161612,1.224415794,0.969078355,1.087788233,0.101,251,0,0.88081518,87.1805054,999.486935,0.39239593,0,0,0.02383,0.10476918,1.41248073,0.14313677,0.26689541,0.01028822,0.01262774,0.18874871,0.30211553,0.15495278,0,1.41248073,0,0.22846272,0.38278199,0.43716614,0.55088369,0.06961173,0.08799955,0.11725765,0.66385401,0.67234533,0,0.06827477,0.03215163,1.00237556,0.74050201,0.075009996,0,0.03981485,0.02357267,0.14340165,0.61406567,0.0284989,,0.38246288,0,0.28733365,0.52423921,0.90330202,0
RO9021,S7286,391,0,0,0,0,0,1.987199025,1.00074239,1.236410421,2.134436793,0.478881531,1.328276053,1.614567164,0.233950056,1.291133721,1.367252528,0.633554229,1.391567627,0.653388191,0.232423939,0.697232246,1.586213252,0.15868638,1.14820218,3.414905315,0.324112897,2.53089339,2.74979855,1.843770639,0.995967325,0.114,175,9.95378465,0.21994327,0,8767.77143,0.62996299,0.09985013,4.70713565,0,0.0893861,12.6000399,9.60666309,0.79483686,1.90658837,0,0.01422958,0.87800037,2.05841,0.0166997,12.6000399,0,0.11588292,3.26803933,9.50515172,0.06804827,14.8680727,0,0.11586217,2.2527749,1.08101238,0,0.78700513,0.00175029,0.88702604,0.03353513,0.626810348,0,9.18467775,0.00222526,0.03882697,2.20798281,3.76277813,,2.52447873,0,0,1.5343716,0.54519048,0
Apabetalone (RVX-208),S7295,392,1,0,0,0,1,1.119577365,1.265947119,1.144741074,1.007138796,0.67196468,1.273324391,0.84441791,0.646581067,1.261918605,1.367252528,0.490470971,1.423895492,1.073104275,0.844936438,1.579103548,1.530734495,0.562078325,1.463314168,1.288698839,1.624298096,1.609643261,1.301168413,1.572140498,1.201943956,0.487,228,0,1.682895,311.228719,5433.0375,0.59838967,0.19225557,0.15961581,0.41586,0.08151364,0.50945937,1.77498467,0.7468247,0.43845733,0.27724781,0.12113061,0.88879586,1.09633661,0.15386932,0.86426809,0.19636,0.88344872,1.3270797,1.49635013,0,0.77375422,0.21944607,0.17458439,1.47647369,1.21193574,0,0.22540412,0.24574135,1.00839781,0.75071235,0.160515674,0,1.26092478,0.70759634,0.35304833,1.8574369,1.59783733,,0.58636726,0,0.41089461,0.58526016,0.1263331,0
Rilpivirine,S7303,393,0,0,0,0,0,1.189271564,0.902518417,0.942425217,1.042011498,1.265194996,0.941949211,0.719283582,0.762511374,0.904796512,0.872820379,0.889460839,1.346994359,0.376556497,0.817940294,0.564907589,1.133720394,0.905143551,1.489058612,1.409285278,0.615867842,1.47702272,0.997179694,0.973401381,0.908696102,0.092,91,0,2.83315156,596.943461,1324.05931,1.45539304,0.13301224,0.58962954,0.11945,0.30029824,0.90061046,1.46201428,0.61650172,0.15801666,0.06087669,0.02414564,0.4007796,0.40361404,0,0.60265947,1.13278,1.16975908,1.05423393,0.93647146,0.12474441,0.40637733,0.2410644,0.05678453,0.67890909,0.66428486,0,0.00386167,0.00987541,0.4017865,0.68502226,0.010601542,0,0.06615622,0.1849205,0.35248559,0.76778206,0.57367416,,0.90848057,0.57307568,1.74285735,0.68781342,0.59398337,0
Q-VD-Oph,S7311,394,0,0,0,0,0,1.125673067,0.944320713,0.94724992,1.132225662,0.417660044,1.23224941,0.80238806,0.203889057,1.180377907,0.734053726,0.556802285,0.923793222,0.330345222,0.338351664,0.61832103,0.953460511,0.166940338,0.993049,1.350641417,0.292910586,1.351804256,1.538074134,1.413629541,0.989349602,0.097,263,0,0.50260529,157.567639,1383.80638,0.55949124,0.11276245,0.48121643,0.74899,0.13069578,1.0283935,1.2429345,0.36884306,0.31105012,0.39113764,0.11588029,0.55837913,0.36261273,0.15761683,2.01486977,0.61702,0.51568116,1.04461157,1.12012116,0.02134872,0.50430921,0.6000702,0.21168796,0.85108312,0.97233431,0,0.09715022,0.67620219,0.84756625,0.88663061,0.92571179,0.203590862,0.77397095,0.52024579,0.55603231,1.21355546,0.67942505,,0.48414694,0,0.43265178,0.58087692,0.83837726,0
CFI-400945,S7552,395,1,0,0,0,1,1.44549426,1.040488836,1.034416211,0.879398572,0.849006623,0.884222212,0.794985075,0.93013851,0.823255814,0.979507877,0.924029273,1.259317272,0.499495927,0.773889444,0.586888429,1.305870427,0.723394642,1.514803055,1.303726329,0.778368768,1.11894726,1.203263497,1.288982288,0.896701479,0.121,182,0,1.75757558,258.952799,1639.65053,0.42505474,0.17139476,1.02145062,0.8532,1.76255801,1.17505052,2.71599015,0.62577167,0.86798561,0.14214968,0.09540406,0.56623384,0.87680513,0.06194527,1.62846791,0.68472,3.53535939,1.32066392,3.85984623,0.81150258,1.77028649,0.20459099,0.37204407,0.82725258,0.55066033,0,0.08367652,0.02818954,0.89517094,0.53204941,0.051288644,0,1.10084419,0.34774418,0.87074482,0.90628651,1.07786669,,0.35169914,0.02259362,2.20575309,0.73986423,2.29697537,0
abemaciclib (LY2835219),S7158,396,1,0,0,0,1,0.815604998,0.973787905,1.002894821,1.250110557,1.429727741,1.263333179,0.615402985,0.387557712,1.05130814,0.675606475,0.734954969,0.898322783,0.288820468,0.358663048,0.581393219,0.979633214,0.547472057,1.267999657,0.895418448,0.373005408,1.101984168,1.048549557,1.084359051,0.983145487,0.105,105,11.4350308,5.69420889,489.06929,4598.034,0.40695319,0.55478242,1.03173587,0.07802,0.07668459,0.77845007,0.45371613,0.21164906,3.01166461,0.40716806,0.3574908,0.66500478,1.36250952,0.46082796,2.88008362,0.45157,0.37629156,0.99775985,0.43705018,0.38738805,2.68815941,0.71616483,0.28212049,0.81568538,0.05648124,0.14626192,2.29166708,28176.0928,0.93657064,0.95594089,0.369983085,0.667290543,7.45922417,0.45508097,0.45029044,0.88986823,0.77270737,,0.33850729,0.74544678,0.95145963,1.96819374,0.91381753,0.82332972
K02288,S7359,397,1,0,0,0,1,0.938128619,0.9753869,1.098102284,0.868027039,0.599116998,0.98746473,0.65838806,0.661341961,0.917877907,0.909881526,0.723031364,1.247071868,0.510721779,0.6881017,0.685142784,0.918993641,0.515467741,1.104264996,0.99144777,0.505904141,1.178780713,1.157937147,1.063464425,1.141557233,0.117,203,52.8932825,6.34867264,608.319295,9774.61514,1.88836435,1.13433489,15.9343034,1.57363,0.3204496,1.07861069,1.57647091,0.55442442,26.5879955,1.02180467,0.19780683,0.46615826,0.50139511,0.44647262,72.1906373,0.60349,4.69930653,1.72731479,3.92059077,28.1804702,111.632599,0.31315934,0.34169505,0.80400009,0.94560436,1.78521945,1.12495304,0.01081279,0.53325224,0.12830614,0.015372914,0.040442475,107.310608,0.90178439,0.85540202,0.87074088,1.20009572,,29.493113,0.67660705,0.97711534,3.09564084,1.64168167,0.79424523
4E1RCat,S7370,398,1,0,0,0,1,1.109824241,0.708583176,1.079125121,0.964306021,0.507137601,1.179518017,0.713074627,0.360057965,1.347819767,0.809998698,0.588164372,1.009021229,0.385493583,0.433566633,0.708662283,1.386968943,1.193141932,3.749764009,1.620036652,0.382428328,1.304924437,1.423851732,1.000780546,1.01127081,0.102,146,0,7.00598949,637.459602,2007.49871,1.30297867,1.40988793,0.53844491,1.00547,0.74116716,0.0311626,1.18285773,0.8221094,0.72287237,1.08123531,0.73521345,0.67072125,0.78417452,0.44817037,0.02902709,0.49204,0.38715698,0.6826704,0.36145742,0.54221282,0.89508275,0.91316234,0.67025824,0.81194333,0.46443975,0.07603212,0.38779448,3.42452857,0.99201493,0.90364566,1.834487033,0.290738638,0.7382289,1.55422906,0.80859248,0.90442356,0.89884844,,1.076394,0.30279544,0.94637527,0.48172984,1.10295334,0.62292851
1-Azakenpaullone,S7193,399,1,0,0,0,1,1.294727217,1.171606419,1.151174011,1.060205951,0.565710081,1.138443036,0.791164179,0.445927274,1.062209302,0.912311765,0.615318127,1.386669466,0.394430669,0.445479217,0.711299984,1.251497558,0.467279195,1.54912898,1.239584606,0.391762353,1.120797779,1.23650282,1.172981087,1.08117051,0.176,785,1.86165394,6.12073308,156.476725,10246.2153,0.59090834,2.01855926,3.7160691,3.92013,0.36232008,1.53517907,2.14924154,1.33337613,4.63426871,0.408297,0.01387522,0.4423601,0.27197189,0.5604548,6.61780379,0.16756,4.9167092,3.46296818,0.7952628,3.48044941,9.31601956,0.25994659,0.04179032,0.67920657,1.12405297,0.46526511,0.06409747,0.00655395,0.54755635,0.03688167,0.009743743,0,5.74110957,0.84282257,0.44047312,1.15634996,0.5471709,,1.91296115,0.88694201,0.36955329,6.03891967,1.69509435,2.29806634
Aloxistatin,S7393,400,1,0,0,0,1,0.849537743,0.976529039,0.968156964,1.535915093,1.865194996,2.23414589,0.636656716,0.315101271,1.103633721,0.653855835,0.447586073,0.84052448,0.324023869,0.468275961,0.617441797,0.911989678,0.470799265,1.062044109,0.81478314,0.270775613,0.841677804,1.011684126,0.81272891,0.959569848,0.121,165,1.36255138,4.57850616,333.798131,3075.52806,0.55609005,2.29006262,1.22966067,0.7576,1.36661296,1.87370274,1.37816296,0.77336913,1.13964545,1.13501035,1.24212586,0.88630872,0.73144199,0.8109358,0.57033914,0.74266,1.62099968,1.13365418,0.51695981,1.6968913,1.43959022,0.8070658,1.16986271,0.96915124,0.67557173,0.26300123,5.22291109,48254.0646,0.98423284,0.97464403,0.401831697,0.592678616,1.61884599,0.93210879,1.06197722,1.07738198,1.06227842,,1.65719149,0.97639393,1.86199761,2.36122917,1.15936731,2.80409409
CNX-2006,S7206,401,1,0,0,0,1,1.103931728,0.764547998,1.068832422,1.18301851,1.010448859,1.817845414,0.644059701,0.341387794,1.296366279,0.695898971,0.52654238,0.982571158,0.329909267,0.460905585,0.741193926,0.846004976,0.694829476,1.144083069,1.188637752,0.313623231,1.202529043,1.015310234,0.780306214,0.95750181,0.101,137,0.19032428,0.86254209,240.767189,1305.53615,1.17349237,1.81081342,0.70400385,0.39844,0.06575958,0.05336704,0.51921295,0.29475331,1.41161033,0.13543131,0.00814313,0.32029019,0.33379255,0.79581643,2.06824912,0.5495,0.09914402,0.65013803,0.5914531,0.08133711,0.46040187,0.16128683,0.09968147,0.64825634,0.62107322,0.03176303,0.0913744,0.15879775,0.88094764,0.81190741,0.110419469,1.090432203,1.15640287,0.16516355,0.34816025,0.72578475,0.8034142,,1.43402541,0.40235801,0.40323211,0.60852286,1.58473665,2.9570965
MI-2 (MALT1 inhibitor),S7429,402,1,0,0,0,1,1.213654374,0.938610017,1.063364426,1.620822541,1.267402502,1.817290346,0.777552239,0.306945708,1.114534884,0.851312763,0.472335068,1.009511045,0.464401515,0.295929153,0.596779807,0.978158695,0.242075628,1.050716554,1.181307269,0.377627972,1.32065385,1.176067687,0.922966076,0.985213525,0.105,204,0,0.81878019,26.4287744,626.420753,0.70500625,2.09956878,0.2246356,0.10646,0.03875276,0.58963808,0.3065135,0.60099462,0.79113445,0.15247806,0.02404161,0.34611535,0.27178182,0.52193146,0.16580835,0.11166,0.04651628,0.14749159,0.34254286,0.02638829,0.05208732,0.03313354,0.06220544,0.11032324,0.83803406,0.41469553,0.02105794,0.04023984,0.57070768,0.10526366,0.006566892,0.056910541,0.53459005,0.04754003,0.03800345,0.62921005,0.29073699,,2.95560313,0.16019025,0.06744836,0.46794413,1.87487048,2.84586731
AZD2858,S7253,403,1,0,0,0,1,1.138880423,1.099880075,1.273399807,1.45972582,1.589109639,1.286090939,0.851820896,0.610116941,1.131104651,0.912554789,0.590869727,1.063390819,0.67257023,0.707298957,0.905170993,1.003041194,0.810870408,1.137217884,1.063653024,0.80601526,1.091497892,1.116236906,0.898468928,1.031123979,0.123,250,0,7.8245983,226.506915,1492.64906,0.79780787,2.80704457,0.183989,0.16272,0.16921265,2.34926668,0.06827535,0.4179439,0.38629312,0.05197997,0.8325571,0.3215216,0.11370267,0.70185521,2.73545513,0.6266,0.07650676,0.73347374,0.37689954,0.23352229,0.81108031,0.31857872,0.35246645,0.69700098,0.42671397,0,0.16482032,0.10120203,1.14208033,0.66674321,0.009452193,0.356701382,0.45733169,0.29672351,0.68354786,0.85015419,0.12740557,,2.89484463,0.32475577,1.09264879,0.5771436,1.03174569,3.53521533
Uprosertib (GSK2141795),S7492,404,1,0,0,0,1,1.522706492,1.422877049,1.266323577,3.901952113,3.031935247,1.430963504,2.381373134,1.437872814,1.222238372,1.257770256,0.944469739,1.052125048,1.400506798,1.170347093,0.866924331,1.019260898,0.948881434,0.749334935,1.472693952,2.060863768,0.945615298,1.202054795,1.023116181,1.139902802,0.11,366,28.1038546,7.67452443,277.734445,14748000000,4.43832924,0.21537943,4.81789672,0,0,2.5020584,8.19281521,0.20885959,2.07132141,0.000022381,0,0.87434502,2.27720671,0.03188073,24.1344056,0,0.20813488,3.40577944,16.6974113,0.05285639,15.1063753,0,0.01069422,2.19353104,2.66380883,0,1.09114576,0.00221709,0.84955899,0.08192679,2.571075955,0,18.3288019,0.00503071,0,2.24445838,5.46218302,,10.0304813,0,1.35458437,13.8351135,3.72613261,0
PFK15,S7289,405,1,0,0,0,1,1.209793762,1.046656387,1.012544226,1.632573125,1.350404709,0.988574865,1.024955224,0.665251238,0.932703488,1.433719568,1.109195842,1.04183891,0.598893763,0.63565205,0.578096093,1.092065247,0.445228181,0.969364112,1.538301772,0.625646344,1.161817621,1.096897663,0.957550285,0.967014786,0.119,136,0,2.51462064,363.741541,4415.51253,0.73757375,0.08452382,2.10122939,2.46899,3.2488021,,1.39127474,0.21941592,1.55204114,0.84441067,0.89038988,0.79778996,0.5743816,0.08171499,1.8139689,1.11371,5.18639051,2.04844125,2.94420874,37.2670494,2.5031188,0.82689342,1.72940776,0.99767799,0.82640594,0,0.21120416,0.16288562,0.82408554,0.42715258,0.035823112,0,2.79697956,2.35143213,4.01764141,2.25165721,0.78933287,,0.65753218,0.27749368,2.27411973,2.09507897,0.44457623,0
Afuresertib (GSK2110183),S7521,406,0,0,0,0,0,1.922787768,1.639426646,1.3756835,3.857603133,2.953642384,1.306628429,1.629850746,1.144272571,1.271075581,1.574308901,1.123724604,1.048696336,1.380016893,1.091072704,0.860989504,1.674500046,1.204511354,1.136531365,1.599877825,2.391288244,1.494911072,1.503626108,1.197478235,1.302037018,0.141,248,0,0.09062252,518.988229,1899.05597,1.49252662,0,0.72278727,1.35386,9.33154326,1.08372945,1.81415924,0.80717738,0.86654264,0.80587078,2.32210468,0.80319129,0.6335648,0.15809573,1.08372945,0.67819,2.22604717,0.98572869,0.56642987,0.5281523,1.09382184,0.91465355,2.42006757,0.88463746,0.54973606,0,0.41306892,0.35059924,0.85085088,0.75577313,0.097248866,0,1.22578454,1.77674922,5.85492622,1.36133106,1.21166441,,2.04103968,0,1.47895459,0.64870827,1.21889014,0
CPI-203,S7304,407,1,0,1,1,0,2.201970944,2.23699389,1.685751045,2.151873144,2.838116262,1.412646283,1.366686567,1.72560914,1.360901163,1.774196068,1.675516971,1.412629721,0.78689954,1.119782888,0.72558753,1.166159801,0.680708734,0.931605595,1.718631643,1.718971776,1.004215071,1.68614021,1.580066046,1.440181987,0.102,663,0,1.32831801,200.79636,2242.71547,0.31681603,0,1.182574,1.49712,0.41789503,0.00670806,1.22150656,0.21067235,0.88991938,0.47601883,0.54142202,1.03821622,1.07857235,0,0.00670806,0.08103,1.7372909,0.994957,0.48443956,3.22892073,0.84602717,0.47872605,0.542465,1.03039796,1.11953065,0,0.97856868,0.23197855,0.82809992,0.79446388,0.404895237,0,4.8681381,0.49228504,1.13746213,1.78401411,0.93006633,,0.8950866,0,0.45509426,0.93550383,0.50269801,0
Decernotinib (VX-509),S7541,408,1,0,0,0,1,1.078329778,1.202901034,1.135413316,0.999178723,1.151582046,0.963041769,0.745074627,0.867253058,0.953633721,0.990686977,1.102282155,1.107474271,0.37056211,0.676017712,0.585789387,1.12321445,1.118168485,1.607483052,1.095540623,0.73178754,1.339159042,1.224415794,1.058420895,1.065453417,0.11,318,0,4.14995726,144.948473,5441.01398,0,0.01868702,1.26474397,1.30259,0.81736685,3.02970037,1.61902643,0.2585205,0.65950398,0.63621424,0.29851039,0.82922212,0.67432702,0.07335097,3.02970037,0.61874,0.55292712,1.21682049,3.07491838,0.04150515,1.34780857,0.64298112,0.75794487,1.19463845,0.00802076,0,0.25655499,0.34940737,0.80425554,0.74087273,0.184879075,0.111192362,1.15821872,0.89885561,0.77092944,1.80264718,0.95952059,,0.40276459,0.15758592,0.31388074,1.7079017,0.73450772,0
GDC-0623,S7553,409,0,0,0,0,0,1.702529717,1.80869168,1.11064651,1.891844084,2.226931567,1.132337296,0.90841791,0.973410171,0.960610465,0.865043614,1.010600656,1.086412178,0.663415166,1.427538923,0.597878849,1.44318496,1.056547027,1.36685832,1.387660354,1.053144677,1.349953737,1.402095085,1.673011108,1.227587633,0.102,190,7.86106777,0.17767023,406.523361,7556.04103,1.02552339,0.01721358,0.52550252,0.35735,0,1.15671762,1.07935701,0.56378295,0.11509269,0.24123653,0.01500015,0.89804378,0.96704562,0.02928373,1.15671762,0.08184,1.94359088,1.31962286,1.83051907,0.06667773,0.27585832,0.10775528,0.07548493,0.94278336,0.1949547,0,0.01227037,0.02613618,0.63865852,0.07211505,0.040369903,0,0.44486242,0.64737433,0.12290225,1.50858141,1.06872128,,0.31525965,0,0.67718984,0.7679138,0.40125982,0
K-Ras(G12C) inhibitor 12,S7331,410,1,0,0,0,1,0.982017678,1.278282223,1.104213573,1.147766757,1.290066225,1.140108238,0.555462687,0.50503825,0.822383721,0.80513822,0.76601646,0.924283038,0.416664396,0.545493501,0.703386881,0.979080269,0.581256638,1.310907063,0.830543677,0.382606119,0.899660738,1.094480258,1.074992495,0.995967325,0.092,228,0,2.01103851,183.296952,2001.16631,1.13503245,0.05272593,0.78431917,0.49134,0.06809473,2.5875383,0.8652455,0.14308605,0.92035992,0.23265403,0.04088307,0.33425333,0.33442646,0,2.5875383,1.32562,2.83954132,1.27957879,0.50659507,45.3672997,1.47879242,0.40610424,0.16766317,0.69615482,0.00488587,0,2183.84619,0.15360449,0.8821429,0.53761051,0.19510721,0,0.46764973,0.3911264,0.23040484,0.78004838,0.46906492,,0.88183325,0,1.76995372,0.84673135,1.3580272,0
OTX015,S7360,411,0,0,0,0,0,8.134715026,2.328821883,1.459633323,8.368690378,1.354672553,1.382117582,8.524179104,1.110841506,1.48125,2.370941284,0.53205329,0.951712742,2.147843383,0.606256249,0.655688458,13.05962584,0.690742957,2.483823908,14.8618204,0.913223202,2.116993934,4.024979855,1.848093666,1.173818633,0.104,277,10.3392994,1.12423116,164.004183,15015.2936,1.68392805,0.24705545,59.3799347,0,0.07602582,140.79595,30.2531537,0.4265361,12.1037293,0.00005014,0.00599756,0.83391053,3.24065612,0.0491043,140.79595,0.01292,-0.02871,4.40352353,27.9429153,0,94.115727,0.00050339,0,2.38709783,1.28641148,0,2195.69479,0.0003868,0.84038678,0.00779345,746.9888271,0,87.2783359,0.00041255,0.08002655,1.9152461,9.14597586,,9.78254953,0,0.49981461,4.32704547,1.37503214,0
RO5126766 (CH5126766),S7170,412,1,0,0,0,1,1.078126587,0.921021072,0.99903506,0.969991787,0.723178808,1.095702854,0.568597015,0.353048226,1.000726744,2.819927961,0.62493717,1.0810242,0.282499114,0.413426653,0.603813676,1.017970694,0.440130148,1.513773277,1.197434331,0.358515446,1.277475069,1.173045931,0.977724407,1.093165133,0.119,133,1.27012524,3.07060364,63.122803,2503.68833,0.72533509,0.49114553,0.11710555,1.82118,0.53826108,0.87995828,0.31311367,0.30137912,0.10181675,0.09769528,0.61187751,0.4177872,0.18422816,0.04693422,2.5037826,1.10963,0.43355298,1.03258787,0.09693747,0,0.08666161,0.52733061,0.90447529,0.75965625,0.89199512,0,0.02473491,0.45235033,0.90311985,0.90341451,0.570245108,0.00771841,0.13440464,0.32246595,1.10675283,0.78804387,0.14943431,,0.64313662,0.72767524,0.76524229,0.79755638,0.29049495,0
PTC-209,S7372,413,1,1,0,0,0,1.399979681,1.144195077,1.235767128,2.171583802,1.276674025,1.167861603,0.963820896,0.577359889,1.001598837,0.949980471,0.396384711,0.855218964,0.675730907,0.389344379,0.789771582,1.306054741,0.326840535,1.867330301,1.469395235,0.355048522,1.057263288,2.020346495,0.95178625,1.113845518,0.11,241,0.70366448,1.54830208,710.875693,12573.9328,0.01468937,0.19755199,10.0310191,1.60132,16.0459314,0.78526594,6.29787589,0.73661999,4.25340588,0.93710754,1.39345644,0.90217385,0.97388264,0.31120194,6.50756648,1.46869,5.6716134,4.48468722,4.90832584,579.760552,8.82123677,1.89019186,1.34002405,1.59619198,0.96785272,0.06314327,0.00110009,0.00019125,0.24472214,0,0.003619838,0,12.6534465,1.40172319,0.95232086,1.90909386,0.95162145,,0.68434821,0.29800216,1.07377782,10.9780496,0.627861,0
Calpeptin,S7396,414,1,0,0,0,1,0.966981611,1.242875907,1.030878096,1.138290479,1.831493745,0.918636385,0.58841791,0.643615408,0.852906977,1.132612941,0.727339893,1.048206519,0.316939593,0.584316526,0.562929313,1.119712469,0.562806615,1.531279499,0.860598656,0.381183791,1.104143107,0.942183723,1.044010808,0.852031848,0.185,94,4.00794046,0,81.8555718,2898.42822,0.88787133,0.21724774,1.06774653,0,0,0.07471053,2.11174128,0.10365206,0.47100571,0.00010898,0,0.16250597,0.45258092,0.03706665,11.2088907,0,0.03244398,0.78190012,5.30708079,0,4.42125575,0,0.10566599,0.6376873,0.57060602,0,0.15411293,0.00398349,0.68824363,0.05720559,0.280497993,0,1.16080047,0,0.03268918,0.39987285,1.38098952,,2.05569228,0.07641922,1.54263778,1.44463185,4.630485,0
Ribociclib (LEE011),S7440,415,1,0,0,0,1,1.233567002,1.21386557,1.284335799,1.357002969,1.372921266,1.032425182,0.685850746,0.603444209,0.944912791,0.820934774,0.710807164,0.886567196,0.517588077,0.544122268,0.671075046,1.531840383,0.950135712,1.732086158,1.153084911,0.923890659,1.233987869,1.163980661,1.271690183,1.054699617,0.1,171,0.94492742,3.77276153,862.778141,4853.16699,1.13013926,0.8677755,97.044902,1.9858,19728.5048,0.90865578,8.03968653,3.7470186,9.67823896,3.76766881,11.1710711,0.97245016,3.51203278,5.26526383,10.406576,1.65735,5.24542783,1.95726623,2.5955272,43.0133183,12.7541426,2.70292596,9.36919862,1.37802467,0.01373682,1.14133119,5770.10499,1.03689781,0.90591847,0.95148694,746.9888271,1.858529324,31.4067841,3.51604186,368.342057,2.23435833,1.43918369,500,1.7393798,1.43941911,2.9570586,2.32027863,0.75476981,0.75813918
VER-49009,S7458,416,1,1,0,0,0,1.351620441,1.276226372,1.230942425,1.788742182,1.933186166,0.949720154,0.719761194,0.656826071,0.852906977,0.954111878,0.877236639,0.941916419,0.60772186,0.689987145,0.708442474,1.289835038,0.977770285,1.708058011,1.436774588,1.141151196,1.819677187,1.251007252,1.076433503,0.967842002,0.107,252,2.11467636,6.9252571,35.0283398,2699.29258,1.4673865,0.5684707,0.4575044,1.46452,0.01128732,0.85375826,1.22830288,0.62676428,0.85816082,1.46210564,0,0.67907872,0.70093633,0.2486165,0.65494679,1.4681,0.04924103,1.12694362,0.95651797,0.33311338,0.75708319,0.98073092,0.0528815,0.88534397,0.11994961,1.07802299,0.29812602,48254.221,0.9747277,0.00361791,0.122202121,0.299914657,1.52635899,1.85771197,0,1.06885163,0.86751516,,13.8424931,0.29177364,0,0.89598822,1.1995401,3.98707929
NMS-P937 (NMS1286937),S7255,417,1,0,0,1,0,1.030173728,1.22871338,1.221614667,1.074230842,1.190434143,1.255562237,0.556656716,0.547635898,1.03125,0.92507052,0.767719832,0.978652629,0.356938503,0.525096415,0.704046306,1.110865358,0.975140348,1.482879945,1.159315822,0.737921328,1.830163463,1.271555197,1.393455419,1.304105056,0.496,300,0,2.28003655,250.227883,2074.42414,0.18747457,1.01794904,0.52354564,0.33407,0.56998487,0.16982939,1.06858714,0.65495371,0.65380008,0.5586155,2.33568099,1.00644743,0.88201546,0.75053002,0.01937326,0.29332,0.63852121,0.78041667,1.22403061,0.85034269,0.68306789,0.58040929,1.2391948,0.94407016,0.75753308,0,0.36519138,0.48353435,0.96152829,0.71404605,0.121220385,0.187055813,0.72337298,0.43467127,1.21921512,1.04542013,0.84012759,,0.75420086,0.19738407,0.43469217,0.54665792,1.03843853,1.71147963
GGTI 298 TFA salt,S7466,418,1,0,0,0,1,1.409732805,1.202672606,1.110003216,0.954071641,0.772332597,0.867015126,0.736,0.548646918,0.865552326,0.785331771,0.682150433,0.88607738,0.383422795,0.446079132,0.570842416,0.708506128,0.236532529,0.64704368,1.154551008,0.492125343,0.87282821,1.157332796,0.833623536,0.955847379,0.301,227,0,4.69287276,419.837026,5415.62402,1.31508592,1.78440115,4.79507772,1.85195,31.7252023,0.73150415,2.6977664,1.16340104,2.04128997,1.27498373,18.863851,0.99514551,1.0055383,5.05520108,2.11302412,0.78821,5.84098725,5.27521287,10.3159308,3548.03281,3.96973982,3.01915125,3395.30317,2.60214569,0.42281589,0.10674599,1.06274621,0.50475204,1.01837198,0.89426567,0.781626964,0.634692287,21.916589,9.92862649,746.090093,2.15544677,3.436789,500,0.45803431,0.62645828,3.79437254,20.8369253,1.46370001,6.79670308
Vidofludimus,S7262,419,1,0,0,1,0,1.407904094,1.43863857,1.378899968,1.683365974,1.28388521,1.238355151,1.504477612,0.852020355,1.522674419,0.862491863,0.696779393,0.926242303,0.535571238,0.654935009,0.732181782,1.250944613,0.851897432,1.446151206,1.108002443,0.408208015,1.174771255,1.296937953,1.206124287,1.192017372,0.106,196,2.78320663,1.40060453,161.142335,1059.85242,0.85000046,1.94806246,0.23360147,0.11417,0.03272901,2.36582954,0.20247083,0.50601149,0.39651055,0.01782756,0.05154254,0.23658151,0.14861042,0.5718866,0.14051421,0.01602,0.11696129,0.20388098,1.85355708,0.67412087,0.3865455,0.32057797,0.1284459,0.54433045,0.61225185,0.13932034,0.00960183,0.00437735,0.37301553,0.0116256,0.001637241,0.200909606,0.34870355,0.08692504,0.21926196,0.6193313,0.16305961,,1.17549968,0.04827725,1.37795386,0.46683981,1.54125051,7.06699984
JIB-04,S7281,420,0,0,0,0,0,0.932845677,1.013077494,1.062077839,1.068166024,0.479617366,1.251676766,0.626149254,0.177332929,1.065261628,0.744139218,0.469629712,0.933099729,0.279011471,0.213826596,0.581613027,0.914385771,0.226134161,1.413198318,0.921441662,0.282154234,1.279325589,1.052175665,0.920084059,0.965773963,0.099,397,2.26136667,2.83138437,914.18297,2794.41573,1.11974787,1.700806,1.33723843,0.78312,4.69717888,0.63089916,0.66290767,0.72255069,0.72510122,1.05228842,3.07411938,0.95927574,0.98262413,1.226397,0.2861764,0.7724,2.11715235,0.91831112,1.48885037,1.57990551,0.69762062,0.70760194,1.51938842,0.99163362,0.53759415,0,0.44817916,0.63682576,1.03099615,0.84951867,0.129448393,0.332327493,0.41006001,0.81200263,1.97974491,1.07816596,0.67850221,,0.33309838,0.26929798,1.82190459,0.62222112,4.10963727,6.74400262
MS436,S7305,421,1,0,0,0,1,1.42131464,1.128205128,1.213251849,1.200454861,1.038410596,0.824274943,0.705432836,0.501533381,0.734738372,0.701610033,0.451193214,0.842483745,1.365194409,0.812112555,0.919458539,1.117869321,0.932656743,0.7108899,1.27990226,0.42874287,1.148863987,0.951248993,0.864605224,0.809430255,0.103,230,0.17387124,18.1277385,822.200285,6649.90936,1.71976737,1.45437241,0.99198123,1.13984,0.79253583,0.43140328,1.09928543,0.47361531,0.91580489,1.13385265,2.17104916,0.96268492,0.81292046,1.29752939,2.88292469,1.47354,2.01174763,0.99077139,0.5270196,1.077485,1.1255671,1.16335673,1.0076391,1.10282637,0.48453712,0.4851402,0.95380041,48254.4848,1.05490683,0.94127273,0.338228406,0.397879634,0.93189413,1.41413022,1.30059318,1.36156491,1.25396747,,1.2791234,0.66049003,0.86067872,1.0709081,1.30132751,9.78942493
4SC-202,S7555,422,1,0,0,0,1,1.198008737,1.381760037,1.5583789,1.302798661,1.534363503,1.916647393,0.720955224,0.999898898,1.195639535,1.325330903,0.995170109,1.38862873,1.121495327,1.556691901,4.037660506,0.827942125,0.225810476,1.354157728,1.179474649,0.995273724,1.506939447,1.19540693,1.487120985,1.156860718,0.113,266,0.99509456,2.49137985,725.236553,2961.33537,1.25883551,1.3852838,1.30564019,1.15423,2.81454202,1.22044826,1.36850371,0.3458636,0.6706315,0.59237388,1.77188984,0.88121209,0.6819354,0.76156668,0.12904574,0.34912,3.06174759,1.18467024,1.83966773,1.38517815,0.78801428,0.50127301,1.58417079,1.01508379,2.01657128,0.20765703,0.72841356,1.52404601,0.94137467,0.90994484,0.22636252,0.839313731,1.42597142,0.99065878,1.48780822,1.47549925,1.12048911,,0.92732014,0.53835741,2.84265034,1.17916485,0.7950389,7.63417319
K-Ras(G12C) inhibitor 9,S7332,423,1,0,0,0,1,1.089505232,1.165895723,1.255387584,1.161412597,1.515673289,1.158980526,0.736,0.678529303,1.066569767,1.05302261,1.176128346,1.614923782,1.168360535,1.098614484,1.635594307,0.94885264,0.739619333,1.199691067,1.135858277,0.704052152,1.546108769,1.10475423,1.183068148,1.077034433,0.135,116,1.3535617,3.49113186,603.216761,2749.35193,0.67795945,0.84830633,1.39386687,1.73483,1.83636347,0.76617416,0.36114075,0.3213185,0.90022627,0.57508173,2.52948228,0.83857838,0.62220242,0.74722798,0.5891516,1.54055,1.5485177,1.03143126,0.42889754,0.48909491,1.15679066,0.74083846,2.25400921,0.93058164,0.34990636,0.37152154,0.43749896,48253.9916,0.97832683,0.77915772,0.320715949,0.525217985,2.66976113,1.15979387,1.84905964,1.18107582,0.92200207,,0.00586816,0.42230106,1.48752038,0.84645824,3.48711323,6.92072664
AZ191,S7338,424,1,0,0,0,1,1.160418572,1.061732625,1.108073335,1.232295154,1.207064018,1.047967066,0.763940299,0.614902437,0.913081395,1.26797726,1.041261354,1.695743444,1.235061715,0.852135409,1.297309179,1.03160999,0.750260465,1.049000257,1.282101405,0.614623305,1.434769199,1.151893634,1.119663765,1.113018302,0.254,227,0.50251376,1.91894278,348.602561,1274.58385,1.37269733,2.29439413,1.07328857,0.70675,1.0207125,0.06352575,0.78928783,0.91026171,0.82897157,0.85451068,0.63415553,0.76560671,0.76357639,0.66695123,0.15936212,1.39722,2.30314774,1.27232489,1.23602132,1.40644708,1.1506044,0.63255597,0.78359304,0.94954846,0.01316877,0.00435144,0.759435,4.27005699,1.01231293,0.92234275,0.326023452,0.344142332,0.97626348,0.67628581,1.21891691,1.10061915,0.83443783,,1.00479164,0.60665789,0.19581941,0.89897147,0.7381598,1.67444313
LRRK2-IN-1,S7584,425,1,0,0,0,1,1.27725287,1.305008281,1.214860084,1.510139617,1.587490802,0.986354595,0.886208955,0.930003707,0.907848837,1.590834527,1.137551978,1.555166215,1.939565679,1.199400086,1.614053084,1.365035481,0.981978185,1.150261735,1.217593158,1.317697607,1.372776807,1.2044722,1.126868808,1.048495502,0.095,259,0.03737323,1.60750468,308.336486,1143.61995,3.12558038,0.20170114,1.84934557,3.7363,0.49818088,0.50074292,1.3816996,0.49800267,1.85979941,1.20076763,0.44374951,0.79759125,0.95720329,0.0411557,0.50074292,0.50765,0.83161585,0.71912629,0.20022446,0.74441281,1.62363723,1.05484324,0.79330157,0.96510859,0.81489138,0,5770.10499,0.77068087,0.82064426,0.8617908,0.221951399,0.790100417,1.48829648,1.47205939,1.91810297,1.18166096,1.3930326,,0.45335973,0,0.85696225,0.44937991,1.9164443,0
Schisanhenol,S9231,426,1,1,1,1,0,2.077009042,1.414882074,1.322290125,2.942194706,1.688594555,1.335491928,2.026985075,0.989653894,1.296802326,2.145658117,1.324722514,1.750113034,0.981444647,0.902699614,0.773066144,1.860842319,0.431714348,1.382648245,4.401221747,0.627157567,1.709571296,5.251813054,1.636265386,1.448454141,0.327,225,3.3553804,0.41442571,0,4478.9492,0.89284704,0.02385359,2.98217604,1.07542,0.08210033,5.59085852,0.81651917,0.20231405,1.7112022,0.19320463,0.0022986,0.32208505,0.18159573,0,5.59085852,0.3712,0.32768717,1.09054623,0.42804936,0.51414932,5.16444737,0.18088007,0.06747076,0.7038374,0.94445086,0,0.20475366,0.09779323,0.8135844,0.30234848,0.017745999,0,11.2654581,0.89887914,0.14194313,0.96316788,0.56307,,1.49979984,0,0.07442564,0.81399604,0.48466439,0
Cu-CPT22,S8677,427,1,0,0,0,1,1.361779945,1.017189195,1.225152782,1.117063617,0.962913907,0.881446875,0.996059701,0.707714084,0.948401163,1.6749208,1.174324776,1.885302287,0.827879349,0.674046565,0.66777792,1.132245876,0.762196335,1.077834034,1.306658522,0.790725239,1.301840239,1.140410959,0.945301711,1.052631579,0.324,941,0,4.71230969,198.625318,2459.35829,0.48700364,0,1.36516072,0.84826,1.02435394,1.60526386,0.92586787,0.06813381,0.61684079,0.19315103,0.60684408,0.59691905,0.32923514,0.00632545,1.60526386,1.21229,1.44119801,1.21659232,1.43344967,1.34902187,1.14334606,0.85751857,1.00659426,0.87511389,0.78188527,0,1.05896663,0.39517305,0.78288578,0.76030824,0.450573487,0.02915615,1.45698125,0.78725116,0.84483458,1.08271323,0.97080048,,0.66102708,0.192264,0.25312338,0.49808349,0.78214681,0
"4',5-Dihydroxyflavone",S9378,428,1,0,0,1,0,1.136848522,1.15561647,1.329044709,1.004485438,0.753495217,1.236134881,0.792835821,0.661139757,1.381395349,1.390461311,0.792068034,1.463080782,0.608375794,0.927210399,1.532504167,0.907934753,0.54771482,1.332875654,1.181307269,0.49905919,1.459134368,1.235294118,1.270969679,1.158515148,0.315,321,0.97145639,0.34622792,240.662685,4053.93981,0.30701177,0.00838058,0.85190214,0.49027,0.02599578,0.94879197,1.10515235,0.08971055,0.37235184,0.14138595,0.02267241,0.31193264,0.33450064,0,0.94879197,0.34906,0.41577308,1.09788964,0.97888071,0.0533581,0.94537623,0.26320683,0.34731904,0.72580695,0,0,0.99151099,0.16594042,0.88530754,0.30749455,1.133148474,0,0.65823108,0.57567361,0.11300299,0.84826412,0.37632991,,0.36064068,0,0.79098367,0.90833829,1.21536406,0
Tabersonine,S9427,429,0,0,0,0,0,6.839784619,1.805265262,1.531038919,4.975803904,1.224871229,1.288866275,4.559044776,0.868129276,1.227906977,3.039014017,0.826836864,1.626189553,3.22454429,0.758291673,0.883629769,6.2613584,0.569927677,1.181498327,5.47806964,1.052522409,1.402076694,4.092062853,1.456859802,1.174232241,0.331,470,5.76120908,1.55291896,207.758727,1188.05561,0.46371586,0.17744188,0,0.67398,2.19558667,1.91676718,0.1453891,0.1742494,0.33833355,0.03748622,0.58156866,0.38654312,0.15722336,0,1.91676718,0.46486,1.0485087,0.75848681,0.09159515,0.0428682,0.11091809,0.24764552,1.36995647,0.70297623,0.08030634,0,0.0491328,1.09957927,0.89572386,0.79629359,0.460111814,15.8310574,0.11041995,0.20840408,1.8645773,0.86033397,0.22832624,,0.39750769,0.00918756,0.27649143,0.6846299,0.66222917,0
SNS-314 Mesylate,S8699,430,1,1,0,0,0,1.481458905,1.241733767,1.289482149,1.226230337,1.167917586,1.085711643,0.879044776,0.696053651,0.949709302,5.407039014,1.031441915,1.521368902,0.619710635,0.813483788,0.715696152,1.201732559,0.937633393,1.082296404,1.62516799,1.107904289,1.479490079,1.57252216,1.1419994,1.127908179,0.332,171,0,2.77639158,87.2580321,948.47382,1.42608567,0.16623285,0.04426773,0.03507,0.03246407,0,0.0109365,0.38527538,0.02906761,0.00148923,0.03618969,0.02655631,0,0,0,0.4169,0.05087985,0.21551783,0.43623572,0,0.11436429,0.09634799,0.11034663,0.11955676,0.91008965,0,0.00288084,0.00812028,0.37052744,0.39156098,0.002331893,0,0.02195165,0.02633496,0.11710107,0.09751712,0.01454992,,2.57337314,0.33706069,0.25730965,0.52180761,0.40869402,0
INCB057643,S8714,431,1,0,0,0,1,1.210403332,1.591228371,1.551624317,1.384294649,0.7598234,1.160645728,0.962149254,0.803086981,1.036482558,1.071492427,0.867717795,0.973264651,0.782648974,0.677303242,0.717894236,0.812643996,0.26190131,1.255985583,1.193036042,1.337254611,1.370309448,1.206285254,1.223416391,1.14031641,0.328,724,0,3.05647203,95.522863,1531.2959,0.01568867,0.3374915,2.87251263,0.71369,0.03780338,4.43423618,2.61435775,0.32698385,1.17620871,0.4891106,0,0.51343222,1.0300028,0.24711283,4.43423618,4.10507,0.02801361,1.14341543,1.04912557,0.27818481,1.80141312,1.04521892,0,0.88559415,1.24734141,0,0.15348241,0.49242475,0.90360716,0,0.206929769,0,2.35998601,0.8136151,0,0.87949756,0.82541092,,1.64875408,0,2.9320923,0.7459337,1.00395182,0
AZ32,S8729,432,1,0,0,0,1,2.24138982,1.04848381,1.419427469,2.488091478,1.78410596,2.206392525,1.056,0.472753008,1.739825581,1.110011717,0.639065138,0.95318219,0.574916215,0.463819454,0.819885333,3.426043683,0.790518738,2.17317429,2.255956017,0.369894066,1.237380487,1.482473811,0.921525068,0.927308448,0.325,781,0,4.66108212,350.905646,846.960562,0.36459446,0.24308124,0.06443446,2.20839,0.24903339,0.84355769,0.47145565,0.26285077,0.47206625,1.0915652,0.46296277,0.4133518,0.5742947,0.11879613,0.31032711,2.01718,0.16570543,0.49432188,0.1903198,0,0.6146663,1.65044008,1.03599868,0.72336634,1.24533825,4.833914,1.57655256,28174.1949,0.82647902,0.8599445,305.788553,0,0.69458619,4.03048542,2.63886952,0.790684,0.74996467,,0.67049122,0.47194656,0.63293422,0.56644251,0.78569934,0
PHY34,S8744,433,1,0,0,0,1,0.958447628,1.379932614,1.038919267,0.832396235,1.081824871,0.807067857,0.665791045,0.761702558,0.817587209,1.547697782,1.031241518,1.49491883,0.742868042,0.960548493,1.076621545,0.792185052,0.529831246,0.972453445,1.040928528,0.638536188,1.222576334,1.057614827,1.179465626,1.032364802,0.314,647,1.86247289,0.35619828,162.847073,1872.67015,0.35585182,0.19998696,1.29870334,0.26438,0.19644518,1.15938803,0.41310325,0.44488025,0.84076427,0.34093595,0.33128767,0.44547875,0.11505902,0.16137561,0.25525939,1.95722,0.9003437,1.06589549,0.22534802,0.66248017,0.94689044,0.77835454,0.55896509,0.79487085,0.97244495,0,0.69316226,0.11661599,0.93488117,0.72912451,0.049215633,0.118355566,0.82723721,0.65695076,0.3547478,0.85330755,0.27342489,,1.9493934,0.33598373,0.0693909,1.05374571,2.3161923,0
ML385,S8790,434,1,0,0,0,1,1.640150361,1.653132317,1.455130267,1.209931139,1.799558499,1.052962672,1.571343284,1.516867186,1.609011628,0.944512433,1.062403208,1.307809069,0.620037601,0.93732324,0.661843093,1.126532117,0.481764081,1.299922767,1.325717776,1.393436551,1.340701141,1.46796938,1.662203542,1.340088926,0.319,772,0,1.34852238,217.682839,1008.57894,2.42871358,1.36031541,0.04632054,0,0.01566893,1.78405662,0,0.28008437,0.027282,0.00310361,0.01604294,0.24825103,0.03174216,0.56236277,0.91532373,0,0.02704931,0.37307187,0.69137011,0.16690569,0,0.0588465,0,0.23926012,0.82992471,1.3085148,0.00139011,0.00140402,0.35697154,0.01302966,0.004007279,0.347034399,0.0175486,0.04445344,0.07904692,0.67569823,0.05701904,,0.45122533,0.06765778,0.35855079,0.47163559,1.90798955,0
Zanubrutinib (BGB-3111),S8791,435,1,0,0,0,1,2.189982729,1.549197647,1.35638469,2.833786089,1.162178072,1.140108238,1.435940299,0.639840933,0.917005814,1.564223408,1.047373454,1.183885588,1.368355086,0.646964719,0.848680234,2.499308819,0.594406325,1.303698618,1.513744655,0.81348248,1.299989719,1.45467365,1.389132393,1.171336987,0.332,767,0,1.22303936,1248.66528,2377.29233,1.65215172,1.08069007,1.39904339,1.06635,4.93895176,0.82390177,1.25305158,1.20587806,1.0931001,1.00539765,4.23047771,1.00761698,1.07862669,0.77748268,2.49961517,1.3298,3.38118293,1.32592044,1.1642111,2.88842394,1.40202133,1.46548116,2.69052759,1.12642216,0.58492822,0.27524722,1.08031804,76426.2295,1.04040781,0.96014256,2.428440576,109.6183474,1.68255248,1.63808299,2.28371689,1.2703905,1.04072424,500,1.9850178,0.84653825,1.60858881,1.12804122,1.54993936,1.97177879
Salvianolic acid A,S9055,436,1,0,0,0,1,1.557248806,1.424247616,1.257639112,1.061343104,0.730831494,1.088486979,1.013253731,0.851076736,1.092296512,3.723612377,1.082142285,1.501776256,0.748535462,0.818454506,0.766471892,1.220716985,0.919992582,1.132755514,1.31362248,1.475575969,1.447105994,1.307211926,1.214049835,1.178368318,0.318,604,2.05054728,6.67989503,318.108431,4146.62854,1.51521614,0.21801111,0.64176702,0.60409,0.69771805,0.95688768,1.20541473,0.18469958,0.90464687,0.89080783,1.9505793,0.91073624,0.96535051,0.15882466,1.62241612,2.68112,2.22681696,1.46998742,2.30306499,1.0123973,0.65799742,1.17017954,1.57159346,1.09135326,0.35576806,0,0.05872287,0.09923697,1.04292007,0.34825872,0.034984452,0,1.20547051,1.41581285,1.10714865,1.38785823,1.05783024,,1.6844425,1.69901107,2.87744054,3.12417926,1.56864763,0
Rubimaillin,S9162,437,1,0,0,0,1,0.941379661,0.937924733,1.087809585,0.988944343,0.654451803,1.208381516,0.794029851,0.58591986,1.287209302,1.019849846,0.785755537,1.009021229,0.401950901,0.604027996,0.779220779,0.998801954,0.48593152,1.478417575,1.136224801,0.512393511,1.45481649,1.288477035,1.067787451,1.083652156,0.323,583,0,0.88819102,126.06635,1653.6988,0.61924839,0.11794219,0.23778356,0.22747,0.05743879,1.58634543,0.12605426,0.15390314,0.87018527,0.04289499,0.03399683,0.34323708,0.19719694,0.06314196,0.74051185,0.14162,0.22661665,0.92312433,0.10108576,0.06548017,0.40158242,0.14692525,0.44062792,0.75555545,0.45003025,0,0.02423067,0.01515367,0.52249475,0.32404886,0.006820374,0,0.23182904,0.10846513,0.48699037,0.70412295,0.13766595,,0.47532207,0,0.81941381,0.510171,0.4876121,0
Takinib,S8663,438,1,0,0,0,1,1.500761963,0.977899606,1.492441299,0.918440836,0.411479029,1.251676766,1.271164179,0.605735854,4.574127907,0.800642277,0.533656464,1.331810059,0.438571156,0.56014855,0.953968457,1.181089301,1.734018915,5.492491204,1.314722053,0.338425069,1.056338028,1.23650282,1.047613329,1.097714817,0.317,716,0,1.58848608,204.053287,1974.02116,0.26440346,0.10692955,0.97540532,0.87581,0.57549055,0.88047466,0.91985469,0.13458953,0.62988392,0.70212389,0.59295219,0.7841058,0.63869321,0,1.73822575,0.15037,0.22684798,0.58283227,0.16617632,0,0.53090618,0.58550957,0.65749933,0.88144921,1.03341929,0,0.21685933,0.2578298,0.94760186,0.59085527,0.060148772,0,0.79376082,0.9330858,0.9728139,1.24603595,0.8347372,,0.31671171,0,0.5452185,0.39232319,0.68858675,0
Neobavaisoflavone,S9286,439,1,0,0,0,1,1.281723052,0.89155388,1.109359923,0.943079159,0.737306843,0.898653962,0.694208955,0.425235062,0.873401163,1.072586035,0.745575995,2.0253897,0.425274516,0.436994715,0.598538274,1.370564925,0.800067434,1.950742298,0.936102627,0.22134973,0.802508482,0.963336019,0.70681477,0.88387964,0.332,404,2.39291223,3.17274536,334.274289,2003.459,0.08004248,0.25044666,0.67767192,2.31978,1.26214351,0.45496299,1.27080031,0.18295382,1.56987878,0.62915104,0.87912116,0.66414496,0.5380047,0.13347861,0.90471015,0.23446,2.33147584,0.97041694,0.00981299,0.77624683,2.55837297,0.43564647,0.66675749,0.82301531,0.94533526,0,0.22143083,0.19514578,0.84333706,0.69529964,0.11426842,0,9.1377536,1.0411973,1.51535051,1.16711631,1.07767813,,0.72638347,0.09371119,0.15586226,0.71138829,0.39272187,0
BTK inhibitor 1 (Compound 27),S8679,440,1,0,0,0,1,1.274205019,1.22551539,1.307816018,1.123128435,0.895952907,1.088486979,1.198328358,0.881205136,1.282412791,0.713396693,0.543976895,0.785665073,1.045421106,0.87776032,1.193339805,0.931527048,0.504098319,0.994078778,0.974954184,0.363582488,1.054487509,1.166398066,1.122545782,1.066280633,0.321,1723,4.39473057,3.35069089,223.058876,1462.84456,0.34468369,0.17712101,0.70884483,1.3978,0.29288199,1.85023434,0.71873665,0,0.62903324,0.57972755,0.25918793,0.53187845,0.45709327,0,0,0.34283,0.06610015,0.43787328,0.38845141,0,0.74013614,0.72926684,0.41697792,0.78830274,0.00842362,0,0.40987663,48254.006,1.02285114,0.84812362,0.558581027,0.195537317,0.84348825,0.78969759,0.5855734,0.88912122,0.5636844,,0.29289128,0,1.6398639,0.50257583,0.63172555,0
ML204,S8691,441,0,0,0,0,0,2.671340039,1.916281195,1.513991637,3.671489039,2.577777778,1.626347195,1.327761194,0.857142857,1.180377907,3.659940112,1.509989281,1.286257159,0.987439034,0.904156549,0.769109593,3.604460418,1.135647454,1.712520381,1.676114844,1.485621157,1.357355814,1.697018533,1.404262984,1.218488264,0.321,805,0,8.76691646,372.110925,921.909448,0.58983877,0.1539834,0.62354557,0.70395,0.0522966,0.83183003,0.10124521,0.14564514,0.31709161,0.26568433,0.04952693,0.25596284,0.13108823,0,0.55525994,1.33764,0.05205285,0.23639538,0,0,0.47020634,0.63980191,0.13985889,0.6101141,2.38516341,102.187328,0.32015293,0.07897918,0.88524144,0.61727662,0.012738446,0,0.08926756,0.43849814,0.3739031,0.64072139,0.13938373,,0.48949735,0.76273638,0,0.41887661,0.70604036,1.76261598
DCC-2618,S8721,442,1,0,0,0,1,1.201462969,1.172063275,1.179157285,1.877819193,1.69874908,1.186178824,0.89241791,0.748626698,1.067005814,1.653291672,1.140758325,1.107964087,0.716274761,0.767718897,0.755481472,0.986637176,0.708869295,1.146829143,1.068051313,0.745121861,1.060347486,1.196615633,0.99141399,1.079516079,0.311,560,1.92625239,3.48928206,445.95057,4693.90902,1.6206595,0.11343319,0.86133502,0.51874,0.06682096,1.31966293,0.20132276,0.20002788,0.53211823,0.13666721,0.16238341,0.43797666,0.295046,0.17019951,1.28462782,0.55018,1.86419048,1.2614358,0.92981134,23.6745796,0.57254529,1.18184263,0.44715254,0.73904452,0.40741004,0,0.21179351,0.00835658,0.86182871,0.01542531,0.012495304,0,0.81667183,0.16960565,0.34623681,0.7507345,0.19980473,,2.62822061,0,0.59360485,1.51143855,1.57456972,0
AZ304,S8755,443,1,1,1,0,0,1.245148837,1.183484667,1.066902541,1.568134437,1.500515085,1.364910495,0.749850746,0.712027769,1.038662791,1.063472638,0.997675068,1.51647074,0.85163892,1.226824739,1.340171817,1.135932172,0.571343797,1.550845276,1.327183873,0.78521372,1.054487509,1.596696213,1.26448514,1.168855341,0.291,734,8.33561108,0.42015854,120.899706,5902.93861,1.58251531,0.04200825,0.49112691,0,0.00707872,0.01015124,0.58852136,0.08800654,0.39481801,0.00026775,0,0.24707278,0.5681488,0.00455851,3.01890315,0,0.08377543,0.76119006,0.58107152,4.3842221,6.95901581,0,0.17881756,0.72483148,0.58688471,0,0.1151318,0.00022202,0.44102142,0.01205533,0.098384746,0,2.42643821,0.00073239,0,0.60873509,0.38763653,,4.59538841,0,1.46035316,0.96518744,1.28083536,0
ZL0420,S8763,444,0,0,0,0,0,10.26252159,1.429273028,1.05178514,12.94345821,1.931272995,1.081826171,8.521074627,0.753546996,1.149418605,15.69970924,0.61331416,1.063390819,6.223917604,0.515497786,0.760976682,9.95594876,0.498069693,1.251866472,20.32412951,0.827972442,0.892875501,83.11825141,1.168658061,1.196980664,1.816,353,10.596212,4.34840647,7440.72016,21891.9756,5.53567145,0.91064517,1.34815673,1.40092,7.51274928,0.69914113,3.40462152,0.54051039,0.76160054,1.89800995,2.5019069,0.61177453,1.80397306,10.9899951,4.06344861,0.15469,2.71989751,1.63924903,9.82026851,206.164336,4.49871919,3.0619811,5.16049522,1.14226846,1.06079274,1.42470073,0.00543782,0.00185167,0.40382649,0.05354274,0.008191489,0.222399843,3.11626338,5.27869757,2.74125165,1.61764731,6.27181133,500,5.39879977,0.21203738,44.914101,17.4974482,6.26617628,6.36224691
UAMC-3203,S8792,445,1,0,0,0,1,1.236411663,1.13757067,1.163718237,2.012761387,1.596909492,1.263333179,0.93158209,0.698075692,1.027761628,13.56073428,0.450491825,0.866484735,0.636167952,0.699928582,0.664700603,1.182379504,0.8594231,1.546726165,1.135125229,0.739521446,0.994345636,1.120467365,1.047613329,1.071243925,0.325,989,2.22616999,0.71722997,400.567578,1895.54412,0.50835604,1.61774504,1.01586042,0.46106,0.58575084,0.51762371,0.93627035,0.76228423,0.80823307,0.54618036,0.95248612,0.8259938,0.67934611,0.68112608,0.51762371,0.93255,0.90197421,1.06368127,1.00232066,1.06490953,1.14963266,0.57679951,0.49082186,0.90242675,0.79010049,0.56892877,0.42529101,0.51427129,1.03162656,0.81619981,0.178729545,0.631307993,0.89015998,0.52237011,0.73153622,0.99378151,0.81496197,,1.07260195,0.17239649,1.71011122,0.78983022,1.63814409,1.05573384
ULK-101,S8793,446,1,0,0,0,1,1.368282028,1.456912798,1.068189128,1.667066776,2.034584253,0.880336741,1.194268657,1.150945304,0.87122093,1.115115219,1.115307942,1.025674977,0.514972344,0.795829167,0.586229004,0.714957147,0.404565302,0.645327384,1.135491753,0.776324172,0.972447826,1.111402095,0.977003903,1.038982525,0.397,524,0.06153689,1.03903203,307.428652,3845.37117,0.76325082,0.19850464,0.75834972,0.18331,0.05813044,0,0.03541375,0.16851308,0.29450132,0.00398531,0.00344146,0.203027,0,0.11667323,0,0.22696,0.03162311,0.76379094,0,0,0.44713957,0.06296991,0.01037569,0.42712385,0.76398979,0,0.02181162,0.03245959,0.51361965,0.00848125,0.001933095,0,0,0.06623949,0.07695162,0.59061661,0.03539656,,1.9449027,0.43297109,0.41792769,0.73614934,0.07274314,0
Corilagin,S9090,447,1,0,0,0,1,1.558264757,0.929929758,0.985847539,4.469770674,0.896247241,0.83926176,1.44,0.335456476,0.807994186,1.453039969,0.711809147,0.831217974,1.039971663,0.277846022,0.504680087,4.289927196,0.441910414,0.884235819,1.562492364,0.592310542,0.779993832,1.468573731,1.031762234,0.897115086,0.313,742,5.24091882,0.78630575,1084.80532,3171.45508,0,0.23312411,1.23541187,2.85959,4.02102866,1.53889482,1.37721661,0.40911872,1.32270046,0.62709867,2.29844318,0.70842361,0.46396233,0.19556431,1.53889482,1.52084,4.72782475,1.39533691,0.95478639,3.0268307,1.30025439,0.68185883,1.92981902,0.93103605,0.57782024,0,0.39526979,0.54282357,0.99287136,0.70153994,0.101342294,0,1.94268241,1.39365774,2.12349354,1.26409016,0.83758895,,0.44073327,0.11636982,0.68043598,0.70564245,1.5020481,0
BMS-986205,S8629,448,0,0,0,0,0,1.212638423,0.810461995,1.18880669,1.333880852,0.44812362,1.601369166,0.855641791,0.189397769,1.180813953,2.049420648,0.321636735,0.910078371,0.417863273,0.42756749,0.910666203,1.25463091,0.185956808,1.413884837,1.710934637,0.220994148,1.004215071,2.054190169,1.02455719,0.983559094,0.3,866,1.46115692,0.60536085,377.892266,7426.5761,0.79147963,0.18586823,5.21376022,0.10949,0.34601271,8.93056164,0.25109055,0.38958966,3.41878031,0.04384682,0.01565449,0.28631762,0.04438777,0.1114266,8.93056164,0,3.82889981,2.4964233,0.65017741,28.4172876,7.27762966,0,0.2356945,0.50551121,1.00324078,0,0.00450594,0.00015926,0.1881617,0.0007716,0.003162803,0,10.995082,0.112352,0.28423092,0.74216163,0.12776939,,0.79387104,0.16719671,1.04448328,3.07214634,0.11181542,0
MK-8353 (SCH900353),S8701,449,1,0,0,0,1,5.062074571,2.992404774,1.077516886,5.878324594,3.034289919,0.996345807,2.116298507,1.569642436,0.894331395,1.3568025,0.644375651,0.887057012,1.386447236,0.911012712,0.598758083,4.539489448,1.070546386,1.087445293,2.359682346,1.679857767,0.641204894,2.181103948,2.508075653,1.208148072,0.309,773,50.4689605,1.24536575,0,14748000000,6.75562728,0.11098739,60.8457472,0,0.02752539,175.376608,30.4556173,0.34956019,6656.74534,0.0002523,0.00598492,0.7808857,5.63153898,0,175.376608,0,0.00087995,4.47743399,56.2878205,0,113.567778,0,0.08531947,2.21157325,1.14529294,0,5770.10499,0.00094368,0.83375093,0.00464578,746.9888271,0,127.828918,0,0.0411789,1.8125173,12.2067617,,2.34328999,0,1.01789434,6.04691461,4.68791874,0
Ripretinib (DCC-2618),S8757,450,1,0,0,0,1,1.088895662,1.198789332,1.229334191,1.307726325,1.407064018,1.18506869,0.967402985,0.813601591,1.06744186,1.815996181,0.971924089,1.007061964,0.51726111,0.745779174,0.695473779,1.021288361,0.533998685,1.186647215,1.162248015,0.606533817,1.564922381,1.142224013,1.10237166,0.958329025,0.301,851,0.02751786,0,7.95168666,966.509005,1.00146739,0.50258484,0,0,0,1.56682477,0,0.3641995,0,0,0.00980222,0.15438498,0.00724254,0.12436954,1.56682477,0,0.01606958,0.15426589,0,0,0.23922936,0,0.056616,0.13104011,1.08376334,0,0.00101225,0.000087071,0.17907133,0.0020925,0.000854034,0,0,0,0.14914914,0.38285158,0.01485916,,0.60125876,0,0.34757989,0.480234,1.19511779,0
PF-04965842,S8765,451,1,0,0,0,1,1.34918216,1.179372966,1.231264072,1.163307853,1.089624724,1.03686572,0.732656716,0.628247902,0.999854651,1.478922015,1.162501369,1.593861689,0.507343124,0.607284674,0.658326159,1.061468989,0.918778765,0.971423668,1.227855834,1.362500926,1.332682225,1.194802579,1.105974182,1.026160687,0.387,115,0.0448642,1.67380089,149.530874,1230.86823,0.38512041,1.02288966,0.44320791,1.05029,0.30929413,0.77464695,1.15668542,0.5557009,0.64504706,0.36915632,0.35519716,0.71009542,1.14807495,0.47849275,0.77464695,0.94873,0.45560386,0.80938175,0.57089504,0,0.42200332,1.10122445,0.65928186,0.9268619,1.290212,0.35185044,0.13513436,48253.8226,1.03500415,0.77773912,0.185177728,0,0.27261267,1.13598969,0.78411364,0.83636744,0.93695461,,0.86679457,0,0.77659352,0.57849083,0.83711357,0
SSE15206,S8789,452,1,0,1,1,0,1.145992076,1.179601393,1.280797684,1.311516836,1.50272259,1.214487257,0.999880597,0.883024972,0.913517442,1.256069088,1.005991532,1.203478233,0.807389444,0.766604771,0.759218215,1.000276472,0.617145169,1.285505878,1.033964569,0.862019409,1.003598232,1.151893634,1.265926148,1.212697756,0.493,200,7.47554769,2.19788655,670.064171,8861.05907,1.27305262,0.42954064,4.29323492,2.13781,0.18811134,2.90382896,2.82761382,0.36424531,2.17572916,0.59978315,0.2217561,0.74732169,0.70914725,0.25567592,13.432896,0.54596,3.46003601,2.55885683,2.44659767,1.90045482,5.17223881,0.34378089,0.10457904,0.84120009,0,0,0.79045045,0.07708122,0.94190768,0.39130188,0.064449911,0,4.93139242,0.39797388,0.42107133,0.86898842,0.6343995,,1.38691242,0.07344758,0.70130297,3.36808258,1.85391244,0
GSK3179106,S8821,453,0,0,0,0,0,0.872295032,0.95939695,1.009327758,0.908206457,0.729359823,1.101253527,0.603462687,0.350149968,0.997674419,0.740129323,0.587563181,1.085432545,0.276940683,0.348464505,0.534793838,0.771357479,0.443245613,0.912726337,0.89908369,0.394607008,1.167677598,1.005640612,1.00798559,0.98604074,0.309,557,3.32874666,1.67886134,236.36965,1413.27176,1.21543304,0.82840238,0.16919214,0.0083,0,0.9630209,0.10230266,0.39971293,0.00383501,0.00023318,7.6241E-06,0.20741981,0.0650736,0.48121646,0.28102212,0,0.017585,0.26218062,0.39780183,0.36109251,0.30041198,0.00572966,0.10555169,0.14279529,1.06726128,1.30625887,0.00110918,0.00010742,0.21177039,0,0.002061623,0,0.08435173,0.00523117,0.07191431,0.51744355,0.2036672,,0.86165147,0.20323954,0.41473039,0.70653688,1.35221783,0.25092448
Dihydrotanshinone I,S9020,454,1,0,0,0,1,1.058620339,1.002341385,1.057253136,1.436982753,1.496835909,1.075720431,0.826507463,0.805176423,0.926162791,0.938801371,0.82102536,0.954651638,0.620364568,0.748778746,0.745809902,0.993825454,1.053876629,1.072341886,1.090042761,0.815349285,1.273774031,1.135576148,1.217652357,1.038568917,0.309,704,145.712078,1602.11392,9096.25961,125206.658,5.00634582,1.04570231,2.64100947,5.38131,17.6182109,0.78718742,1.17225047,0.71446478,0.86630714,0.53259286,0.36440714,0.43652455,0.09855094,0.4251857,29.3740899,14.7954,4.72329986,2.77418756,2.80981051,8.27507861,7.51086201,11.1183146,3.76601846,1.08484217,0.26078138,0.44872823,0.4793409,0.06679107,0.86021499,0.42459328,0.020483784,0.159595322,8.83916614,1.69565659,0.78154373,0.9447902,0.29229679,,79.7047251,371.988351,128.029375,653652.907,9.93664753,1.99323635
Wedelolactone,S9042,455,1,0,0,0,1,1.320938738,0.847695734,1.12994532,0.972645145,0.749963208,0.93806374,0.616835821,0.418292724,0.899563953,0.750336328,0.489368789,0.747459415,0.378082341,0.270304242,0.578096093,1.813657727,0.404929447,1.668239938,1.02516799,0.24864064,0.82779891,0.935535858,0.837946563,0.86774894,0.33,149,0.74726302,1.51958434,292.408695,3603.97362,0.91456829,0.1225677,0.13769995,0.34327,0.5012096,1.88487108,0.68858544,0.13613189,0.35904299,0.55469435,1.06677587,0.72547867,0.66578734,0.07445445,0.47888348,0.18749,0.42669716,0.76713891,0.27913731,0.00204255,0.34287832,0.51279635,1.00073943,0.87572945,2.8255846,0,0.08305561,0.17779032,0.90520201,0.88562488,0.548712501,0.530319009,0.61224006,0.73094257,0.90739109,1.12324859,0.82055305,,0.24922675,0,0.76876212,0.64073637,1.40201356,0.6408874
Triptophenolide,S9045,456,1,0,0,0,1,1.327440821,1.149677346,1.086844645,1.598837577,1.920676968,1.029094778,1.057671642,1.124523978,0.909593023,1.018999262,0.673934167,0.831217974,0.48674423,0.638051707,0.596120382,1.200258041,0.729908795,1.216854029,1.144288332,0.998385066,1.25372674,0.988114424,0.855238667,0.904973633,0.343,752,0,9.52476788,2.61771334,4066.06962,0.49873496,0.01625628,1.32658034,0.93833,1.16189318,1.82583967,0.82983843,0.13656437,0.79607682,0.76787459,1.64250672,0.89234968,0.69408272,0.00837858,0.32741394,0.77159,1.04978611,1.02670447,0.63739099,0.13845002,0.64428325,1.12487697,1.61193876,1.04353982,0.01233108,0,0.43311017,5.25226725,0.79556392,0.79189824,0.427708331,0.025964684,0.92262402,1.24837409,1.66600039,1.36934574,0.89459482,,0.98454093,0,0.43784202,0.66413525,0.29162742,0
Chk2 Inhibitor II (BML-277),S8632,457,0,0,0,0,0,2.411053541,1.720746959,1.456738501,2.203045044,2.15879323,1.271659189,1.144358209,1.133825363,1.005523256,1.071978475,0.953287194,0.962978513,0.773384921,0.713898015,0.710200942,1.621233066,0.407114318,1.506564833,1.642394624,1.282228313,1.3431685,1.701248993,1.67661363,1.299555372,0.301,652,4.25665942,2.81928029,384.645485,2511.9622,0.06094192,0.05528251,1.24265141,0.88062,0.98783841,2.35354053,1.02341272,0.58276836,0.77595718,0.79302381,1.23175891,0.88284017,0.69348129,0.04395297,1.01943502,1.58628,1.18939476,1.13642645,0.30151208,0.77110124,0.58217061,0.7901421,0.85343669,0.96667563,0.36705857,0,0.49742722,0.54888453,0.92830464,0.75164548,0.246770459,0,1.32614963,1.05313444,1.05630399,1.23144751,0.82593572,,0.54557792,0.46978765,0.45092843,0.84329378,0.59972452,0
BAY 1895344 (BAY-1895344),S8666,458,0,0,0,0,0,0.894036371,0.895208726,1.164039884,0.923747552,0.3732156,1.143438642,0.600597015,0.195194284,1.03125,1.070520332,0.697981774,1.553696766,0.347238495,0.276817597,0.685802209,0.914570086,0.250086822,1.189393289,0.841172877,0.319223646,1.154723964,1.015310234,0.941699189,0.976114156,0.317,390,7.91880979,2.41096495,89.6730883,2304.68196,1.70228989,0,1.68962096,1.07475,0.93249772,0.81007878,1.51238085,0.24285566,1.15611949,0.42307371,1.42717477,0.9591155,1.15461618,0.21759143,2.33139555,0.26023,1.66588921,0.9393777,0.59985873,0.97468525,0.62932616,0.57617576,0.86928734,1.06078325,0.34487719,0,1.27505384,1.67414462,0.80083405,0.71884062,0.404559197,0,1.00882435,0.61553553,2.11579874,1.59582401,0.71706033,,0.86712595,0.13567312,0.10363435,0.69860499,0.54339338,0
Topotecan,S9321,459,1,0,0,0,1,1.090724373,0.856832848,1.065294307,1.001453029,0.439440765,1.235024747,0.653373134,0.204832676,1.155959302,0.652033155,0.344882754,1.072697326,0.231165363,0.180317098,0.539849431,1.057782693,0.217718361,1.304728396,0.932070861,0.246062671,0.939138481,0.9772361,0.887661363,0.892565402,0.367,254,0.71927252,6.40169151,52.0871596,2559.17382,1.01274462,0,1.49929629,0.88222,0.83134376,1.85697607,0.82096326,0.2416971,1.40523384,0.81274033,1.50030216,0.84838168,0.74665333,0.06270888,1.26649367,1.25043,1.86545295,0.94307107,1.10718091,2.30972564,1.42919611,0.90732492,1.150484,0.95591008,0.72793341,0,0.50544026,0.52097857,0.83611003,0.68718307,0.148713451,0,1.7969846,1.20585735,1.57462198,1.37723353,0.94121412,,0.92947295,0.3358043,0.4838723,0.70829077,0.77391077,0
MBQ-167,S8749,460,1,0,0,0,1,1.222594737,0.886985324,1.088131232,1.079916609,1.050478293,0.86201952,0.858746269,0.733731001,0.748255814,0.681074513,0.447485875,0.793502132,1.012070516,0.933466648,0.794387559,1.024237397,0.736301566,0.851282931,1.212828345,0.955804134,1.184640691,0.982675262,0.912879015,0.892151794,0.319,47,3.51191299,1.12861277,264.683596,1785.99394,0.70955647,0.00305836,0,0.6894,2.2268857,0.04230211,0.27845854,0.35809078,0.08719645,0.05804448,1.44439079,0.38730376,0.17526292,0,0.41485965,0.13524,0.22394848,0.58548079,0,0,0.10010009,0.33256534,1.10430274,0.74942479,0.4244849,0,0.03495322,1.12190771,0.83476003,0.79637229,0.617383489,0.068430841,0.50192059,0.35550794,1.78341384,0.89738976,0.21135687,,1.86349579,0.39359024,0.74573738,0.68706806,1.30956864,0
Diphenyleneiodonium chloride (DPI),S8639,461,1,1,0,0,0,1.635070609,1.074753012,1.127372145,2.231852928,1.199411332,1.114575142,1.21719403,0.506116672,0.97630814,1.252302218,0.621129632,0.822891099,1.011198605,0.921896872,1.09794296,1.710810064,0.809049682,1.43070454,2.13463653,0.52732795,1.798396217,2.867647059,1.134794356,1.052217971,0.298,677,0,22.2501526,57.9469417,1156.85892,0.63391429,0.02679805,0.01446863,1.67368,0.48929727,1.15543539,0.28699842,0,0.31715853,0.53255097,0.39160277,0.2659027,0.62769285,0,2.91466654,2.85944,0.24060164,0.29204904,0,0,0.09799625,1.77310006,0.49386614,0.43497269,0.23437639,0,0.01623311,0.12692765,0.54034019,0.68346037,0.023991726,0,0.09278283,1.66128887,1.92501438,0.546261,0.58153389,,1.24956234,1.16312651,0.64322119,0.50370125,0.26276317,0
CA3,S8661,462,1,1,0,0,0,1.217718175,0.69442065,1.115471213,1.308105376,0.280647535,1.305518294,0.793313433,0.212516429,1.307267442,1.628989281,0.616821102,1.604637644,0.428435193,0.250421368,0.985620867,1.180167726,0.137970565,1.232300695,1.452168601,0.223749907,1.304616017,1.655922643,1.013749625,1.091510702,0.306,805,4.95422542,0.91254063,179.614299,1425.79766,0,0,0.78025501,0.85797,0.521743,0.90931426,1.20099195,0.11336856,1.07334178,0.69516541,1.64787856,0.87619395,0.74653441,0.30005596,1.26700684,0.7979,1.50280378,0.94518022,0.69141483,0.61930802,0.85534538,0.66584912,1.04237099,0.92614503,0.71980631,0,0.64819197,0.37209497,0.80689399,0.82735998,0.199946138,0,1.32875752,0.77845414,1.35925104,1.09807708,0.92059932,,0.36682783,0.16866151,0.40210476,0.55889248,0.65455773,0
H3B-6527,S8675,463,1,0,0,0,1,1.571268922,1.162697733,1.540045031,0.996525365,0.649300957,1.102918729,0.685850746,0.651433964,0.975436047,0.747784577,0.372136708,1.289685872,0.293180022,0.275274961,0.607550419,0.869597272,0.182355817,1.033553591,1.293830177,0.398340618,1.41040403,1.182715552,1.100210147,1.043118602,0.318,647,2.92441118,1.98727463,369.738222,10215.2099,0.5435834,0,1.60465649,12.2926,0.19755047,1.12613984,2.02693461,0.16577906,1.17534337,1.75442935,0.15163001,0.48123173,0.36852652,0,0.79797951,1.02715,2.44219435,1.30648784,1.08759565,0.02550079,1.54206401,0.55305061,0.21727342,0.76707419,0.30998563,0,0.07614819,0.22300557,0.68526178,0.23220653,0.019147388,0,1.54822434,6.20496904,0.50745294,1.10561773,0.85101151,,1.47047187,0.06243712,1.00058557,2.7782206,1.15358745,0
"INCB054329（INCB-054329,INCB-54329）",S8753,464,0,0,0,0,0,1.908767652,1.639198218,1.12383403,1.503695748,1.352023547,1.300522688,1.165373134,1.180534493,1.148982558,1.112563468,0.756297219,1.605617276,0.718454538,0.782631053,0.702068031,1.330015667,1.18873173,0.79704797,1.374465486,0.638713979,1.193893287,1.785253828,2.206184329,1.195326233,0.311,638,0.48824375,1.24327319,509.611333,1865.07319,0.73404059,0.04413956,2.78456231,1.67717,8.85632594,0.73345091,2.17833899,0.62175334,1.16838003,0.82182898,4.17818377,0.79091481,0.87630892,0.38781819,0.12161014,1.5212,1.90972279,0.83936934,0.05463083,0.72580066,0.59929521,0.92326817,1.86075175,0.85254458,1.20919277,0,0.20523469,2.37932199,0.86416715,0.85169845,0.175364415,0.038441356,1.02412153,1.18972231,1.10148229,1.23478326,0.89588865,,2.74469192,0,0.86543133,0.51552179,0.27615306,0
Hydroxygenkwanin,S9205,465,1,0,0,0,1,1.355684243,1.205870596,1.253457703,1.486259397,1.77615894,1.036310653,0.781373134,0.815758434,0.875581395,2.66645836,1.363399081,1.378342591,1.069725621,0.810827025,0.891982489,1.592848585,1.038906216,1.350381876,1.182040318,1.027009408,0.987251979,1.408138598,1.353107175,1.207320856,0.311,777,5.56157762,2.73979518,174.569435,5435.97908,0.25380192,0.79866858,2.52402686,0.2407,0.03713884,2.2421583,0.05867158,0.48587365,1.33994446,0.02942917,0.01628656,0.25894012,0.04133841,0.6136126,2.2421583,0.16675,0.01789886,0.76145786,0.89665537,0.26761003,2.27906915,0.08224683,0,0.67724485,1.09839872,0.05307009,0.03652454,0.00969798,0.39308906,0.0031946,0.003043713,0,0.79659317,0.10324768,0.07518695,0.66683653,0.05698833,,3.26937286,0.0070058,0.58404721,1.02384353,1.07969497,4.64746636
UM-164,S8706,466,1,0,0,1,0,1.454028243,1.262520701,1.374396912,1.47678312,1.407064018,1.360469957,1.243462687,1.086172615,1.25755814,3.259436705,1.260695762,1.9950211,1.744475627,1.199400086,1.945084535,1.336466685,1.088470422,1.317085729,1.372632865,1.195021853,1.744114321,1.432917002,1.482077454,1.309068349,0.324,719,0,3.10474655,208.82371,2746.22899,0.61999852,1.05229969,1.35801548,0.79389,0.97818079,0.6061562,0.69067978,0.65186246,0.94914646,0.83187158,0.66732093,0.86235574,0.69447073,0.41500557,0.6061562,1.21096,2.4756304,1.31252296,1.34073752,3.26382781,1.11329519,0.71040985,0.79758303,0.93735914,0.92512785,1.73571917,0.67613665,48254.0543,1.02376007,0.94271113,0.466656791,0.95679472,1.68683205,0.77957113,1.36653063,1.10327918,0.81658008,,1.42862991,0.58420357,0.76103989,1.08330399,1.08372925,0.98066935
Penbutolol Sulfate,S9470,467,1,0,0,0,1,1.486132277,1.072240306,1.335155999,1.187946175,1.158940397,1.020213701,0.796656716,0.834428605,0.826744186,2.277741614,1.402075648,2.275685743,0.947113158,0.834566491,0.770428443,1.265689798,0.885560632,1.265253583,1.37043372,0.995007038,1.538398273,1.130741338,1.105253678,1.091510702,0.417,230,0.21101195,10.2331901,270.279937,7665.11492,1.82887529,0.817726,1.09901256,0.04345,0.46086799,1.34235163,1.29896696,1.18792074,0.20251786,0.04047599,0.02126011,0.48051003,0.62973158,0.12311093,1.34235163,1.43198,4.22047522,1.590538,2.89283755,12.7059522,1.92826147,0.49905376,0.38178522,0.93723775,1.21846047,2.23937136,0.02364954,0.01810336,1.09388472,0.8021235,0.122655435,2.724696277,0.59522121,0.21595176,0.21662197,0.98383928,0.80896896,,3.03479202,3.26010331,0.4293148,8.87262921,3.13071693,0
Anlotinib (AL3818) dihydrochloride,S8726,468,1,0,0,0,1,1.39794778,1.027240021,1.291090383,0.858929812,0.540691685,1.08016097,0.767283582,0.683584403,1.02994186,1.712589507,1.101881362,1.692314731,0.411323942,0.431424082,0.714377301,0.981844991,0.957580458,1.269029434,1.349908369,0.802370546,1.360440012,1.130136986,0.976283398,1.095646779,0.342,1784,0,4.88715142,794.893541,3202.57244,0.75240292,0.90417858,1.23972355,1.47093,6.62093803,3.23355838,1.27347412,1.99996721,0.84006599,0.88626045,4.73994402,0.93920921,1.17615524,0.73302247,3.23355838,2.09641,4.40143054,1.72567774,1.43978283,48.1609111,1.52621599,0.99584525,2.73342511,1.26011234,1.03089423,1.53474922,0.98322494,1.71704985,0.95002716,0.87070614,0.351164579,0.326888973,1.78171143,1.41214344,2.40229545,1.43778575,0.97990115,,0.63542115,0.85613478,1.66180188,1.26842383,0.69095424,0
PLX51107,S8739,469,1,0,0,0,1,1.049273595,0.997772829,0.940816983,0.985532883,0.759970567,1.003006615,0.767044776,0.803828396,0.842877907,0.944998481,0.993065943,0.963468329,0.914743467,0.876303385,0.77086806,1.292415446,1.102307939,1.545696387,1.362003665,1.236980517,1.92639046,1.105358582,1.064184929,0.994312894,0.371,2004,0.67494179,4.74551871,660.492018,2208.59745,0.32492065,0.96990994,0.48761215,1.22583,3.90764324,2.69224152,0.80482898,0.74325861,0.75707004,0.9339375,2.40742194,0.96558228,0.76105926,0.79867196,2.69224152,1.57723,2.20671464,1.16731972,1.18551439,1.01567506,0.78865955,1.02382845,1.76607513,1.01593405,0.41628493,1.6718998,0.22699894,0.77281134,1.11704555,0.68760646,0.068022902,0.334075216,1.57882097,1.1684448,1.6932933,1.29213616,0.96646531,,0.14874874,1.01585695,1.35931102,0.97372519,1.8475197,0.33206525
Dehydrocostus Lactone,S3615,470,1,0,0,0,1,1.241897795,1.190109074,1.177227404,1.216375008,1.182339956,1.066839354,0.857313433,0.833619789,1.023401163,1.523030855,1.146469632,1.694273996,1.527696793,1.071875446,1.529866466,1.111786932,0.917524487,1.076460997,1.23372022,1.16346396,1.530687776,1.171232877,1.158571,1.058835694,0.305,498,4.74171522,3.58301218,283.847354,4671.24657,0.2517179,0.83371442,6.48298025,4.01373,0.23069787,1.82438078,1.76760907,0.29430105,1.28527728,0.27664935,0.12133691,0.3738386,0.37887097,0.18935769,1.82438078,3.16474,3.90512418,1.65732102,4.25221829,5.18762013,2.30858905,0.33969522,0.20109567,0.78163252,0.69342522,0.95968115,0.3127688,0.1352087,0.97492008,0.42307435,0.106901503,0.049728566,2.2049554,0.76834643,0.4042946,0.77165339,0.81055387,,1.09142157,1.26058348,0.60646068,2.10391155,1.91719019,0
Diethylmaleate,S4712,471,1,0,0,0,1,1.257543432,1.091885101,1.194596333,1.137532377,1,0.985244461,0.991283582,0.996191824,1.060901163,1.343314673,1.118213694,1.28478771,0.96215362,0.900385659,0.850438701,1.1860658,0.971337053,1.245001287,1.16004887,1.142662419,1.337308523,1.211120064,1.157129991,1.091510702,0.326,170,1.74393428,3.91009149,355.994766,1570.89762,1.41408431,1.43092081,1.22617312,1.06881,0.60978737,1.18667982,1.26540052,0.60948878,1.06939538,1.01746761,1.26560399,0.91251252,1.24363257,0.98137183,1.18667982,2.3344,3.2054829,1.43941188,1.43978105,1.34630764,1.30053657,1.33043047,0.80799844,1.07385857,1.03784142,2.70336611,0.19038711,0.29279662,1.15766924,0.55407249,0.051380799,0.19154196,1.08014928,1.26146104,0.8607334,1.11384904,1.06943398,,2.2260585,0.80592939,0.78879977,0.89598223,0.72788763,4.04883707
QNZ (EVP4593),S4902,472,1,0,0,0,1,1.281519862,1.144880361,1.192344805,1.035567629,0.645768948,1.110134604,0.899104478,0.857547265,1.02994186,1.384264202,0.903588808,1.539002282,1.556796818,0.980259963,1.580422398,1.165791171,0.848296441,1.105638033,1.264141723,1.182665383,1.506631027,1.146454472,1.015190633,1.132044256,0.295,632,0,2.22063203,80.1106801,1800.64075,1.92769971,1.24532664,0.5083777,0.63289,0.10950253,0.7370497,2.07065103,0.5163254,0.40787237,0.41251346,0.04890557,0.39854898,0.48569173,1.09731901,2.9486308,4.28366,0.7338018,1.52542994,6.92824966,0.78883405,0.82529156,1.08603361,0.40934992,0.85330851,1.59944233,2.54286466,0.14730901,0.63423434,0.96223938,0.95371659,746.9888271,2.11646444,0.31870492,0.39813206,0.27454345,0.72770304,0.56419638,,0.89850127,5.00295274,2.90373194,3.58580892,2.3088011,0.52434867
Cucurbitacin I,STAT2,473,1,1,1,0,0,1.624911104,1.626406259,1.141202959,1.351696254,0.926857984,0.966372173,1.333492537,1.111313315,0.950145349,1.314394827,0.992464753,1.222581062,0.820141141,0.843050993,0.691956844,1.563726845,1.065812499,1.376812838,2.081124007,1.506867175,1.443096535,1.720588235,1.51450015,1.091510702,0.339,308,0.60085045,6.78424362,717.485237,1975.12198,0.08527691,0.763973,1.03337231,1.46592,1.93005138,0.90516483,1.05905813,0.91294901,0.95385282,0.6056071,1.80267309,0.83801201,0.85401153,0.69183101,1.2407593,0.82583,2.05103871,0.95526627,0.71977551,0.78168688,1.06444457,0.80953335,1.13346726,0.96732508,0.06086714,0,0.53149008,1.09375142,0.92149206,0.92900399,0.586418151,0.47006355,1.2686436,1.07595216,1.27320662,1.04609261,0.94748918,,0.81851836,0.73800329,1.19311321,0.67050961,0.68985472,0.16465065
Galiellalactone,STAT3,474,1,0,0,0,1,1.113888042,0.997772829,1.098102284,0.984395729,0.740691685,1.031315047,0.86161194,0.801873757,1.066569767,1.762409408,1.182541041,1.634516428,1.624478897,1.117383231,1.603941897,1.077504377,0.854082304,1.062044109,1.205131338,1.038832506,1.463143826,1.147663175,1.020954668,1.164719264,0.312,161,0,2.84517588,276.46592,2034.52927,3.19941563,0.27184564,0.8041812,0.91545,1.05418274,1.70844748,1.23322263,0.02778466,0.71055106,0.84868566,1.02628492,0.78420568,0.71807328,0.22362355,0.79889297,1.94366,1.88713393,1.30033836,1.05265074,0.81346665,1.3799571,0.84521583,0.81213042,0.91341776,0.58895395,0,0.30800069,0.59738264,0.93568438,0.74081893,0.061460097,0.037839544,0.92571777,1.01621949,0.97309786,1.13443052,0.93916848,,0.28241593,0.09899521,0,0.54682753,1.61644155,0
RSVA 405,STAT10,475,1,0,0,0,1,1.148633547,1.04848381,1.093277581,1.029502811,0.804120677,1.056848143,1.088955224,1.070602905,0.933575581,1.09713145,0.950080847,1.125107652,0.768698401,0.854706471,0.702507648,1.098516266,0.946615641,1.209988844,1.048625535,1.042566116,0.954559474,1.05459307,0.943140198,0.997208148,0.334,56,6.06551201,58.3493971,1847.80945,11711.6726,4.56913338,0.19368017,3.80165372,1.21407,0.43183705,1.50017073,1.03770029,0.32253927,3.47676934,1.09062534,0.57380688,0.84086689,0.87117067,0.11264545,3.74279507,4.30123,3.08757539,1.4485479,4.56743412,4.92773486,11.9271098,3.68881944,3.78166132,1.43735344,0.69237627,0,2180.95151,0.40818061,0.8855819,0.74234557,1.353451964,0.311504868,15.0085416,2.82825571,2.04254625,2.01422019,1.56968702,,1.58454132,0.940099,0.72073935,1.74822607,1.83797093,0
Hydroxy Camptothecine,S3898,476,0,0,0,0,0,1.442852789,1.10147907,1.047282084,1.468443995,1.066813834,1.323280448,1.399164179,0.653523405,1.646947674,0.973067743,0.456704124,0.913017267,0.459606005,0.368947293,0.968256004,1.258501521,0.205944333,1.221659658,1.564324985,0.336291577,1.159658682,1.783440774,1.103812669,1.093992348,0.094,512,2.11767578,2.51406585,871.331292,4840.32194,0.68765974,0.73326045,1.64259781,1.2796,2601.25732,1.11767805,1.38069584,1.54052753,1.22630512,0.99172018,2.47033937,0.86128163,0.83879569,0.91084234,1.11767805,0.42708,2.93530574,1.38774117,1.22127223,10.1800996,4.75846335,0.77992238,1.77966226,1.02349361,0.06952674,0.08574448,1.73310224,48253.7291,0.88088647,0.57626371,0.291016289,0.466892627,2.64070611,0.7941796,1.08321893,1.05572899,0.78725997,,1.70042598,0.39222277,1.85891384,2.11526529,2.37070267,4.91966822
Clorgyline HCl,S4317,477,1,0,0,0,1,1.1557452,0.99868654,1.079125121,1.006001643,0.850036792,0.939173875,0.985313433,0.885586223,0.83372093,0.896150675,0.572433229,0.888036645,0.599438707,0.703013855,0.643159379,0.951248733,0.773970363,0.699905604,1.060354307,1.149951848,0.788938008,1.147058824,0.94674272,1.017061317,0.104,506,1.06505639,2.65205392,172.924052,1293.81691,1.05153328,0.50208615,0.41874529,0.96893,0.27552459,0.18060295,1.2002301,0.76759271,0.80239187,0.80848755,0.27143661,0.66357561,1.01562974,0.49903245,0.18060295,0.07927,0.11340937,0.50067367,0.36143141,0.35925874,0.98927783,0.59923725,0.52166341,1.00924402,0.99670276,0.59306419,0.07406159,0.17543476,0.97067311,0.33420707,0.053076725,0.02970794,1.09797278,1.23240393,0.91591841,1.3187904,1.01534947,,2.03799682,0.42652052,1.10557218,0.8146234,1.16192715,0
Trihexyphenidyl hydrochloride,S4542,478,1,0,0,0,1,1.165295134,0.999143396,1.130588614,0.967717481,0.645768948,1.057958277,0.886686567,0.851076736,1.036918605,0.899674522,0.643674263,0.927221935,0.520203809,0.640794172,0.649533823,1.05612386,0.782750308,1.101862181,1.171777642,0.807437588,1.002672972,1.107171636,0.982767938,1.078688864,0.097,487,0,5.76827402,302.400784,3807.53926,0.9231372,0.52440882,0.39061081,0.52136,0.61587299,3.07511294,1.28749683,0.60248921,0.54019268,0.67654953,0.88350154,0.70767053,0.77030234,0.83069294,3.07511294,2.21868,4.32495295,1.65392104,0.60856925,14.381172,1.2080338,0.94222567,1.50806295,1.00275554,0.40514435,0.6681965,0.87497816,1.80577075,1.07817501,0.94768357,0.22349777,0.790780623,0.68678766,0.74536358,0.60406048,1.09387201,0.98627058,,0.05690189,0.61295948,1.90331139,1.63555377,2.1055318,0.97758346
Amodiaquine dihydrochloride dihydrate,S4589,479,1,0,0,0,1,1.597480443,1.304094569,1.537150209,1.242529534,1.374834437,0.980248855,0.84441791,0.842921174,0.891715116,1.244282429,1.230936849,1.217193084,0.59442522,0.865676332,0.738776034,1.207814948,0.928691606,1.116622329,1.031032376,0.708319135,0.982317261,1.182111201,1.021675173,1.084479371,0.102,476,0.03307484,2.31553159,474.868811,1900.71902,0.11237881,0.84835408,1.06378581,1.213,29.2577265,1.24428808,1.60494286,1.17730018,0.72679506,1.10532397,5.79566082,0.87805328,0.94605509,1.57315817,1.24428808,3.70313,2.54324924,1.30742244,1.73740111,1.32259159,1.30954639,1.47582881,4.86245951,1.08211004,0.59102814,0.55883369,0.66182661,48253.9134,1.08460095,0.96884878,0.426107178,0.969120747,0.9409966,1.67177899,3.18339566,1.20120371,1.17821358,,0.61421918,0.39047794,8.36816183,1.49836457,2.20077076,1.40512975
Loxapine Succinate,S4086,480,1,0,0,0,1,0.967591182,0.9212495,1.056931489,1.031777118,0.719352465,1.120680883,0.813850746,0.841033937,0.869476744,0.886308206,0.888158261,0.928691384,0.585052178,0.784430796,0.631069917,1.204681596,1.042669049,1.537458165,0.942700061,0.753566931,0.840752544,1.167002417,1.029600721,0.997208148,0.093,652,0,4.02897609,229.339132,1729.00879,0.5254136,1.08062383,0.99598098,0.86245,1.79570001,1.61735045,0.69150307,0.49398808,0.92146951,0.32664664,0.11771391,0.33765299,0.24217983,0.53478707,1.61735045,1.69616,2.06176749,1.21713244,0.21483787,0.77297986,2.41376744,0.30845365,0.3056212,0.69946943,0.08095574,1.16798369,0.01461564,0.01070748,0.46173647,0.05106996,0.004421472,0.084947344,0.66304622,0.37504406,0.19653875,0.62376051,0.25158678,,0.36897352,2.6946771,1.01512458,1.74728912,1.20452153,0.40289541
AI-10-49,S7814,481,1,0,0,0,1,0.837510927,1.006493617,0.980794028,1.262077041,1.14847628,1.155510071,0.741889736,0.696074806,0.957467055,0.792703705,0.598388774,0.658463192,0.585400328,0.661675037,0.756373938,0.921524765,0.607633819,1.133058114,0.947259327,0.440340618,0.942470838,1.032961191,0.916004048,0.975402433,0.112,474,1.39199889,7.5620773,264.137147,3174.62845,0.14957506,0.69183727,1.24018249,0.77003,0.05499649,1.21416599,1.92267923,0.60745389,0.94920166,0.28334067,0.01563603,0.36340487,0.47226346,0.56601521,1.21416599,0.82904,2.72766761,1.86122561,2.38070212,10.5573084,1.56560155,0.38938687,0,0.73570425,0.46589199,0.49565092,0.1400399,0.428885,1.34897195,0.79995029,658.3786121,1.347629415,0.56917414,0.3527126,0.17971596,1.35116143,0.4679675,0,1.42951392,1.47561392,0.61373316,1.12240718,2.63494291,0
VE-821,S8007,482,0,0,0,0,0,0.83712946,0.874858005,0.977536478,1.068964482,0.562111216,1.214681118,0.558766176,0.225949601,1.041898555,0.434901762,0.257060608,0.734791457,0.410604737,0.328241172,0.725281559,0.705511433,0.202696297,0.878374087,0.802855827,0.250497589,0.877518558,0.878256247,0.695099031,0.812835361,0.107,155,1.29247916,1.40379658,574.811648,3838.9138,0.13947131,0.26135261,1.6977093,2.00549,1.68893417,1.95034281,1.09984165,0.1730113,1.06618143,1.37291547,1.21118925,0.98671896,1.38994446,0.54349889,1.95034281,2.62536,10.4432563,1.74685151,0.66601737,9.08190137,1.55578671,1.02949054,1.41087505,1.02308688,1.29124048,0,1.86247349,3.10097104,1.23138113,0.90642514,467.7788111,0.230248982,2.34435875,2.14140452,0.98858742,0.54877803,1.35214836,0,3.01708375,0.14829067,0.35994539,2.14226869,2.43359964,0
GSK1324726A (I-BET726),S7620,483,1,0,0,0,1,1.242247477,0.904562486,1.157516118,1.249106794,0.853408734,1.737730846,0.963127105,0.609593745,1.882407221,0.914232011,0.660871533,1.286676472,0.531336193,0.597474463,0.982104609,1.550107346,1.007489713,2.516354398,1.166973745,0.320837181,1.085896076,1.174906964,0.82926124,1.041385539,0.095,512,1.15470899,2.03139897,198.399218,5518.75146,1.53416383,0.43763425,25.1717005,0.00266,0.0915563,91.1051551,18.6411489,0.13484209,5.50227804,0.00017053,0.00521976,0.94825371,4.98964673,0.25076416,91.1051551,0,0.21050949,4.77760762,25.5153422,0.5904027,105.602918,0.00202008,0.02082639,2.30123217,7.4810339,0.42341395,2203.69996,0.00076168,1.02834877,0,1122.549952,0.00667038,36.0741047,0.00280979,0.09092938,0.67040716,9.49085394,0,4.61876613,0.86442889,1.13350212,5.36679764,2.03699349,1.09041658
"Ulixertinib (BVD-523, VRT752271)",S7854,484,1,0,0,0,1,1.344671382,0.711686814,0.805157788,1.754225838,0.723468426,0.755268177,1.430597412,0.41634529,0.690677355,1.410971897,0.503822949,0.87548872,1.088703266,0.355935537,0.556139017,1.670995541,0.364663721,0.632581772,1.831989866,0.214548066,0.676299046,1.892610314,0.607777938,0.673218934,0.105,443,1.74824434,2.29901615,207.578301,2016.19607,1.6735077,0.18441494,0.45277669,0.92455,0.33277051,11.2644886,0.20193383,0.14449588,0.18715663,0.01268208,0.18051527,0.33487309,0.07788216,0.04042659,11.2644886,0.54879,0.63146201,1.43559896,0.78211732,0.35986838,0.24173043,0.3341909,0.45704053,0.82113088,0.06086714,0,0.0203147,0.04889547,1.29255449,0.59915289,0.016355953,0.167772593,0.14373437,0.17605563,0.80568861,0.60755821,0.08513672,0,0.19452804,0.30558505,0.72378319,0.82512247,1.35874871,0
"Voxtalisib (XL765, SAR245409)",S7646,485,1,0,0,0,1,1.107398871,1.177599566,1.226196132,1.098147537,0.794596293,1.239242685,0.65378479,0.43626182,1.106260273,1.345403137,0.494514899,0.850514956,0.472678373,0.527058392,0.860429766,1.157535995,0.57278295,1.595744681,1.0173883,0.346937519,1.206256628,1.101541733,0.841405233,1.016203581,0.147,3141,0,9.67649269,171.552976,670.776203,0,0.47794514,0,3.13995,0.40462754,3.02864126,0.21958825,0.23151085,0.66328225,0.53931036,0.08150853,0.31405368,0.54908645,0.206013,3.02864126,5.64717,0.25565096,0.61690712,1.10233167,0.28524484,0.56199483,0.9348583,0.08577827,0.56570057,0.26078138,0.44872823,0.10075079,0.08695055,0.75890452,0.7608772,0.018811712,0.188063572,0.27054628,0.93464075,0.54385306,0.67849671,0.29771393,0,0.28644839,2.18498078,0.14680386,0.53752516,0.32433412,0.94638977
Spautin-1,S7888,486,1,0,0,0,1,1.751887467,1.405876469,1.208279606,1.776563485,1.827332705,1.114201982,1.395319979,0.913888742,0.994146313,0.897387623,0.705035259,1.029552223,0.978808194,0.76545023,0.867270089,1.14528503,0.460456209,1.020323912,1.831989866,0.673602134,1.520678685,1.166400851,0.840248663,0.979865059,0.118,316,0.33162579,6.5591281,263.453534,1679.2027,1.40352381,0.33792517,0.12596353,3.60089,0.25262277,0.91672948,1.879285,0.38013926,0.37800004,0.73365317,0.06459749,0.43440679,0.43781841,0.22972397,0.91672948,3.51904,1.84218761,1.57191023,2.2180372,1.68009293,0.69244741,1.25543727,0.65807994,0.80386982,0.58492822,0.27524722,0.16073245,30719.0664,1.17097166,0.52487205,1.263059191,0.12797001,0.57316568,1.69768682,0.32053657,0.74608252,0.48854863,0,0.10300927,1.14964899,0.75940409,1.00834262,1.68762405,0.05595371
PND-1186 (VS-4718),S7653,487,1,0,1,0,0,1.024048319,1.219511368,1.060604004,1.030414027,1.240087967,1.065637066,0.705371388,0.905700248,0.955390871,0.88710011,1.002100677,1.075630577,0.682221066,1.021387079,0.991017757,0.970528623,0.814198221,1.227691331,1.212229387,0.611962655,1.384676564,1.108452951,1.945930317,1.061148595,0.105,266,0.04222802,2.02356505,392.36474,832.987849,1.90274032,0.42638369,0.25015278,0.46091,0.10940034,0.65549695,0.06710853,0.10425193,0.21249701,0.01602521,0.02292532,0.21012292,0.14963682,0.13149001,0.65549695,0.58082,0.07663442,0.31594177,0.44793801,0,0.1344944,0.16833748,0.16444833,0.26529876,0.11994961,1.07802299,0.01404294,0.01761288,0.56652138,0.23081543,0.018743399,0,0.22858596,0.10253194,0.03737712,0.45423237,0.16818537,0,1.04022159,0.67167144,0,0.55130827,0.85494651,2.35759205
SU5402,S7667,488,0,0,0,0,0,1.790224907,1.240263814,1.126840855,1.930044735,1.081244109,1.037167977,1.371388052,0.753235776,1.211453617,1.474053567,0.710877545,0.945485608,1.254664848,0.828077261,0.984177434,1.631900551,0.461366351,0.930136551,2.56229848,0.441982148,1.381760339,1.979266348,1.154257626,1.060192318,0.11,5518,1.12223451,1.40215555,334.408992,952.289136,4.82813965,0.56762624,0.17091526,0.33142,0.08652462,0.21689433,0.15455787,0.29524567,0.36966395,0.54351936,0.55162236,0.89546602,0.62465324,0.4530574,0.21689433,0.3436,0.1961197,0.60946636,1.49172019,0.0098309,0.5304438,0.88759086,0.2999975,0.78754676,0.75753308,0,0.10684778,30714.9833,1.15964657,0.99720891,1122.549952,0.541325185,0.22677463,0.44762794,0.64021481,0.90489302,0.36733559,0,0.53875791,0.80421821,0.22684384,0.58382677,1.42423274,0.08277895
SH5-07 (SH-5-07),S7923,489,1,0,0,0,1,1.316633553,0.863667961,1.004954191,1.271084156,1.116305372,0.76978183,0.904626839,0.626868826,0.704518585,1.502429013,0.835843065,0.971866345,0.816262429,0.515492847,0.670144407,2.957707148,0.91408635,1.095268339,1.388415477,0.356048015,1.030222694,1.03030303,0.759288709,0.803272592,0.104,416,0,1.95204769,307.395205,1834.1639,0,0.86790449,1.44853669,0.84843,0.28105051,7.01344648,1.15443725,0.40286498,0.6444304,0.16491129,0.08148083,0.49433824,0.50676109,0.36268565,7.01344648,0.07042,4.77256849,1.28314658,0.99629842,0.9575303,0.32628228,0.05621465,0.2568905,0.73377055,0.42281589,0.10674599,0.1109527,0.0568559,1.18312318,0.5332146,0.089353076,0.157310439,0.73330841,0.17531461,0.60759372,1.93182713,0.42519618,0,0.50187186,0.80267987,0.33823392,1.20372852,0.85557573,0.58926597
PF-4989216,S7675,490,1,1,0,0,0,1.3624096,1.170682084,1.24872752,1.90626595,1.338737041,1.267153556,1.540684276,0.77505415,1.174774359,1.733728469,0.811780766,1.305318859,1.631464777,0.803215274,1.179023008,1.174471152,0.536035951,0.7303906,1.42192538,0.638637529,0.985153765,1.699096225,1.027034842,1.022897519,0.121,159,2.59028071,32.8920622,736.612057,1417.72621,0.02742125,0.85083763,1.64158832,6.90895,9.20247537,2.40023056,0.46892745,0.48133162,1.23942494,2.81317641,2.68240895,0.45165771,0.48721237,0.40705411,2.40023056,4.58815,1.41864724,0.48025467,0.23849142,0,1.93220462,5.77578381,2.34992433,0.71418529,0.61225185,0.13932034,0.04892291,30713.7768,1.13740273,0.9752791,0.057856914,0.936176943,1.78922619,6.56457001,3.75867953,1.43869235,0.52846667,0,0.94401759,5.39691203,0.61995735,0.76925896,0.31659566,0.95592925
KD025 (SLx-2119),S7936,491,0,0,0,0,0,2.197440992,2.500873163,1.11109603,2.686282163,2.131196984,1.121458808,0.913845063,0.72365154,0.960235301,1.433355715,0.712857982,1.071057916,3.323825322,1.162691284,1.216748428,1.394628192,0.303570413,1.181644967,1.710041456,0.351615882,1.309915164,1.593833068,1.383836924,0.947989162,0.117,844,1.38337973,2.75422118,466.918843,1633.66592,1.4927989,0.7803471,2.29357152,1.31025,1.8974116,1.39847376,1.60407896,0.57584231,0.5931285,0.49070268,0.56281401,0.49340928,0.52905556,0.44030202,1.39847376,0.11881,3.98762425,1.15763584,2.88636053,2.39380906,1.58208434,0.4903679,0.80778623,0.82465423,0.53759415,0,0.16025867,0.19472383,1.16162459,0.80940442,0.154522634,1.342989103,0.40734647,0.98939656,1.03684859,0.2535118,0.50285538,0,0.71061962,1.20889325,0,1.04738795,0.799371,4.819119
PX-12,S7947,492,1,1,0,0,0,1.235762537,1.004459063,0.96694944,2.0456961,1.069682689,1.326882821,1.202800922,0.63553278,1.173390236,1.493271997,0.827327189,1.4702864,0.909196203,0.747669189,0.721343191,1.701983275,0.606571987,1.208320102,1.706586826,0.439848158,1.606044539,1.57682084,0.924100043,0.963608351,0.104,384,15.3576626,5.00669127,489.772732,10392.4163,0.34697762,1.07854477,3.53180129,1.47155,0.65626231,24.1112124,0.94054678,0.55957773,5.83043,0.36886047,0.15561586,0.52774924,0.58944156,0.24870517,24.1112124,0.23329,11.4104665,3.26532049,2.15251126,8.72256386,11.2598055,0.42787688,0.54688421,0.87391008,0.48453712,0.4851402,0.22323401,0.07856592,1.11007877,0.55098147,0.057622017,0,29.2725104,0.63065744,0.66216759,0.9172596,1.10646557,0,4.66839611,1.32789456,1.73500078,6.81582624,1.30004247,3.24564423
Verdinexor (KPT-335),S7707,493,1,0,0,0,1,1.056854486,1.647377969,1.112453342,1.130573153,1.094439208,1.190677769,0.712639603,0.815890961,0.982035237,0.968721912,0.496990444,0.912773495,0.409544656,0.584020666,0.821460651,0.996652004,0.327575419,1.352810416,1.090280977,0.474074074,1.367709438,1.102073365,0.975567443,1.091111938,0.095,597,9.61644923,3.05797431,259.459018,1270.79483,0.58417709,0.59395941,0.17296978,0.22975,0.04838106,0.43729552,1.12899127,0.34324457,0.53138323,0.34199891,0.00890748,0.59986836,1.99327847,0.65589847,0.43729552,0,0.12353477,0.64083929,0.3345167,0.01082844,2.21884038,1.48046277,0.07566934,0.99026951,2.01657128,0.20765703,0.04347566,0.43186345,1.14304613,0.36023019,1122.549952,38.41171209,0.79224229,0.79098092,0.27642801,1.44601668,3.15216043,1.77695474,0.54264539,0.47216185,0.63580267,0.80597484,2.4407013,4.53173683
VPS34-IN1,S7980,494,1,0,0,0,1,1.250830486,1.234567064,1.196335256,1.427087399,1.388501414,1.072893892,1.156709803,0.945374822,1.141555408,1.690091328,0.928032366,1.704547343,0.841115441,0.727685186,0.992676017,1.24221178,0.814501602,1.463956812,1.295485951,1.405888991,1.166489926,1.25943647,1.202255313,1.091749455,0.099,455,3.23491524,4.53479428,1279.88781,8993.65204,1.1698998,0.69369005,1.44775508,1.02373,0.95081444,5.27831702,1.59319396,2.90323067,0.38351492,0.27104015,0.00710326,0.45472716,0.21377595,0.11333839,5.27831702,1.39965,5.78574456,2.12341013,3.65691676,6.27613566,2.25160548,3.78444147,0.08659513,0.83028344,0.34990636,0.37152154,0.0052732,0.00134532,0.38857854,0.02172225,0.003743673,0.018976039,3.18336672,2.6354276,0.09346915,0.72213313,0.85188825,0,1.75612187,0.97071459,3.32529642,4.29109769,1.5734426,0
"Nirogacestat (PF-03084014, PF-3084014)",S8018,495,1,0,1,1,0,1.392354764,1.386344755,1.637461826,1.663794398,1.634307257,1.947620598,1.144300656,1.018754292,1.555754203,1.095789648,1.08943791,1.78544827,2.026050511,1.130984383,1.735783873,1.331932079,1.053186446,1.851381391,1.379433441,0.926562019,1.826086957,1.356725146,1.627873356,1.494342028,0.113,472,4.49924859,3.22531066,424.023971,2146.54016,5.21109899,0.40519408,0.78296697,1.32006,0.33554627,0.41364033,1.12266183,0.36228908,0.52213149,1.01507622,0.93703209,0.91158978,1.05338831,0.32117502,0.41364033,0.15778,2.06211809,1.21273414,0.54261399,1.29056464,1.51850341,0.62992222,1.06043062,0.95600447,1.06079274,1.42470073,0.39077807,0.62215437,1.19762653,0.72775078,0.446049637,0.500695734,3.12788802,2.71584122,1.07057946,1.44739656,1.38925334,0,0.50504263,0.27367765,0.07660321,1.26701277,1.43709612,1.6926568
BP-1-102,S7769,496,0,0,0,0,0,1.731860447,1.308624811,1.26175772,1.86339208,1.465284323,1.396101782,1.365538025,0.825136035,1.486548055,1.225570574,0.805641414,2.141412345,0.787169093,0.578749295,1.035998065,1.367063522,0.448548512,1.778342331,1.833371718,0.491556376,1.615323436,1.547581074,1.149053058,1.013972268,0.101,567,0,3.20329903,406.561214,3487.59089,0,0.33401302,0.40709346,0.3183,0.51819165,1.77322297,1.016949,0.84245596,0.88456025,0.43659184,0.48729008,0.7324947,0.73508041,0.29311774,1.77322297,0.15529,8.34369142,1.64910899,1.11817121,5.15544174,1.07190611,0.68213605,1.07035033,0.98070297,1.09839872,0.05307009,0.68674121,1.73738547,1.0208173,0.8769081,0.666312097,0.221492603,1.57683784,0.98279039,0.93178818,0.90028659,1.06349606,0,0.07937887,0.70140938,0.68068088,0.93891182,1.61690362,0.03696394
Purvalanol A,S7793,497,0,0,0,0,0,1.220313121,1.102727997,1.335866983,1.165881046,1.18316054,1.151602549,0.685694026,0.746156691,1.08619049,0.967704466,0.52689503,1.106583975,0.514610469,0.726819737,0.840116078,1.137177774,0.72155331,1.389647507,1.291685859,0.519298246,1.588016967,1.556087188,1.442822033,1.227222016,0.11,515,0,2.92409254,66.6254438,3492.39834,0,0.44038982,0.41320549,0.00356,0.03526185,1.80696629,0.14553632,3.37236148,0.05442543,0.00079454,0.00256081,0.06264782,0.05284141,0.16510135,1.80696629,0,0.08147264,0.66540727,0.84782262,0.03191385,0.56580407,0,0,0.15725683,0.06952674,0.08574448,0.01468109,0.00394574,0.57033979,0.02270014,0.022823871,0,0.29809167,0.0487135,0.06339045,0.84025025,0.11876822,0,0.25802761,0.44021048,0.609773,1.08617053,0.42255087,0
"Brilanestrant (GDC-0810, ARN-810)",S7855,498,1,0,1,0,0,10.32307081,3.114494498,1.780794028,8.58089891,3.162551052,0.879192445,4.630739231,1.776850335,0.951930563,6.187769153,1.02804439,1.390440703,4.341385369,1.428305425,0.778345885,6.081162641,0.811657407,1.210860591,4.884845693,2.511788243,1.020148462,2.532695375,2.18476218,1.075173989,0.113,63,0,2.18891884,378.18289,1861.46797,2.04393253,0.30773218,0.49306181,0.52785,1.21234562,10.8214435,0.70766905,0.98483092,0.45856513,1.13250299,1.66301235,0.66161841,1.26931053,0.25744652,10.8214435,0.29946,3.26170685,1.16834898,0.78895887,1.2394128,0.61077923,0.33679152,2.07923888,0.85243727,0.99670276,0.59306419,0.23561568,30714.1537,1.39112981,0.94643682,1122.549952,0.828811006,0.7670039,1.3193606,1.11066152,0.55978499,0.89189438,0,0.37907117,1.42166242,0.67664046,1.01922628,1.00897542,0
Picropodophyllin (PPP),S7668,499,0,0,0,0,0,2.544385282,2.215018396,1.561723787,6.730837362,1.860006283,2.180955482,3.66583939,1.46457816,1.736036218,3.320040275,1.214799516,1.222659217,5.381913839,1.324451555,2.536101707,3.969132373,0.765278067,1.705620832,2.276946108,1.147101672,1.865588547,2.425837321,2.142547347,1.339425171,0.107,346,39.4030199,7.71566561,192.88139,20539.0272,0.82425678,0.28839869,14.4800387,2.15074,0.15675507,77.68194,3.12084045,0.42508514,5.36092847,0.52035159,0.0229422,0.51443359,0.33292258,0.14748468,77.68194,0.29756,10.8196576,5.48419581,4.01021504,5.72136428,13.8113745,0.25293619,0.08680613,0.71738637,0.40514435,0.6681965,0.18965234,0.00746569,0.90516009,0.03149817,0.025757493,0,8.5904956,0.5867775,0.1803925,1.67181044,0.46650209,0,24.3678875,1.93815523,3.17895723,29.7215411,3.50810176,3.49910515
MRT67307 HCl,S7948,500,1,0,0,0,1,1.300611937,0.969668198,1.458296573,1.144624253,0.85202639,1.549611574,0.692075873,0.407998309,1.358862712,1.746050874,0.816038703,1.606762745,0.675389433,0.668992014,1.315207628,1.187082439,0.454161057,2.499206097,1.291340396,0.312054991,1.419936373,1.316852738,0.906173196,0.956914413,0.1,564,9.63310963,4.9731711,168.994492,4338.48265,0.87129674,0.44529375,18.5897104,3.12581,0.06618911,22.7923528,2.33555734,0.40705286,7.76027197,0.59195422,0,0.3176143,0.54562186,0.25179121,22.7923528,3.30236,0.09083398,1.86573464,3.79250389,0.28354847,13.6866511,0.36201224,0,0.64719816,0.59102814,0.55883369,0.19704747,0.04226231,0.87516968,0.01140439,0.067320622,0.231286627,16.4131799,0.76206947,0.08582635,0.75257197,0.74294427,0,2.7753213,0.83408296,1.03613504,1.62677561,3.60507496,0.674268
VX-11e ,S7709,501,1,1,0,0,0,1.609600254,1.273630491,1.070105192,1.967154052,1.466163996,0.961808624,2.304201383,1.176290348,1.167161683,0.915136408,0.53620308,0.876895693,2.322990999,1.14498892,1.227112554,1.624874262,0.896035192,1.074944427,2.33636573,0.911542013,1.235153765,1.636895268,1.124186786,0.947989162,0.095,466,0,3.00185342,329.799554,1026.95937,1.38785511,0.65117773,0.16150562,0.09576,0.13714405,0.20734147,0.31336878,0.29367542,0.34262832,0.02109722,0.21120896,0.35647067,0.07159678,0.5881053,0.20734147,0.03746,0.56921804,1.04839064,0,1.23983212,0.87644695,0.18995045,0.77964695,0.78377786,0.08095574,1.16798369,0.01594034,0.036522,1.43291015,0.83173717,0.032266206,0.96881606,0.15731672,0.17663045,0.62210328,1.92609039,0.11145958,0,0.9339417,0.76170514,0.91691579,0.7617546,1.93422667,0
Gilteritinib (ASP2215),S7754,502,1,0,0,0,1,1.232901534,1.320018311,1.160773668,1.219203171,1.058875275,1.062845979,1.230987414,0.860055999,1.334640561,1.082449797,0.58719931,0.847349267,0.556424778,0.574343373,0.787466317,0.999714745,0.712413963,1.211495713,0.927222478,0.355637632,0.927889714,0.972886762,0.82174353,0.993571694,0.125,326,0,0.8352626,180.426396,484.474144,0.18260395,0.0628734,0.15628178,0.04022,0.02925248,0.51804165,0.0086143,0.26595146,1.23398522,0.06184575,0.03763406,0.28088058,0.2006159,0,0.51804165,0.10373,0.1695983,0.2574408,1.65219266,0,0,0.20700144,0.18180481,0.22379615,0.00140222,0,48.75486,0.37021093,1.10703043,0.76022765,0.07292836,0.185162656,0.35999375,0.24318403,0.1599497,1.23960163,0.3172619,0,0.14203269,0,0.64647318,0.42155855,0.28135276,0
Dasatinib Monohydrate,S7782,503,1,0,0,0,1,5.008662481,1.167223343,1.354597896,4.785300387,1.027332705,1.023212541,4.645098387,0.669818797,1.384815018,2.271618404,0.725037664,1.265923625,2.134767715,0.463644589,0.850065639,3.834191601,0.251047612,1.241028898,4.401888531,0.42014979,1.235683987,1.693248272,0.751192714,0.940338947,0.104,698,4.23516379,2.03079192,90.9847115,5557.05832,0.86166966,0.06949399,3.75752841,0.1965,0.00070407,4.51824673,0.09169959,0.04970845,1.30072206,0.01481302,0.00400737,0.26049664,0.03403389,0,4.51824673,0.16644,0.19564181,1.43504752,0.99897356,0,2.76182929,0.09693888,0.07182292,0.65429057,0.14509517,0,0.05457335,0.00444711,0.69457359,0,0.0017356,0,0.5530134,0.05049924,0.05611701,0.90065836,0.09383421,0,1.87215969,0,1.67802418,1.89927589,1.04945741,0
BV-6,S7597,504,0,0,0,0,0,1.484288326,1.283396348,1.183033593,1.398985198,1.647125353,1.139879983,0.744726112,0.96117069,1.023212895,2.394277206,0.63383858,1.159345449,0.8272166,0.869382778,0.800732398,1.407239479,0.508352453,1.145760559,1.218102257,0.920077973,1.685577943,1.583732057,3.019227989,0.971896085,0.103,255,0.70576636,0.57942233,237.01098,1920.3001,1.67512385,0.00336267,5.22097276,0.05201,0.01866004,0.47579908,1.3600624,0.11962535,4.66566934,0.10591169,0.01096909,0.28893469,0.45851637,0,0.47579908,0,1.66898681,1.31040144,1.434327,25.3230638,1.89392422,0.12321642,0.01488823,0.61683586,0.58895395,0,0.18261337,0.01002077,0.55097452,0.03960088,0.135601988,0,17.7826686,0.45327192,0.13754494,1.5638582,0.50765228,0,0.41688213,0,0.66292451,0.9413831,0.81501464,0
MI-773 (SAR405838),S7649,505,0,0,0,0,0,0.953095446,0.785948017,0.97455039,1.104992944,0.296701225,1.171140159,0.743662471,0.158856781,1.318031085,0.789425267,0.330732832,0.974328547,0.322618008,0.182767076,0.691494507,1.318239825,0.138607103,1.13750397,1.32139567,0.240894634,1.272269353,1.409356725,1.147896487,0.958826967,0.101,572,4.46134622,0,249.814404,6584.6423,4.43679701,0.08258214,0.32593915,0,0.00326163,7.00298086,5.39011421,0.42648134,0.10173215,0.00017814,0.00751967,0.23947999,1.47833024,0.00124922,7.00298086,0,0.16146067,1.58629203,9.00544054,39.6592186,1.4187334,0,0.00543182,0.5652913,2.8255846,0,0.00633474,0.00020638,0.44473508,0.01011676,0.89573084,0,0.84136961,0,0.02269946,0.53831896,1.91273921,0,0.56092466,0,0,2.32133582,1.45761627,0
CC-115,S7891,506,1,0,1,0,0,1.613987125,0.797951883,1.111638955,1.745579007,0.464216148,1.032702238,1.209005495,0.329652914,0.869229217,1.090250218,0.222303955,1.045380665,0.816380216,0.251924313,0.69667657,2.273995226,0.264092986,1.082248333,1.245048365,0.243028624,0.914369035,1.230728336,0.943761746,0.918982096,1.14,9858,1.1531684,9.67704416,53.4923692,798.188274,0.36885246,0,0,1.32336,0.12897842,0.07373144,0.3817063,0,0.36710052,0.19166293,0.07969759,0.26384122,0.57551428,0,0.07373144,7.8027,0.18201752,0.48409089,0.07861425,0,0.21079519,0.93594521,0.12134535,0.40469288,0.35576806,0,0.01086021,0.0211287,0.49687795,0.51345537,0.010509451,0,0.05690556,0.58340213,0.40820404,0.20696149,0.34521742,0,0.43573981,3.2577955,1.10002659,0.61903746,1.2707085,0
NPS-1034,S7669,507,1,0,0,0,1,1.209250576,0.963971448,1.287546658,1.692256883,1.272635878,1.194585291,1.021450098,0.581858524,1.08134606,1.091606814,0.364103181,0.982770383,0.761491573,0.511558988,0.829130104,1.19879292,0.612980906,1.020641473,1.141754952,0.351123423,1.282608696,1.049441786,0.804973254,1.02257876,0.111,133,1.16692437,2.0502476,77.9868404,1430.19,0.40197267,0.00361714,0.33572043,1.53529,0.08305353,1.11227009,0.4197354,0.0429549,0.3293495,0.49772471,0.33370681,0.46352702,0.26896786,0.02117688,1.11227009,1.62964,0.27417305,0.74568758,0.19699544,1.30136589,0.81171565,0.76613076,0.40762317,0.67014576,0.45003025,0,2462.77441,0.26704826,1.30616203,0.77013539,0.057009102,0,0.76962306,1.73914753,0.54001424,0.59328465,0.45428233,0,0.57080932,0,0.55635026,0.6399993,0.82780337,0
GSK2292767,S7938,508,1,0,0,0,1,1.797472781,1.17393737,1.032371904,1.457351308,0.93509268,0.979113365,2.622230101,1.278831423,0.860924479,1.909181428,0.733256474,0.978549465,0.950068218,0.798730675,0.762799696,1.727746333,1.128614498,0.656398857,1.90108245,0.615984405,1.136267232,1.397129187,1.231169582,0.916113266,0.099,566,0,84.2691914,3245.88408,9507.46482,0,0,12.3296748,33.7897,38733.3134,4.48819902,1.71379364,0.23430585,1.18617185,13.6346745,4.05163931,1.07725245,0.67363045,0.22852113,4.48819902,21.3537,13.9834717,4.52465269,3.79185695,138.389469,4.59429956,53.2567512,3.99670545,1.04849492,1.03341929,0,0.27170143,0.32349741,1.1028028,0.85115015,0.176075613,1.746877349,7.34406199,121.047134,429.470071,0.82169295,0.94051205,0,0.53292487,10.0893476,7.5454543,5.95848521,0.87127773,0
ML141,S7686,509,1,1,1,1,0,24.96473019,1.184720503,2.429046488,38.85237337,1.776562991,5.028422571,24.07675944,0.93866554,5.433028634,18.78601514,0.82901056,2.686965983,15.52877433,0.940113557,1.860360672,20.41334995,0.949999052,3.036201969,46.86169968,0.777182723,2.042948038,37.69484317,0.86569322,1.53992456,0.1,398,0,2.54309774,326.529936,2175.07333,0,0,0.87871887,0.93513,0.72052767,0.84343684,1.19835664,0.23572925,0.5144681,0.43617978,1.89411228,0.95753934,0.83521928,0,0.84343684,0.37145,0.7321523,0.8789459,0,0.12278128,0.71251861,0.51326233,1.54031493,0.91384793,0.94533526,0,0.33712807,0.34510231,1.11358124,0.85552812,0.641081226,0,0.39280019,0.94355804,1.31625278,1.18231017,1.22268972,0,2.15783598,0,0.76432672,0.63355986,0.81282926,0
LY2409881,S7697,510,1,0,0,0,1,1.254645156,1.111680033,1.258228707,1.074368751,0.564624568,1.022096106,0.688175855,0.324264356,1.016638311,23.5906226,0.666614798,2.997906935,0.366081332,0.276078205,0.75160644,0.882970258,0.196628681,1.253096221,1.127936435,0.439766082,1.301961824,1.097820308,0.85933208,1.059236041,0.117,68,0,0.95620278,330.004954,809.10497,1.30341202,0.03953384,0.08381373,0,0.0123456,0,0,0,0,0.0001211,0.00327226,0.02280118,0.00181902,0,0,0,0.03210163,0.28056732,0.45332307,0,0.09759333,0,0.01606095,0.09093232,0.00842362,0,0.00090069,0.000089311,0.1356724,0.00407964,0.000627685,0,0,0,0.03708533,0.89650894,0.00994273,0,0.60048897,0,0,0.49576855,0.06181755,0
TRx0237 (LMTX) mesylate,S7762,511,0,0,0,0,0,1.312818883,1.3747478,1.202850356,3.566817786,0.813446434,1.302879472,0.804467293,0.827883142,1.032555725,0.830801416,0.646216306,0.972569832,0.455834863,0.674656771,0.660816693,1.292116444,0.212214869,0.999364878,1.235720866,0.29621422,1.089342524,1.361509835,1.271071274,1.177495617,0.097,370,90.9572236,192.57745,1922.94833,3225.10579,35.9770408,25.2355943,9.04530744,1.38901,3.87956805,37.5278779,9.10565838,30.4828183,0.82549916,0.15567984,0.69876715,0.62638795,1.39269366,24.7526863,37.5278779,14.429,3.6199232,1.68460368,36.7459152,42.6386065,8.3436506,1.9146621,2.24360409,0.70233538,2.38516341,102.187328,0.16817832,0.04700951,0.91405369,0.83689277,0.59907752,24.73474746,9.66807331,0.33097934,0.91933439,0.69091377,1.21520196,3178.62249,67.987502,40.357604,6.72429795,1.21049917,34.4402501,271.478526
Combretastatin A4,S7783,512,0,0,0,0,0,3.707669077,2.82518099,1.154801493,7.510133005,3.970970782,1.288924036,2.102641376,1.892915632,0.847775311,1.541318071,1.052106689,1.080554981,2.10744118,1.512490001,0.83451945,2.557388863,0.954663532,1.053985392,2.153615845,2.515235457,0.957317073,1.711323764,2.102645656,1.104818573,0.099,651,7.52575094,2.49842864,217.256926,13929.7426,0.2346718,0.06282122,7.19284383,7.87201,0.27032891,27.9437124,2.48685337,0.18402286,5.03204101,0.57074108,0.00059086,0.66845367,0.31932346,0,27.9437124,0,13.6847854,7.00432094,3.60785929,8.5348903,8.68145965,0.53415752,0.04717661,0.70971805,0.40741004,0,0.20625426,0.00985245,0.85279564,0.01911306,0.022604762,0,8.66142439,1.42142129,0.24450553,0.87813925,0.45558966,0,2.77395899,0.78913059,0.19123696,10.3524036,2.10208794,0
PU-H71,S8039,513,1,0,0,0,1,1.345052849,1.143419067,1.160773668,1.464917285,1.364875903,1.010931758,0.957277079,0.770510856,0.893105338,1.161584508,1.005764484,1.003171486,0.947712482,0.84286857,0.85255303,1.525425256,0.594285064,1.154017148,1.233648088,0.424499846,1.005302227,1.012227539,0.847766373,0.937470116,0.133,419,2.95588002,6.39159051,669.092531,1923.88045,0.66889286,0.04643979,0,0.13367,74.6721209,0.18071975,0.43399176,1.82338973,0.14091918,0.01493243,0.15707986,0.4066287,0.5486513,0,0.18071975,3.00207,2.90203608,1.67040586,0.52550905,0,0.15500129,0.63121178,0.54211043,0.75476391,0.58688471,0,0.00319303,0.00746927,0.75160851,0.62952537,0.042359107,0,0.48079383,0.05898273,0.5294048,0.78213934,0.63484901,0,0.76089821,0.10415614,0.52609867,0.53015924,2.18389358,0
Dynasore,S8047,514,1,1,1,0,0,1.971803227,1.346467506,1.210179844,2.046776954,1.246622683,1.090198632,1.359865272,0.834750911,0.99726059,1.507516245,0.902781805,1.039401032,1.154546079,0.994794194,0.860429766,1.829357275,0.81184702,0.78374087,3.492975587,0.844567559,1.450159067,5.449760766,1.506433425,1.047760718,0.102,571,3.49082696,0.49844417,351.934221,4465.48905,1.26838867,0.01163058,3.86640403,2.84508,0.63611929,1.90956941,2.73555955,0.21758173,1.36175782,0.81069459,0.72287501,1.01508672,0.74547922,0.01823636,1.90956941,0.37508,5.0113655,1.43281463,1.71831715,1.8186966,1.84414698,0.56163992,0.4702461,0.96406957,1.20919277,0,0.72346493,0.60066791,1.06385942,0.79591487,0.741458363,0,1.34977726,0.87381177,1.03179934,0.13773473,0.80315272,0,2.82601936,0,0.00161111,0.97581691,0.79658847,0
Filgotinib (GLPG0634),S7605,515,1,0,0,0,1,1.35859493,1.323680507,1.187376994,1.426006545,1.331448319,0.924408057,1.252260238,0.88044799,1.04881917,1.357499443,0.849607096,0.98347387,0.749123961,0.67914137,0.679679403,0.983500233,0.546464666,0.799936488,1.060916628,0.499107418,0.990455992,0.970228602,0.833309238,0.931413696,0.099,573,1.86911186,0.86784118,48.0467159,2132.49013,0.45887529,0.06180455,0.69014808,0.37076,0.04270395,0,1.10130631,0.38447888,0.32704316,0.2583488,0.00903987,0.58558494,0.77297258,0,0,0,0.04240427,0.88391431,0.6107037,0,0.69337711,0.60896367,0.13483902,0.78769094,0.78877439,0,0.20020164,0.06694547,1.15816388,0.01563472,0.226698228,0,0.12328995,0.54181487,0.01902625,2.08395117,0.56457359,0,0.0562507,0.06390558,1.29961664,1.64846253,1.23324291,0
Pexidartinib (PLX3397),S7818,516,1,0,0,0,1,1.172439005,1.105169461,1.208279606,1.399705768,1.311718505,1.531190399,0.830349229,0.668973533,1.285504196,0.875795152,0.757813881,1.019351672,0.528627097,0.568914648,0.830166517,0.824778176,0.292459091,0.940616069,1.145900507,0.448876577,1.502386002,1.049441786,0.930461183,1.107049886,0.113,2219,0.00194532,2.55004354,61.8085943,1933.06129,1.57209732,0.01943995,0.71020195,1.43271,1.45172995,0.14322245,0.86842604,2.37376204,1.50797877,0.35620335,0.11305675,0.41464868,0.36455417,0,0.14322245,0.49938,2.56491951,1.09710144,0.82229648,0.90469907,1.52349255,0.34133524,0.93681228,0.67673266,0.22724748,0,0.50269913,0.09334757,1.40343622,0.45206189,0.204357411,0,3.63253184,1.43903553,0.33930627,1.42390621,0.29126177,0,0.57360887,0.05090301,0.65020464,0.88642642,0.346635,0
"Peficitinib (ASP015K, JNJ-54781532)",S7650,517,1,0,0,1,0,1.893983947,1.581458436,1.384730234,2.308343591,2.228840716,1.777364283,2.043609289,1.600507158,2.156117535,1.06232697,0.796828473,1.086182872,1.069621806,1.199354847,0.983970151,1.655141352,0.506456323,1.490949508,1.388415477,0.54383913,1.243902439,1.42317916,1.086019951,1.166339053,0.102,561,0,1.87328699,103.63237,1097.2201,0.14156097,0.13962706,1.21495108,1.36419,0.03295236,1.63909509,0.10363787,0.75424269,3.08240988,0.07265125,0.00207335,0.24014597,0.12056848,0,1.63909509,3.65333,0.05152912,0.50537793,1.85303794,0,9.20844829,0.43269358,0.04211128,0.59706153,0.22156907,0,0.01639368,0.00740315,0.5441643,0.01226723,0.002364646,0,13.5300764,0.26826787,0,0.23412174,0.29179793,0,0.83282051,0.04560927,1.05164751,0.62390731,0.49077484,0
Ruboxistaurin (LY333531 HCl),S7663,518,1,0,1,0,0,1.195327029,1.093369051,1.13715643,1.419881707,1.517687716,1.071777457,0.836553803,0.888742142,0.974422561,1.452461096,1.091418346,1.175525634,0.717674889,0.694798127,0.914323223,0.911796057,0.44179829,0.906637028,1.25161216,0.739837899,0.943531283,1.189792663,1.20514674,1.05636721,0.103,308,5.78352613,6.82544418,233.149447,9291.6788,0.25998945,0.02656598,3.68194665,2.61644,1.43318351,11.0605794,1.40098251,0.14707233,1.71045218,0.43805294,1.4199,0.68858428,0.03367908,0.01189936,11.0605794,0.79851,11.3027251,2.47870226,0.76317714,78.8534494,6.73213353,2.26212788,2.37449488,0.9271862,0.03645535,0.00082738,0.03867038,0.0295971,1.00785227,0.37848382,0.004854233,0,15.696771,2.91748732,5.65175198,0.85363969,0.07170725,0,2.50575627,0.50438717,0,3.89352268,0,0
Kenpaullone,S7917,519,1,0,0,0,1,1.09328459,1.084620471,1.196878181,1.072207044,1.011749921,1.257105643,0.667080305,0.682127952,1.239482107,0.920449739,0.733751583,1.233914998,0.466906821,0.460182793,0.875768673,0.926028796,0.399969662,1.080342966,1.064025795,0.357853699,1.130169671,1.207336523,0.971519445,1.126494183,0.296,404,0,1.13941544,33.8917482,2549.92792,0,0.11522037,0.8304509,0.10752,0.0527282,0.62491955,1.19777632,0.20991062,0.52467682,0.07460831,0.06529636,0.35455076,0.69035496,0.0838565,0.62491955,0.73399,0.60219344,1.35502299,0.65030437,0.43991231,1.36359415,0.58386677,0.09504994,0.72861112,0.81414662,0,0.0967226,0.10305792,1.03296391,0.44614461,0.221930958,0,1.3828944,0.24011836,0.24365409,1.55804438,0.75421101,0,0.43887252,0,0.68880504,1.04472741,2.17060553,0
SP2509,S7680,520,1,0,0,0,1,1.410665183,1.379223818,1.084492704,1.863031795,1.992711279,1.301204819,1.081014005,1.025516403,1.116641195,0.953686317,0.655029247,1.057339933,0.721090706,0.674184708,0.816693153,0.969807978,0.642257153,0.831057479,1.330032243,1.139714784,1.157741251,1.304625199,1.201677028,1.110556234,0.108,511,8.62795921,2.01818566,360.579193,2130.57118,0.56224244,0.35277421,141.043521,3.91074,20925.0233,14.1326683,12.7573971,2.81498336,3.80800377,1.64343685,6.1953092,0.90453468,2.94521743,7.01305808,14.1326683,1.83141,11.3950172,2.17493313,3.79936518,35.9474764,10.7899003,2.29439203,4.01349716,1.21209386,1.14357096,2.29864787,4666.09994,0.39233161,1.21524942,0.83158553,1122.549952,2.460815232,17.2198268,3.30579846,2.72284738,0.46120878,1.17665986,103.594463,1.03673699,0.08479389,3.42652714,1.81822058,1.50038187,0
GSK269962A HCl,S7687,521,0,0,0,0,0,1.859842645,1.344636408,1.222938582,2.262947729,2.123782595,1.623296274,1.199432725,0.829996302,1.207301249,1.191542649,0.632848362,1.009854606,1.118149962,0.727763864,0.859393353,1.586319756,0.311875462,1.267068911,1.411216029,0.271673335,0.949363733,1.443912812,1.164088478,0.939063911,0.111,466,3.12688546,5.64588666,144.674349,1107.00257,0.52678996,0.01873395,1.12416291,0.5262,0.00409522,12.6476762,2.43616601,0.03083139,0.97503023,0.0876145,0.02116958,0.31552429,0.45189647,0.06524409,12.6476762,5.22369,11.0052895,2.10224825,2.44504698,93.8146443,0.82356102,0.44461097,0.27596136,0.53012328,0.52568452,0,0.04048049,0.02273213,0.51196803,0.16894178,0.046775714,0,1.26842168,0.24126008,0.13182086,1.06397537,0.57779483,0,1.52292123,0.26175137,0.69273492,0.81763992,1.13902459,0
Liproxstatin-1,S7699,522,1,0,0,0,1,1.41047445,1.085841203,1.169189006,1.782328039,2.224693685,1.136530679,1.062754831,0.999418881,0.979613022,1.175828756,0.731077994,1.03693883,0.828983402,1.001167045,0.867062807,1.049439248,0.738087563,0.928866307,1.067480424,0.586190623,1.053552492,1.173312068,0.961110308,0.99484673,0.097,299,1.47879661,1.13653726,223.068086,872.587469,0.73348285,0,1.64375062,1.22254,1.0346705,5.24634605,0.26308252,0.09872644,1.7996418,0.53760362,0.8565458,0.6985487,0.54631455,0.00151857,5.24634605,2.18464,9.05272239,1.7859703,2.16000303,5.94124361,2.10029545,0.6589663,1.11888204,0.76801432,0.75024644,0,0.72808224,0.30342502,1.10360677,0.70515377,0.549509904,0,2.07893987,1.08662221,1.5821501,1.73634588,0.77508723,0,0.24359268,0.05663642,1.60332038,0.53452834,0.64356698,0
FIIN-2,S7714,523,1,0,0,0,1,1.246252881,1.073023516,1.116253817,1.448344192,1.217593465,1.046657673,1.072150328,0.757356437,1.028403356,1.275764591,1.05379006,1.151255356,0.845826912,0.60534218,0.967387549,0.925488312,0.396746241,0.905049222,1.176301244,0.410382682,1.046659597,1.196703881,0.975567443,1.046166923,0.095,333,0,0.7828621,582.113665,1461.13543,0.07329177,0.00280791,0.24832434,0.25438,0.21629912,1.24980093,0.42387446,0.13074732,0.80293831,0.20464859,0.12905104,0.45581617,0.4091803,0,1.24980093,2.07571,1.26224376,1.39256051,0.42591233,0,1.52619409,0.47736173,0.28296205,0.76409072,0.57895749,0,0.11635752,0.10206161,1.18704351,0.43313391,0.021740095,0,0.82895584,0.41734338,0.38581212,0.98155405,0.54753285,0,0.65546181,0,1.23158203,0.56451645,0.20293018,0
SU6656,S7774,524,1,1,1,0,0,1.657283637,7.014733558,0.780997625,2.775272465,5.890543512,0.518025771,2.140223365,2.954778382,0.768534271,1.22127469,1.868937567,1.172359945,1.243828463,2.699492532,0.772749257,1.475880913,1.598778892,1.275007939,2.000575772,3.137457679,1.29321315,1.96225412,19.25979471,0.873080805,0.095,477,0.36402331,0.05962886,0,1330.63611,0.18581463,0,0.60648334,0.48809,0.10854397,2.6030093,0.27777901,0,2.01848651,0.1324154,0.02145424,0.73473824,0.4767922,0,2.6030093,0,1.02819567,1.0858835,0.69809961,0.6172908,0.90783846,0.06249511,0.10197352,0.6479644,0.07571171,0,0.13345904,0.18184255,1.16626502,0.81071045,0.130347168,0.024420336,1.43375898,0.26591636,0,0.97403451,0.53985326,0,0.33501553,0,0,0.94124181,0.49967918,0
GNE-317,S7798,525,1,0,0,0,1,1.145354844,0.745053492,0.958805565,1.589936049,0.892868363,0.899288273,0.811026414,0.373976438,0.81490239,1.20770874,2.022421366,1.106232232,0.678805249,0.386068895,0.695432875,2.022309967,0.552190978,1.267704033,1.185628743,0.288663178,1.064687169,1.126528442,0.929882897,0.873080805,0.097,395,0,9.69061212,173.064634,682.665052,0.3338418,0,0,1.9247,0.21187773,0,0.27091761,0.1651013,0.16178135,0.39735966,0.1740403,0.27660614,0.69764808,0,0,4.64643,0.10838158,0.2973656,0.09585766,0,0.35135393,2.35703677,0.66280234,0.46695912,0.69237627,0,0.01869904,0.15808593,0.60038914,0.77119117,0.041967531,2.151366528,0.19207832,1.91722372,1.19906286,0.97878721,0.61265778,0,0.34541879,0.27704391,0.34937689,0.47481217,0.45377578,0
AZD3264,S7851,526,1,0,0,0,1,1.160994993,1.07505807,1.119511367,1.395742637,0.629594722,1.03214402,0.92270874,0.333350943,1.157818853,0.814861424,0.365291442,0.88885496,0.4662001,0.335164763,0.927174739,0.971969913,0.190978213,1.33153382,1.302049747,0.425730994,1.253711559,1.111642743,0.928726326,0.996759284,0.15,514,3.03772424,0.52518234,136.079814,621.155756,1.85065313,0,0.10617985,0,0.01341081,0.26116448,0.01243907,0,0,0.00010631,0.00199244,0.01671278,0.0070969,0,0.26116448,0,0.01233096,0.35372312,0,0,0.04435815,0,0.01703268,0.10034534,0.01233108,0,0.0010765,0.00016047,0.13131653,0.00047924,0.001058949,0,0,0,0,1.02360547,0.00905213,0,0.25451675,0,0.57137515,0.37896657,0.15783462,0
SU9516,S7636,527,1,0,0,1,0,2.515393785,1.327546159,1.423820835,3.688954274,0.811687088,2.035260734,1.818826449,0.3513128,1.623576228,1.434147063,0.379748626,1.046084152,1.120505698,0.299996066,1.11020521,1.457504466,0.210280817,1.21911718,1.903155228,0.387647481,1.663573701,1.532163743,1.135752494,1.283961111,0.099,423,0.23469589,1.06820998,6.75937434,1486.11063,1.05248119,0.02604178,1.98737397,0.11812,0.01008063,5.09152302,0.60799286,0,0.07238282,0.00232908,0.00361193,0.19248212,0.22304655,0,5.09152302,0.2767,0.02395468,0.43806,0,0,0.08764463,0.10946263,0.05999834,0.39298882,0.36705857,0,0.00237274,0.00483087,0.55019807,0.00015579,0.043504453,0,0.10867259,0.03564796,0,2.42118474,0.39959744,0,0.09417686,0,0.73568994,0.7529617,0.63973757,0
LJH685,S7870,528,1,0,0,0,1,1.208296909,1.179837575,1.107295555,1.723601645,1.431731071,0.99530167,1.544938841,0.896138201,1.059546123,1.275312393,0.584723765,1.014427267,1.07610008,0.705891609,1.011538727,1.571726695,0.708773394,1.307081613,1.261976048,1.125023084,1.355779427,1.081871345,0.976724013,0.969346013,0.193,161,2.38173838,2.24944457,264.090423,1343.40835,0,0.0765828,0.53095504,0.82657,0.34599656,4.49258455,0.31572148,0.05294283,0.73020805,0.56570215,0.59517109,0.59439775,0.36749341,0,4.49258455,0.65658,0.42200411,1.02922138,1.01439888,0,0.59501743,0.53823117,0.41799057,0.70480149,0.34487719,0,0.09950867,0.20930828,1.24563401,0.80147335,0.032258733,0,0.47284085,0.72285075,0.5341902,0.98426312,0.20960789,0,0.55907851,0.57413122,0.42282227,0.93656953,0.7481597,0
SBI-0206965,S7885,529,1,0,0,1,0,1.494397203,1.424594361,1.302748558,1.600384304,2.082940622,1.285574731,0.854635703,0.982038143,1.184809251,1.206352144,1.083595623,1.140703061,0.74841724,1.126578461,1.012367857,1.315897728,0.640702327,1.566211496,1.548710272,0.642577203,1.676033934,1.377990431,1.276275842,1.127131701,0.103,147,2.73383866,2.01373546,0,1267.34948,0.84884753,0.00037331,0,0.94085,0.06438531,0.42689044,0.69273244,0.11325631,0.59325877,0.4331733,0.08885356,0.82362389,0.73857543,0,0.42689044,0.30334,0.04617344,0.92908486,1.42949014,0,0.53944503,0.2322594,0.117826,0.73144885,0.72793341,0,0.11670455,0.23920224,1.10734974,0.53304389,0.210246762,0,0.36409091,0.6951368,0.276621,1.27873754,1.18587577,0,1.12576392,0,0,0.58664985,0.63763133,0
SB225002,S7651,530,1,0,0,0,1,3.938265914,1.998745359,1.316321683,4.502837241,2.354131323,1.114201982,2.357560716,1.259812985,1.069234984,1.840673378,0.97486968,1.046084152,3.19378871,1.275907738,0.830788365,3.266863843,0.718405734,1.448078755,2.10801474,1.12748538,1.329268293,1.755980861,1.416220905,1.044573129,0.103,267,5.41597577,0.67596811,92.8960078,6270.26044,0.92501778,0,3.49683377,1.56841,0.25847324,3.8630477,0.76847141,0.04903851,2.33575279,0.315905,0.03688926,0.59562918,0.47958581,0,3.8630477,0,2.06432529,1.95044643,3.68684578,0.19778933,7.00932752,0.13811333,0.16219248,0.73573489,0.4244849,0,0.57510662,0.02685418,0.95664094,0.19494396,0.029652013,0,5.77911675,0.46128741,0.36641116,1.01953191,0.56181284,0,2.02148886,0.05024644,1.41609537,2.70147247,0.74898033,0
DEL-22379,S7921,531,1,0,0,0,1,2.429372964,1.481561859,1.444723448,4.300357282,1.733207666,1.333023213,1.887963127,0.659464314,1.266818536,1.897876469,0.861192647,1.027793507,1.674928101,0.654751446,1.064810336,2.635939166,0.329471549,1.7246745,2.547789037,0.866892377,1.461823966,1.967570441,1.181437039,1.070392605,0.132,732,0,3.23623382,155.68674,1467.40496,0.57982443,0,0.61436278,2.67172,0.55689996,0.69055917,0.31779848,0.19395019,1.06806115,0.28723566,0.18632787,0.32696304,0.24027627,0,0.69055917,1.27621,3.15458579,1.13135607,0,0.30698672,1.59033582,0.35676159,0.11174756,0.6290277,0.23437639,0,0.01411623,0.04329098,0.65592521,0.16362421,0.019698056,0,0.61434984,0.64619841,0.38484085,0.9179578,0.21224327,0,0.40726098,0.47577838,0,0.59204094,1.13677544,0
CP21R7 (CP21),S7954,532,1,0,1,0,0,1.28459032,1.754598939,1.294604683,1.246945087,1.586553566,1.324091734,1.090764049,0.981298537,1.817007411,1.586990104,0.875550809,1.680628809,0.686579177,0.867809234,1.228563532,0.987824103,0.506190864,1.449984122,1.18770152,0.686077768,1.571580064,1.269005848,2.414919763,1.161557669,0.101,401,0.08933238,1.0130773,244.435661,5131.61058,0.84937405,0,0.30163824,0.06858,0.14838757,8.13845229,0.90030728,0,0.14265099,0.01475753,0.01454928,0.34037852,0.54151387,0,8.13845229,0.34226,0.1073313,1.45959855,1.26867119,0,0.37275407,0.34468059,0.10483831,0.75662247,0.71980631,0,0.00585121,0.03577793,1.06988318,0.32602765,0.117155524,0,0.29216887,0.16222256,0.24949599,0.87416507,0.73933021,0,1.30260709,0.66144896,2.01165125,2.01234794,1.81143321,0
PLX7904,S7964,533,1,0,0,0,1,1.1678614,1.033349723,1.127112318,1.595340319,0.992648445,1.156068289,0.835490161,0.574937926,1.019060527,1.00501083,0.827822298,1.110101406,0.753128712,0.590157485,0.843639881,0.772711577,0.23132786,0.879009209,1.16524643,0.361218837,1.338812301,1.087719298,1.013155992,1.027041386,0.114,317,2.0075257,4.4567702,89.9525514,1126.41879,0.11892811,0.00078879,3.36512273,2.15846,0.90451907,0.55993723,0.6184308,2.43639912,1.35150747,0.35755353,0.04352362,0.3448057,0.29458757,0,0.55993723,2.35327,0.19449178,0.86553274,0.38451277,0,1.32586047,0.76223406,0.19881153,0.67590115,0.30998563,0,0.98606144,0.04060584,1.25749464,0.45047673,0.012282792,0,1.68814929,0.58724079,0.35443293,0.74777678,0.34041069,0,0.94797585,0.41130649,0.50218079,0.5310502,0.20205887,0
CEP-32496,S8015,534,1,0,0,0,1,1.000397362,0.801817534,1.017170003,0.866124238,0.675589067,1.048332325,0.593157242,0.442125839,1.337754837,0.702716234,0.40955419,0.9356368,0.372324031,0.453652588,0.789539142,1.040611347,0.290487116,1.638297872,1.084408107,0.278485688,1.141304348,1.032961191,0.893450918,0.951176752,0.106,564,0,1.81141461,250.56466,741.189236,0.7257804,0,0,0,0.04278907,0,0,0.01455723,0,0.00094807,0.13130282,0.03214976,0.00779006,0,0,0.16201,0.68381405,0.29844849,0,0.04850207,0.0955095,0.10488921,0.20017655,0.12219731,0.00541883,0,0.00324704,0.00280492,0.4174776,0.12498501,4.20823E-06,0,0.30321795,0.0207201,0.34937173,0.93387062,0.01479319,0,1.49758687,0,0.24522054,0.48567818,0.26735707,0
Emricasan,S7775,535,1,0,1,1,0,1.32292776,1.326325427,1.418663047,1.823040202,1.897957901,1.648974275,0.865981209,0.86312008,1.251247152,0.812600432,0.646216306,1.309188034,0.930280038,0.949712173,1.119325641,1.557313796,1.037031419,1.824706256,1.336596039,1.307643377,1.63388123,1.283359915,1.390776348,1.314880731,0.104,439,11.6928439,1.03461736,64.9616138,1741.50962,1.65628915,0,4.46224084,1.1339,0.99776046,1.37114004,2.21535596,0.22504965,1.39116149,0.79706496,0.86571554,0.96052476,1.12505223,0.11504097,1.37114004,0,2.98115047,1.29272952,0.35947611,1.96875265,3.43293882,0.62578426,1.12084898,1.19537289,0.9545732,0.05060156,0.36802562,0.22450931,1.28468333,0.73490639,0.653532113,0.268190382,15.4795516,1.40192298,0.77272278,1.79562286,1.10166075,0,0.81066495,0.06300797,0.01637015,1.10825525,0.94967492,0
Erlotinib,S7786,536,1,0,0,0,1,1.090805054,1.143012156,1.173260943,1.745579007,1.806471882,1.080150719,0.938663358,0.923556448,0.943279795,1.43199912,1.04666049,1.642992291,1.128632986,0.931931131,0.991846887,1.142942934,0.940518402,1.223563036,1.032588669,0.455360624,1.340668081,1.098883573,1.062888535,1.076449025,0.096,393,0.62616998,1.1994543,182.827991,2056.99041,0.27124364,0,1.94102986,0.88913,20918.2845,1.82208139,1.51378189,52.3498868,0.83899046,1.15174334,0.92485343,0.74880131,0.75259913,0,1.82208139,6.57482,8.49741165,1.94753394,1.03371893,2.7559485,1.71530825,1.29378814,1.63254622,0.89229908,0.97804022,0,0.51887121,30713.9269,1.18583745,0.8620438,0.66718779,0.171090764,1.99012069,4.2759124,3.1403751,0.6701905,1.10533565,0,0.51572723,0.50329988,0.57744252,0.81360905,0.62791682,0
Pexmetinib (ARRY-614),S7799,537,1,0,0,0,1,1.08946992,0.821349248,1.219138107,1.139219984,0.794596293,1.504395962,0.516043255,0.321147446,1.184809251,0.93910292,0.747911701,1.334513541,0.361605434,0.376312925,0.825813584,1.028180221,0.259883578,1.362019689,1.135882082,0.284559352,1.250530223,0.996810207,0.826369814,0.976996228,0.09,645,0.19060308,0.03051769,8.80771169,773.291524,0,0,0.08884767,0,0.06846328,6.9174694,0,0.03727546,0.01691121,0.00023565,0.07492704,0.07211595,0.01124607,0,6.9174694,0,0.05656164,0.25958471,0.37552072,0,0.17071564,0.02134719,0.08033741,0.13462509,0.03270527,0,0.00131242,0.00035088,0.20627711,0.02016877,0.001710994,0,0.01763442,0.00369727,0.28064913,0.72995228,0.00277712,0,0.52887384,0,0.20423895,0.54203038,0.54655456,0
"Nazartinib (EGF816, NVS-816)",S7824,538,1,0,0,0,1,1.047699277,1.038639562,1.170546318,1.767916654,1.079359095,1.267153556,0.898776813,0.486238047,1.066120707,1.143609624,0.664337297,1.617666783,0.698122282,0.546963717,0.964278311,0.949269596,0.233148145,1.453477294,1.211883924,0.55877706,1.460763521,1.140350877,1.053635969,1.064017425,0.096,510,0,0.26070128,231.027211,999.404017,0,0,0,0.01944,0.02849527,0.28812835,0.28582482,0.17029868,0.20782012,0.02526013,0.08692405,0.56817107,0.55038569,0,0.28812835,0.2271,2.80175886,1.10384003,0.0554694,0.88763456,0,0.04470352,0.39615519,0.7115086,0.16049855,0,0.00280979,0.00196427,0.61530523,0,0.006930223,0,0.07705969,0.10754705,0.48644123,1.93288471,0.38171125,0,0.80458824,0,0.48540658,0.53145169,1.4446067,0
Eliglustat,S7852,539,0,0,0,0,0,1.188460621,1.268137197,1.160230743,1.816194794,2.066352498,1.410057217,0.914022336,0.898990966,1.119755472,1.681047361,1.024974714,1.373908775,0.803541456,0.793380627,1.020659158,1.307610311,0.730692656,1.215306446,1.114463381,1.182887042,1.321049841,1.186071239,1.201098742,1.085693035,0.099,651,0.58624908,1.46825866,192.984863,1181.37822,0.5406063,0.00141747,5.34241524,2.30577,7.88741921,2.59089623,2.53267384,0.42146329,1.55846587,1.36007282,1.50227228,1.08212094,0.97780181,0.05901313,2.59089623,1.18564,15.078107,2.39621783,2.75305283,128.687608,1.16126544,0.97570199,1.19358177,1.0382951,1.11588912,0,0.53244085,30713.5158,0.99574192,0.78499063,0.432117632,0,1.20724633,1.23959378,0.96186342,0.69348264,0.76389498,0,0.29763981,0.20376435,0.90334534,1.08243736,0.84893682,0
CC-223,S7886,540,1,0,1,0,0,1.446332353,0.892965531,1.291618595,2.471552526,0.854539742,1.106386938,1.895054068,0.54012362,1.027365264,1.63469703,0.646216306,1.2363772,2.170339324,0.542085732,1.157465626,1.558034441,0.277934735,1.203556685,1.379778904,0.320344721,1.156945917,1.261562998,1.029926269,0.894756415,0.093,462,0,0.96951478,30.4461933,553.948368,1.04488254,0.1491996,0,0.11793,0.02846578,6.26443521,0.00668039,0.07782648,0.14691977,0.27646942,0.00808444,0.26195731,0.70728299,0,6.26443521,0.12845,0.0505146,0.2089468,0,0,0.15961526,0.64490203,0.12070706,0.37127947,0.2802505,0,0.00328677,0.01647966,0.38150097,0.30807159,0.019865688,0,0.06202058,0.43098932,0.0991113,0.94984053,0.58085737,0,1.49371989,0.15797082,0.23281555,0.452476,1.1404398,0
CH5183284 (Debio-1347),S7665,541,1,0,0,0,1,1.085845983,1.175768468,1.086121479,1.727925061,1.788878417,0.864678792,0.826626485,0.906915315,0.925632227,1.075666822,0.641265216,0.959555335,0.87303566,0.930750974,0.857942375,1.112856006,1.077381065,1.125119085,1.043298019,0.399302349,1.051431601,1.029771398,0.8743675,1.012378473,0.095,457,4.18746851,0.54085605,34.8023478,816.570842,0.65824385,0.04783734,2.32056274,1.82613,0.81918966,5.85130245,0.7901588,0.33229411,1.29748589,0.68088922,0.41061056,0.76522808,0.45577929,0.00674881,5.85130245,0.63066,0.84118632,1.06713981,1.51040497,0.50655866,1.50051854,0.36822815,0.62860063,0.8094943,0.44391589,0,1.67279673,0.60049462,1.16030198,0.94781833,0.606604736,0.611949521,1.70014563,0.77304408,0.62890973,0.9050004,0.44322855,0,0.89162688,0.06096986,1.79551726,0.67714616,1.47488567,0
PIK-III,S7683,542,1,0,0,1,0,1.7833585,2.245740154,1.556023074,1.703785991,1.932265159,1.350327953,1.073213969,1.031169106,1.206955218,1.0405084,0.839506871,1.018999928,0.953484035,0.966942474,0.960547226,1.679643281,0.685185536,2.003810734,1.085444496,0.61327588,1.06892895,1.205741627,1.301720399,1.159007597,0.092,168,3.13175694,29.2646256,2066.49744,21566.9034,0.87985527,0.02224426,6.76388517,12.9544,0.54882962,5.28768019,2.77726654,0.3371326,0.52912229,1.44909869,0.01440904,0.60920498,0.30620325,0,5.28768019,20.8298,11.6471916,3.85485673,5.80894536,41.5989374,2.29187228,8.95563683,0.10301422,0.98346996,0.47443851,0,0.01465689,0.05286898,0.89895692,0.2278019,0.013226122,0,2.1405632,4.95632399,0.1454755,0.93265658,0.46656951,0,0.86130713,2.54580634,7.07787433,16.3114323,0.86213235,0
KC7F2,S7946,543,1,0,0,0,1,1.048462211,1.062647293,1.041873091,1.339177951,1.399183161,1.072893892,0.717425988,0.811136352,0.89898786,0.891622094,0.65245468,1.021110387,0.563020838,0.752547174,0.778967733,0.849280106,0.676615029,0.759923785,0.911331184,0.454868165,0.930010604,0.956937799,0.780106983,0.997078043,0.116,1850,0,1.35426355,44.0888267,872.85981,0.42008504,0,1.15644375,0.57546,0.17551305,8.14799187,0.44941038,0,0.63968478,0.89923624,0.71378543,1.01916224,0.78515379,0.04005299,8.14799187,2.05359,0.80139405,1.29805745,0.28891479,0.24855048,0.34585163,0.85268377,0.3398019,0.70010153,0.21276797,0,0.77793347,0.71078885,1.05542896,0.82976452,0.668778324,0.058771577,0.255134,0.66463567,0.84047129,1.22328981,0.28746008,0,0.14226742,0,1.3277998,0.5669628,0.96357132,0
PS-1145 ,S7691,544,1,0,0,0,1,1.122276087,1.036808464,1.241940957,1.535172787,0.746842601,1.215797553,0.724871477,0.437741032,1.079269875,0.94192916,0.651662505,0.978197722,0.799183345,0.465611518,0.983555586,0.79919528,0.201444851,0.987615116,1.121027176,0.431394275,1.372216331,1.150983519,0.900390343,1.171757956,0.101,460,3.9973894,0,379.924957,2370.1899,0,0,0.1859863,0.0726,0.22882704,6.08828009,0.11619504,0.12408487,0.50807592,0.05946652,0.39507222,1.01162796,0.81665293,0.12735401,6.08828009,0.20295,5.119335,2.02842977,0.38021331,6.54757838,0.26541894,0.11950247,0.40250072,0.81925368,0.49159336,0,0.01650908,0.00341756,0.9644272,0.02715179,0.025483007,0,0.22892358,0.06159479,0.37094981,2.31870863,0.53751458,0,0.44631292,0,0.71836466,0.66651566,0.03483373,0
PLX8394,S7965,545,1,0,0,0,1,1.168242867,1.11880097,1.10349508,2.208184466,1.699528746,0.979113365,1.01755008,0.784774684,0.858502264,1.093189508,0.516596762,0.991915705,0.893412774,0.669778786,0.801976093,1.280586125,0.773393504,1.404255319,1.122754491,0.465291885,1.413043478,1.03774588,0.97209773,0.965202146,0.104,453,0,4.39764567,98.9532024,1223.4796,1.21761628,0,2.6399778,1.31327,0.27093116,0,0.75093908,0,1.71323631,0.7153233,0.152845,0.55361997,0.45986677,0,0,0.98524,0.26269093,0.72816793,0.33884119,0.10827314,1.23677258,0.77031029,0.43788415,0.72110767,0.45679048,0,1.6967347,0.08520745,1.11480621,0.65726898,0.028979231,0,1.50634034,0.59019144,0.96047835,1.74426428,0.37031652,0,0.18136325,0.28520518,0.23875734,0.54138397,0.9112121,0
SMI-4a,S8005,546,1,0,0,0,1,1.219931654,1.168647531,1.207193756,1.542018194,1.518441722,0.99753454,0.702003191,0.670030113,0.876841893,0.872403664,0.748901919,0.928601937,0.692115156,0.681659039,0.787673599,0.886933806,0.746809761,0.780247698,1.135191156,0.726623576,1.343319194,1.06539075,1.043805118,1.017159858,0.096,112,0,1.67486737,27.5707989,1014.94352,0,0,0.4978232,0.5587,0.33666751,0.56398565,0.98583112,0.19709892,0.74007825,0.59720094,0.77797421,0.83208101,0.73859079,0,0.56398565,0.30211,0.19685554,0.63475019,0.23015027,0,0.83971733,0.833051,1.31937848,0.81858135,0.78093501,0,0.51386256,0.37579394,1.09195293,0.84148666,1.040084012,0,1.21853154,0.68350772,0.96716234,1.21839189,0.81938154,0,0.39524252,0,0.55447308,0.48833355,1.41128918,0
AZ6102,S7767,547,1,0,0,0,1,1.445760153,1.425204727,1.185205294,2.331041523,1.912409676,1.07345211,1.223896472,1.021290084,0.928400473,0.923841226,0.806631632,0.973273318,1.226160445,0.888501331,0.853174877,1.008182323,0.631032064,0.888853604,1.471672041,2.244054581,0.88971368,1.295587453,1.659679052,0.965520905,0.096,398,1.03314095,38.6091662,2772.39376,7325.76784,2.1410235,0.00764845,4.27320215,3.47127,38733.3134,10.5802185,2.58680628,0.70580385,1.711951,2.15139061,31.2283636,1.09967131,1.65033222,5.66197906,10.5802185,6.81149,12.6820819,2.79420142,3.97985904,50.3007786,3.83344903,8.364962,4110.62777,1.88186572,1.58747681,14.0555287,0.29261336,0.58513319,1.17069902,0.79960875,0.238402535,0,5.19241785,9.07391481,767.069413,1.86010772,2.23780752,421.716035,1.69765716,0,7.17472887,2.53316185,2.24282886,0
Butein,S8036,548,1,0,1,0,0,1.250067551,1.271595938,1.173260943,1.298105503,1.481369777,1.10806159,0.928913313,0.851867505,1.172352144,0.977426731,0.910604528,1.111156636,0.450887818,0.664350061,0.803841636,0.753434324,0.276379909,0.919657034,1.174228466,0.640853596,1.319989396,1.166400851,1.172184473,1.106731127,0.102,514,0,0.61378181,62.2401626,1135.33919,0.81602139,0,0.82260406,0.34196,0.03285121,0.2030622,0.20019067,0,0.15338154,0.04058961,0.029236,0.80473944,0.22427409,0,0.2030622,0,0.19067583,0.49569066,1.60463943,0,0.19681374,0.06494115,0.13833992,0.45938227,0.04188554,0,0.00682884,0.00339036,0.6667943,0.03163927,0.025751533,0,0.15650104,0.10756924,0.13164102,0.94727632,0.10191252,0,0.16116106,0,0.86185099,0.69809978,0.59753043,0
Macitentan,S8051,549,1,0,0,0,1,1.024239053,1.045760499,1.030743129,1.232893986,1.340747722,0.912685491,0.88158128,0.861852184,0.934282995,0.768511093,0.602448668,0.979956438,0.755131087,0.786693067,0.7532647,0.995390875,0.821706896,1.122261035,1.053661907,0.85663281,1.314687169,1.071770335,0.992916004,1.006003294,0.108,502,0,0.99543281,192.049542,1155.02095,0.77166554,0,0.92444387,0.96159,0.63921756,0.41647828,0.91045855,0.10318896,0.79203841,0.8775176,1.5076518,1.00346593,0.95478757,0.07592741,0.41647828,0.47402,1.24801473,0.99810976,1.51133544,0,0.26477898,0.73535404,1.47736379,0.95605436,0.85676746,0,0.48158646,0.44193998,1.09973587,0.83943616,0.941261554,0.282045785,0.74511992,1.20182658,1.33022174,0.6764114,0.87538435,0,0.23976218,0,0.08410912,0.58611358,1.62867017,0
KYA1797K,S8327,550,1,0,1,1,0,1.252737821,1.504348858,1.356498134,1.312877173,1.177002828,1.477043308,0.797021805,0.766337366,1.034977941,0.8761343,0.807225763,1.099900855,0.659841577,0.627922529,0.827471844,0.989445554,0.378884696,1.399174341,1.173883003,0.859095106,1.367974549,1.202551834,1.153679341,1.089199384,0.118,281,0,1.21537205,121.34342,1386.87901,0.64201919,0,0.0317102,0.224,0.21988829,1.02229544,0.24241487,0.00316169,0.88666073,0.20515148,0.05133332,0.49398557,0.53875266,0,1.02229544,0,0.29605866,0.57622199,0.58697187,0.09693716,1.14891446,0.08549209,0.1740561,0.5993649,0.53037954,0,0.06262884,0.02792326,0.94512423,0.52259976,0.061834122,0.029828974,3.53096702,0.27532705,0.35834951,1.62806437,1.02401589,0,0.28746791,0,0.68545846,0.63147738,1.60946938,0
Nutlin-3b,S8065,551,0,0,0,0,0,1.289358659,1.244943287,1.217237869,1.365839013,1.412001257,1.117551286,0.785144478,0.773310793,0.9692321,0.736970259,0.639383801,1.058746905,0.618498415,0.694955482,0.798245008,1.113036167,0.65446823,1.422038742,1.007024413,0.368031189,1.044008484,1.280170122,1.061153679,1.09334325,0.11,173,0.61761402,0.29075553,0,1094.62537,0,0,0.12854821,0.85937,1.20252079,0,0.91987684,0,0.23260143,0.44049152,1.1504112,0.55920288,0.58789518,0,0,0.07749,2.93921157,0.79916581,1.60747827,0.32373026,0.40283111,0.43173344,1.36535929,0.76671008,0.63274331,0,0.08737786,0.22040966,0.9783364,0.81019232,1.159927632,0,0.65179147,0.47139655,1.25508998,2.36328579,0.65798063,0,0.30333461,0,0,0.69294775,2.43388322,0
Miransertib (ARQ 092) HCl,S8339,552,1,1,0,0,0,3.037812922,0.935487699,1.053817441,4.349716276,1.036129438,0.932781318,2.380429002,0.470811982,0.774762825,2.485395174,0.865648628,0.970811116,1.840654109,0.47056818,0.688799834,3.912922065,0.723942433,1.37916799,6.355135882,0.859833795,0.867974549,8.28708134,0.981350296,0.866705626,0.126,2190,1.65753103,2.01810157,440.620222,1440.76496,0.46041744,0,0.58299214,3.15119,1.30930206,0.63822593,0.82608276,0,1.56796777,0.88414343,0.31447058,0.44159162,0.57428494,0,0.63822593,1.16315,2.76048323,0.7962683,0.11352421,0.0547564,1.40825428,1.0605774,1.41807613,0.73447411,0.71272503,0,0.45766115,0.57717415,1.21391087,0.73513505,0.211934853,0,1.51958237,2.7328991,1.71520375,0.97257867,0.79419683,0,1.98577779,0,0.11201069,0.5909251,0.41854374,0
Eltanexor (KPT-8602),S8397,553,1,0,0,0,1,1.072494636,0.945457012,1.051645741,1.187498124,0.777254163,1.143229288,0.731253324,0.553119552,0.963003547,2.320908024,0.54224341,0.844183579,0.45265462,0.392205715,0.645892351,0.906931704,0.3100931,0.941886313,1.190810686,0.314188981,1.230646872,1.020733652,0.817117247,0.93013866,0.185,560,0,0,148.54233,1097.32996,0.66278221,0,0.25783256,0,0.01488257,3.97611767,0.10305012,1.97254316,0.03545839,0.00827584,0.00361302,0.34685682,0.42254179,0,3.97611767,0,0.02896384,0.49026692,0.40580878,0,0.2308811,0.37994952,0.11686487,0.69257737,0.50966428,0,0.00242653,0.00233735,0.65859818,0.00905868,0.105344861,0,0.31440359,0.11222481,0,1.81496826,0.57961039,0,0.69923142,0,2.00792911,0.51850679,1.07846557,0
ARS-853 (ARS853),S8156,554,1,0,0,0,1,1.266852102,1.163764602,1.175975568,1.264599033,1.129249136,1.08629111,0.768658039,0.705900998,0.919057643,0.831592763,0.578485391,0.921215331,0.54134807,0.538073196,0.726732536,0.817571727,0.562126699,0.795490632,1.015315523,0.464963579,1.011930011,1.031366295,0.806129825,1.02576635,0.149,139,0.26399701,0,66.6743839,715.496202,0,0,0.23375261,0.17639,0.16582643,0.56692873,0.4337808,0,0.70787448,0.40247853,0.43708051,0.76965431,0.73376751,0,0.56692873,0.03221,0.17640566,0.71204507,0.8602108,0,0.6260142,0.57661978,0.48078264,0.8171774,0.59905994,0,0.22946033,0.26749257,1.14627681,0.83454921,0.361238169,0,0.36891038,0.31523432,0.4449083,1.18706272,0.59950221,0,0.59150129,0,0,0.47505764,0.9521425,0
"VPS34 inhibitor 1 (Compound 19, PIK-III analogue)",S8456,555,1,0,0,0,1,1.545704522,1.946050423,1.333966746,1.831326748,2.066352498,1.182862725,1.814749158,1.197897406,1.04397474,1.066509805,0.860697538,1.059098648,1.596717675,1.169378844,0.938989843,0.922065248,0.401410721,0.936170213,1.168701059,0.924756335,1.181866384,1.023923445,1.069249675,0.954364341,0.135,580,15.8150947,35.3068843,4654.60387,15818.3356,2.05545997,0,7.48463658,12.5988,1.63538873,18.6188802,2.63794521,0.3731664,0.63542653,1.30547597,0.0915531,0.56995531,0.3038207,0,18.6188802,27.47,14.0492587,5.38122729,14.6843713,158.942548,3.21917828,12.5431018,3.53001728,1.15393117,0.72593397,2.77073829,0.01783596,0.04589696,0.90017361,0.50664904,0.041317838,0,13.4447005,4.47816666,0.79925799,0.69356423,1.02804933,5.19843819,1.01937656,2.13588491,10.1612287,9.44055888,2.35337436,0
Oclacitinib?maleate,S8195,556,1,0,0,0,1,1.311674481,1.085027382,1.240312182,1.529408233,1.049450204,1.302321254,0.771317142,0.563579693,1.153666484,1.172663368,0.828911538,1.074223604,0.774212546,0.579772098,0.908519312,0.820093984,0.220557841,1.040330264,1.048479963,0.394295681,1.275715801,1.137692717,1.003325141,1.067205015,0.101,363,0,0.19471227,118.114793,593.338805,0,0,0.14431742,0.13222,0.07966001,0.41061101,0.21766518,1.6801993,0.86896693,0.12839394,0,0.3310091,0.28410982,0,0.41061101,0.8672,0.00376681,0.89845321,0,0,0.85612567,0.29034503,0.00989335,0.67006943,0.32787843,0,0.01019,0.00552289,0.55794541,0,0.004655329,0,0.66441165,0.08608777,0.04515764,2.21437673,0.32146398,0,0.44728151,0,0.4215155,0.38923106,0.36882867,0
Tanzisertib(CC-930),S8490,557,1,0,0,0,1,1.405324644,1.231718689,1.29759077,1.746299577,1.422180333,1.131506722,1.105477752,0.797506472,1.037746186,0.880430185,0.60036921,0.970459373,0.926982008,0.758841347,0.905617356,1.041872476,0.882838127,0.75547793,1.145555044,0.555576075,1.114793213,1.055821372,0.865114934,0.996121766,0.102,246,0,0.9345832,34.9875948,929.695751,0.38806402,0.00998536,0.23938444,0.0447,0.15621707,0.7207627,0.14914841,0.92362886,0.30200221,0.04141447,0.13553315,0.31671207,0.13129583,0,0.7207627,1.34864,0.64133275,1.22788727,0.82433528,0,0.65807465,0.21026671,0.30215572,0.69427856,0.24078785,0,0.09457779,0.29316728,1.28156387,0.7965096,0.035040723,0.025492206,0.52382849,0.13441365,0.35528389,1.18835755,0.17947659,0,0.06540959,0,0,0.44747629,1.25962806,0
AS1842856,S8222,558,1,0,0,0,1,1.272574108,1.529984232,1.373600271,1.533371363,1.791517436,1.456389264,0.886367665,0.996618944,1.322875515,0.99687126,0.842972635,1.095328194,0.732162664,0.919028075,1.071857942,0.851081718,0.549915622,0.96062242,1.166628282,0.985985431,1.349416755,1.275917065,1.117825647,1.226584498,0.107,313,0,1.92677827,122.998634,6912.45529,0.79618261,0,0.19664397,0.14767,0.48935864,1.56705528,1.2921175,0,0.47061194,0.05018386,0.68032362,0.79743416,1.41762633,0,1.56705528,0.78784,0.77176071,1.76086941,1.63025457,0.10492709,0.29960443,0.29415051,0.1814582,0.88209651,1.17686814,0,0.02254613,0.10346385,1.14833682,0.77629564,0.238367453,0,0.9399503,0.30778435,1.29251698,1.1116985,1.19124733,0,0.44081028,0,1.64687296,2.90780936,1.52573148,0
TPX-0005,S8583,559,1,0,0,1,0,1.528347771,1.238432716,1.232168307,4.244152881,1.64624568,1.540121877,2.291969509,0.873421734,1.229447216,1.611069666,0.961897824,1.161807651,1.716271263,0.67607296,0.976300698,1.967540949,0.385179848,1.662432518,1.404997697,0.54810711,1.398462354,1.602339181,1.066358248,1.235509749,0.201,437,0,0.8132837,82.100022,502.374178,0.39041349,0,0.21270433,0.19486,0.02874735,0.79568286,0.9900013,0.04044447,0.93027546,0.40328091,0,0.47606011,0.60729905,0,0.79568286,0.25743,0.06842789,0.54107841,0.63316926,0.00361685,0.89184984,0.18290417,0,0.67320843,0.48269064,0,0.01547193,0.03202264,0.79756365,0,0.043260103,0,1.28107252,0.29670875,0,0.02569986,0.50220028,0,0.0398405,0.03054207,0.94248026,0.36576656,1.42280411,0
Selonsertib (GS-4997) ,S8292,560,1,0,0,1,0,1.72232377,1.48196877,1.393145572,1.777644339,1.570091109,1.59371075,0.965077114,0.890643985,1.202110788,2.183213627,0.870500697,1.169897743,0.813317759,0.660022816,1.016306225,1.180596634,0.524924629,1.102889806,1.233993551,0.861639479,1.364528102,1.262626263,1.03975712,1.129363013,0.196,402,7.6356656,40.5296312,848.686182,5549.64526,1.04543292,0.10936547,0.32977108,0.64256,0.12617069,7.07785991,0.32778584,0.04214676,0.60678456,0.27868229,0.22323547,0.30897434,0.2197297,0.03414659,7.07785991,16.6771,11.8243661,2.04301527,1.78841764,5.28700063,2.05347344,5.00867862,7.08596158,0.74872642,0.22570151,0.6716785,0.01403191,0.10802603,0.85674988,0.63668826,0.021886059,0,1.42661052,5.10621035,354.22348,0.9316326,0.41204631,25.3514529,0.27451694,4.12064865,1.87901523,2.07487232,2.27491453,0
Kobe0065,S8303,561,1,0,0,0,1,1.043312406,0.981468609,1.085307092,1.232893986,1.377819667,1.176164116,0.564084382,0.551376195,0.936013149,0.988844739,0.817821096,1.04924984,0.50577646,0.622965867,0.801768811,0.858108007,0.380818749,1.102889806,0.935513588,0.402010875,0.859756098,1.160552897,1.046118259,1.011740955,0.188,386,0.31805164,0.25317033,127.908546,843.852125,0.37032444,0.00426531,1.34805148,0.274,0.01907082,2.29605002,1.34574148,0,1.22691984,0.17676461,0.02272142,0.44670608,0.48076889,0,2.29605002,0,1.01429893,1.18747283,1.33368423,1.67677053,3.46469248,0.18430024,0.19471623,0.70389518,0.39572409,0,0.11609253,0.05353902,1.15527116,0.19523977,0.095883467,0,3.70977909,0.27541829,0.25937646,0.7715086,0.5770601,0,0.54673484,0.02055078,0,0.57327761,2.03511945,0
Vorapaxar,S8067,562,1,0,0,0,1,1.207724708,1.088079212,1.073634204,1.793136578,1.363367892,1.044983021,1.385924481,0.799566802,1.000028836,0.932206896,0.651167396,0.973273318,0.937465032,0.628158561,0.77876045,1.000255228,0.583059975,1.009526834,1.153155228,0.978352314,0.923382821,1.155236576,0.883041781,0.949582957,0.116,379,0,1.46439233,236.379297,920.253325,1.50943686,0,0.17417032,1.07074,0.98652669,13.3329628,1.11494913,0,0.3520336,0.40787751,0.73317377,0.73087322,0.64724376,0,13.3329628,0.45165,0.69849814,1.1048599,0.76552604,0,0.27867473,0.47585385,1.02889581,0.83253685,0.79440473,0,0.13107859,0.26687109,1.23772932,0.90178583,0.118353649,1.195071876,0.23831381,0.6696236,1.02369285,0.4884688,1.08854899,0,0.29219057,0,0.56186837,0.49437709,0.15776919,0
SGC2085,S8340,563,1,0,0,0,1,1.288023524,0.941794815,1.055989141,1.292701234,1.383223374,1.163325115,0.81989009,0.806434571,0.93151475,0.93638973,0.796531408,0.990508733,0.693410811,1.007539896,0.810889242,0.988004264,0.320673505,1.133375675,1.320359281,0.677788037,1.315747614,1.027113238,0.82058696,1.00409074,0.114,263,0.2693137,1.78126866,580.307188,1549.87182,0.39788552,0,0.72291004,1.9584,6.73707058,2.83004771,0.61297054,0,0.69207821,0.45536695,2.75102847,0.60894036,0.43406645,0.05158358,2.83004771,2.17809,7.44994473,1.46251111,1.24221359,2.27020854,2.13807039,0.73089584,2.42733413,0.80560457,0.60936028,0,0.03944589,0.02831376,0.99606335,0.16404589,0.015546516,0,1.07326834,1.72742148,353.73635,0.91109878,0.67960902,0,0.10468214,0.158342,1.30309256,0.67154385,0.62864468,0
WNK463,S8358,564,1,0,0,0,1,1.18350155,2.022956545,0.914557177,2.11270904,1.986930569,0.688840303,1.310937777,1.146019335,0.537039707,1.142026929,0.979523705,0.914883954,1.002129978,1.247819987,0.627444206,1.012686354,0.795578225,0.546840267,1.54145555,1.517513081,1.107370095,1.138755981,1.858609224,0.839292355,0.141,84,3.79235206,19.8085931,56970.6045,26335.6439,1.26399298,1.41974324,5.23162308,1.73417,38733.3134,8.13570442,4.24241877,2.46465073,4.66060844,0.46493082,21.801495,1.03403681,1.892279,4.73922487,8.13570442,5.60771,16.5934071,5.81959705,3.19531711,80.2613775,6.52374697,2.31440119,4110.62777,2.05271957,1.37579604,15.4780903,4666.09994,0.13544421,0.91573411,0.90007501,2.775054492,9.813723668,15.3660561,0.81929495,767.069413,0.74122718,2.3534247,230.207626,1.21741514,3.4724119,142.631346,24.4524026,3.11079971,18.2921339
LTURM34,S8427,565,1,0,0,0,1,0.89549392,0.91534562,0.995453003,1.196505239,1.356204838,0.877517793,0.644921113,0.67959216,0.684794833,0.926554416,0.897632672,0.850514956,0.48563492,0.581502996,0.616043668,0.78910625,0.233641138,0.974277548,1.034315983,0.531117267,1.020678685,0.984582669,1.039178835,0.876905913,0.222,814,0,0.50536688,262.953188,3683.30146,1.70303229,0,1.813818,1.45618,1.54299695,2.21680129,2.14422614,0,1.08437349,0.28016652,0.26793003,0.6867831,0.77635591,0,2.21680129,0,13.589681,1.85762148,1.7427669,58.8642549,4.72348599,0.79828332,1.78135649,0.87701902,1.05304572,0,0.00287726,0.00055363,0.32606414,0.01208249,0.0034344,0.984210414,2.54893006,1.62733606,0.98072067,2.13896377,1.78604016,0,0.33582977,0,1.02266349,0.65267949,1.821293,0
BFH772,S8188,566,1,0,0,0,1,1.050941747,1.116766416,1.070648117,1.768997508,1.476971411,0.881983533,0.817940082,0.792487717,0.76299778,0.960017094,1.02695515,0.91664267,0.711314402,0.647355791,0.729841774,1.051240861,0.880941997,1.020641473,1.18528328,0.934933826,1.313361612,1.135566188,0.909064623,1.054773416,0.096,467,8.0994885,3.41627513,352.032332,4122.39324,0.77556844,0,4.96450775,0.69821,0.20228877,1.89692153,0.80226849,0.05224276,4.74435258,1.03757592,0.62515545,0.91454095,0.45435709,0,1.89692153,0.26663,4.63820102,1.61693009,0.54024023,13.298889,4.52602974,0.98969974,1.22783962,1.02504647,0.55053961,0,2219.19964,0.8044072,1.09350572,0.8221539,1122.549952,0.212125185,6.52056614,1.40162879,0.7004131,1.07216853,0.59909785,0,0.41290305,0,0.02586153,1.36885442,0.68693464,0
NT157,S8228,567,1,1,1,0,0,1.153174919,1.11880097,1.057617917,1.327648843,1.086773484,1.29450621,0.747030668,0.643668445,1.164739468,0.921580234,0.724740598,0.949706526,0.441936022,0.552864505,0.824362606,1.146906481,0.285367565,1.13496348,1.816789498,0.549338258,1.363202545,1.951089846,1.95171317,1.163788982,0.19,499,0,2.16189356,113.937463,3560.21771,1.03601167,0,2.52503847,0,0.0301475,3.10893712,3.13811663,0,0.24858555,0.00439924,0.00173036,0.73770039,0.94744723,0,3.10893712,0.05891,0.20615212,1.32580629,1.36925812,0,0,0.58761484,0.02267596,1.22885172,0.89618965,0,0.0018338,0.00186814,0.56141688,0.0064891,0.060685955,0,0.69099317,0.04310247,0,1.17582151,1.41021622,0,1.02747176,0.14077655,1.77823903,1.5785958,1.9974258,0
SR-18292,S8528,568,1,0,0,0,1,1.142684574,0.955019413,0.95283339,1.65622842,1.400062834,0.927199144,0.925367843,0.768133552,0.766804118,1.014959193,0.505011211,0.950410013,0.756426742,0.677725181,0.770054584,1.161319381,0.536377254,1.080660527,1.292031322,0.73294347,1.259013786,1.178096757,1.013734278,0.971258567,0.289,1972,0,1.71781158,187.712174,1306.63172,1.00096993,0,0.414151,0.87433,3.73573994,0,0.74427995,0.13856177,0.62178695,0.75006589,0.77442829,0.69650973,0.91987624,0,0,0.69462,1.99674237,0.95566963,0,0.2811542,0.71450077,0.84361812,1.14097573,0.86408012,0.70238888,0,0.08618495,0.18146006,1.24411133,0.36310514,0.045615488,0,0.4674704,1.01492119,0.7465061,1.7991759,0.80268901,0,0.17772,0.15674741,1.11041936,0.63529276,1.09062117,0
GSK583,S8261,569,1,1,0,0,0,1.368513073,0.809141927,0.982694265,1.669558952,0.622557336,1.024328976,1.212019146,0.498917006,0.954352778,1.160680111,0.585119852,0.868453857,1.311555865,0.608882653,0.913908658,1.547404927,0.594436755,0.976500476,2.106978351,0.326582538,1.162778367,3.06539075,0.891716062,1.002178186,0.206,303,0,1.64916927,77.8310564,572.766209,0,0,0.6922154,0.56571,0.10482713,3.28017641,0.79188322,0,0.54296843,0.41514542,0.2731817,0.47392083,0.29520145,0,3.28017641,1.21749,0.10273829,0.47152964,0,0,0.34793782,0.7159812,0.72653492,0.68361338,0.30767037,0,2.19232293,0.26880686,1.21918606,0.51551801,0.020295935,0,0.50039829,0.61671461,0.43924112,1.22935192,0.12311453,0,0.43694657,0,0.56772479,0.43459652,0.34279702,0
Sitravatinib (MGCD516),S8573,570,0,0,0,0,0,0.873559564,0.781675455,0.98866644,1.24802594,1.070059692,1.182304508,0.936358802,1.362776692,1.410421292,1.342011649,0.673447303,0.979604695,0.66596649,0.938697368,0.891729427,1.156274866,0.221202526,1.220069863,1.301013358,0.324941007,1.649257688,1.222222222,1.783432124,0.970621049,0.244,380,13.735196,1.92709738,3551.64706,15279.1062,3.20816696,0.00189551,3.7942418,1.44525,106.178692,11.8239827,1.11145407,1.35014165,1.6465962,0.2695731,0.85362976,0.43182722,0.19354796,0.18187593,11.8239827,0,10.9788413,3.36615258,1.12324394,646.648996,8.8651241,0.47460118,3.63598526,0.90531266,0.35215505,0.4296637,0.12116749,0.0362962,0.90430593,0.34463679,0.015997744,0,22.5180154,2.89912279,390.018981,0.29401556,1.25454678,146.465361,1.86662753,0,12.0699787,9.39218367,3.04888001,0
Autophinib,S8596,571,1,0,0,1,0,1.077262974,1.305369526,1.153987106,1.161557631,1.312598178,1.327441038,0.761567098,0.850916583,1.089996828,1.304479186,1.147167623,1.580030265,1.423688886,1.201636485,1.543218407,1.019892804,0.744875709,1.083201016,1.281321971,1.269395712,1.569459173,1.323763955,1.457857453,1.230090846,0.28,116,7.14079792,3.42747737,773.558089,16172.7512,1.15032908,0,5.73540107,2.71491,38733.3134,0.42183672,7.77650644,8.53605974,1.60548777,0.45284517,1.38369366,0.91512683,0.94044795,1.30348742,0.42183672,0.51563,10.5537931,2.81449455,1.16886265,79.3476772,2.74167824,1.52423674,4.23108235,2.15514928,1.35119678,0.91859479,0.05381792,0.16321777,0.90673421,0.85585345,0.237679989,2.199755966,5.25415627,0.919429,185.363156,1.79161501,1.40247481,42.2152983,0.16059695,0.135672,2.20703928,9.19361445,1.40572227,0
YM-58483 (BTP2),S8380,572,1,0,0,0,1,1.078407375,1.009341991,1.13824228,0.945386856,0.991643104,0.985253756,0.643502925,0.678165777,0.950200409,0.890604648,0.830297843,1.017241213,0.45300798,0.664822124,0.785808056,0.94260363,0.601414513,1.316290886,1.190810686,0.398071201,1.381230117,1.04040404,0.847766373,0.929819901,0.247,451,0.02668656,0.15048137,2073.69694,1461.85612,0.49455907,0.08209667,0.59025808,0.57429,467.434216,0,0.37802848,0.76374878,0.19381115,0.23283436,3.8613934,0.49120438,0.24648992,0.55443457,0,0.06281,7.4350483,1.30669987,0.47999696,59.03638,0.18355929,0.2138882,7.04816625,0.68142882,0.24217518,0.04818297,0.15681542,0.11618167,1.01814723,0.84495509,0.20053806,0,0.30741011,0.36564125,767.069413,1.39475959,0.2771959,22.0711176,1.06808181,0,10.15005,0.73069256,2.70046808,0
Erdafitinib (JNJ-42756493),S8401,573,1,1,0,0,0,4.314201701,1.702717824,1.320393621,3.430630198,3.029971725,0.945062102,3.164332565,1.779861588,1.182387035,1.261068145,0.607795845,0.963776253,3.711343849,1.320045633,1.240171354,2.614680139,0.507214775,1.170847888,4.08475357,2.08269211,1.54533404,3.609250399,1.463640306,1.054454657,0.263,470,7.69127709,5.90411114,3221.46201,9074.17072,1.63184622,0,6.19877206,3.81003,10.4035906,23.1914834,3.82272079,2.58015467,2.74267063,1.5622762,4.44129869,0.59169805,0.78182414,1.63379511,23.1914834,17.4257,14.1144633,3.03199677,8.61132098,101.086791,10.2787206,4.70753421,4110.62777,1.07071952,1.11038948,12.264953,0.23616145,0.10198859,0.91043693,0.36293007,0.099276905,0,19.6122082,11.5829675,767.069413,1.84836322,3.22283579,797.625921,0.95592582,1.70683547,11.1781369,3.73941318,3.93004533,0
Mitomycin C,S8146,574,0,0,0,0,0,1.149169514,1.016869839,1.108652867,1.179211577,1.562048382,0.848490487,0.695266797,0.617412436,0.815940483,1.913477312,1.017251013,1.078092779,0.69270409,0.711635043,0.679886686,1.295179185,0.819962457,1.251825977,1.028097651,0.313368216,1.154029692,0.963317384,0.878993783,0.887424959,0.442,2522,5.8081749,1.03391069,39.5308175,1901.36531,0.11965199,0,4.18174067,1.49318,1.73058536,2.52415771,2.204642,0.29314941,1.14205246,0.71181791,0.56331435,0.78140741,1.61819135,0.03122591,2.52415771,3.76484,2.73744293,1.83453564,1.55311812,0.69259247,2.74209884,1.15457782,0.7877944,0.98592571,1.36777977,0,0.11565951,0.14485444,0.88336663,0.63496181,0.415604452,0.004163417,4.84978762,1.48319836,0.91529415,1.04577741,1.39440335,0,0.04505008,0,2.02430654,1.02683157,0.06557308,0
ON123300,S8161,575,1,0,0,0,1,1.603496781,1.31391465,1.213437394,1.857267241,1.309205152,1.233660511,2.128168764,1.029584236,1.366821419,1.108338152,0.869510479,1.025683048,2.380353164,1.007303864,1.505700269,1.988079331,0.612677525,1.842489679,1.870336251,0.826674874,1.663043478,1.448697501,1.219603875,1.171439197,0.276,614,1.6810264,11.1796589,194.103387,1483.55757,0.88239298,0,1.20553084,0.10495,0.01410819,1.29931218,0.3178559,0.01569172,0.55197359,0.01617455,0.00135948,0.19853297,0.12532091,0,1.29931218,5.09767,0.07455498,0.84750404,0.1781174,0,3.35620533,0.74115137,0,0.44478891,0.26994391,0,0.04280439,0.05803468,0.75235936,0.37051233,0.021227099,0,7.58687769,0.2691633,0.05834068,0.8358598,0.75772111,0,1.11860119,0.32635404,0.48212788,0.55393834,0.28250875,0
PF-CBP1 HCl,S8180,576,1,0,0,0,1,0.916665342,1.057357454,1.039429929,1.064280782,1.348790449,0.865795227,0.629321042,0.688308944,0.806251622,1.14745331,0.940509114,1.003874973,0.443349464,0.62398867,0.708077109,1.097362139,0.645253039,1.342013338,0.992169507,0.459464451,1.252916225,0.960127592,1.079080526,0.907825533,0.254,654,0,0,195.948409,1601.86536,0.24184306,0,1.96825766,0.51905,1.42289462,9.27163586,5.71247274,3.06358308,0.37741355,0.02106882,0.01512759,0.98197317,1.32150846,0,9.27163586,0.69784,1.68413029,2.09200936,4.01085174,0,2.32602412,0.15891666,0,2.07393135,3.19983364,0,0.32927205,0.06174789,1.11039633,0.54673499,468.1135143,0,2.86066338,0.5805827,0.19132544,0.46126782,4.4379908,0,0.51730747,0,0.27680073,0.76390201,2.26637345,0
BAW2881 (NVP-BAW2881),S8189,577,1,0,0,0,1,1.176825876,1.098251979,1.167017306,1.211276909,1.026076029,1.027678281,0.702003191,0.694120133,0.95988927,0.919884491,0.889809949,1.22406619,0.834048234,0.885275567,0.939611691,0.948008468,0.431824646,1.100666878,1.295140488,0.540473992,1.388653234,1.172248804,1.010842851,1.067842533,0.094,447,1.1736689,1.70338303,368.464703,2132.04771,1.00301946,0,2.03993349,0.49581,0.59973198,2.8062916,0.22595254,0.35476207,1.54090084,0.37023055,0.51892824,0.54548109,0.13140566,0,2.8062916,3.40303,2.66466378,1.57015056,1.9704185,1.30344134,1.78874494,1.05846429,0.95605077,0.74344972,0.15785839,0,0.13834769,0.0227699,1.03508449,0.26166955,0.074150447,0,5.13990697,1.0752738,0.77637069,1.43419691,0.20984594,0,0.33142669,0.00531959,2.08315031,0.85986274,1.05651112,0
HLCL-61 HCL,S8209,578,1,0,0,0,1,1.312246682,1.149929638,1.067662029,1.231092563,1.505749293,0.999209192,0.918276901,1.099529822,1.00660342,0.871499267,0.993782845,1.05698819,1.865860482,1.294632905,1.575554481,1.255904034,0.431635033,1.420450937,1.213265776,0.756581512,1.24204666,1.225412015,1.3491398,1.098443394,0.166,290,1.17619816,1.88700326,814.435467,1587.05804,0.58916334,0,1.95331519,2.37124,4.79980459,4.03442397,1.16888726,0.13683879,1.02934685,0.64303949,1.12556304,0.57740823,0.50933496,0,4.03442397,2.06605,10.9681636,1.94072955,0.99564889,5.22328631,3.1568122,0.56680368,1.82388276,0.79258782,0.70044466,0,0.11629603,0.28845663,1.18954396,0.69020106,0.116634879,0,3.34558995,1.23348664,1.73610668,0.96346963,1.04236247,0,0.36345097,0,2.71492952,0.67324612,0.46600736,0
AD80,S8518,579,0,0,0,0,0,0.922196614,0.524711348,1.09589413,1.102470952,0.294313541,1.280550775,0.570466229,0.127000898,1.078923844,0.78592073,0.689686879,1.054174244,0.360074206,0.174899359,0.698542113,0.930172504,0.11858397,1.433470943,1.245048365,0.22488971,1.183722163,1.303030303,1.192424461,0.891568825,0.207,1181,0,0.12299853,35.0281629,1147.41713,1.21729501,0,0,0,0,0.50718834,0.21601195,0,0.01527653,0.000016023,0.00233844,0.00845558,0.01822868,0,0.50718834,0,0.0278604,0.28586397,0.38195348,0,0.0242726,0,0,0.06072528,0.00319224,0,0.00084926,0.000088152,0.15260031,0.0023644,0.000665174,0,0,0,0.03033147,1.05897458,0.00438464,0,0.18412861,0,0.84520782,0.66599121,0.73566143,0
"MK-886 (L-663,536)",S8236,580,1,0,0,0,1,1.212111579,1.128770282,1.562809637,1.09526526,1.131008483,1.223612597,0.681262188,0.764858154,1.128060209,0.693672267,0.386482109,1.053822501,0.811786531,0.955848992,1.207213432,0.988544748,0.481692865,1.74722134,0.991133118,0.381081358,1.406415695,0.995215311,0.848922943,1.019072411,0.256,58,4.70650211,0.77979853,237.121603,1357.13163,0.66030811,0.08108074,0,0.52169,0.12525269,0.32112825,0.61340297,0.11199956,0.12232874,0.64555699,0.0954103,0.47598266,0.5998023,0,0.32112825,0.03934,0.13967401,0.67696495,0,0,0.48262844,0.44786443,0.22571847,0.76800984,0.59873235,0,0.02887921,0.06806501,1.23349234,0.61985713,0.058562,0,0.62701306,0.98102414,0.36085161,1.6155141,0.55008067,0,0.63542938,0.63351339,0.09443049,0.82206323,0.39055669,0
LY3214996,S8534,581,1,0,0,0,1,1.110832075,0.915955986,0.994367153,1.360795028,1.139302545,1.095222589,1.081191278,0.798827196,1.298307333,0.680897663,0.614826394,0.964479739,0.47939222,0.471197598,0.675948318,1.151950996,0.825916305,1.298189902,1.328304929,0.561567662,1.445387063,0.905369484,0.78299841,0.876905913,0.25,544,0,1.54559207,189.335602,1232.12282,0.4473545,0,0.06217952,0.71035,1.34074061,0.24050954,0.29105711,0.03022699,0.49712898,0.11030068,0.33651416,0.47344001,0.27584131,0,0.24050954,3.77734,1.12261319,1.47298325,0.21060748,0,0.47646949,0.36498168,0.43188908,0.72561266,0.27595772,0,0.06391966,0.49882925,1.05452826,0.87520441,0.404980751,0.104314994,0.24285029,0.31075423,1.2644061,1.11307047,0.26506054,0,0.46475778,0.05156422,1.09206724,0.60028885,0.8042226,0
RK-33,S8246,582,0,0,0,0,0,1.052467615,0.631118496,1.054903291,1.303509773,0.592271442,1.510536354,0.835844708,0.486132389,1.739842556,1.046952227,0.742861589,1.285621242,1.112849557,0.804316754,1.140883024,1.270497095,0.281271924,1.381708479,1.094426532,0.266010054,1.119565217,1.295055821,1.0998988,0.939063911,0.234,318,5.88562769,0.17729648,889.98917,4609.90111,0.20618808,6.4080804,0.22051425,0,0.00018998,5.7134026,0.57609223,2.8957381,0.14058937,0.00074153,0,0.13106281,0.08859116,6.00928905,5.7134026,0,0.24320038,0.97406237,7.10575238,73.003668,0.62099476,0.00224354,0.05163575,0.25983209,0.19791946,17.5844607,0.02099892,0.01353797,0.57894819,0.26762178,0.12839398,1.516037684,0.83791446,0.00318981,0.07611564,1.76760945,0.24495567,1393.22793,1.88361022,0.04373867,12.1839483,2.26728125,0.63573826,7.15537114
IDO inhibitor 1,S8557,583,0,0,0,0,0,1.169959469,1.239856903,1.238140482,1.213078332,1.307822809,1.189561334,0.954263428,1.106186275,1.491046455,0.834419003,0.555710375,1.098142139,0.558898301,0.893615347,0.777309473,1.198432597,0.635469008,1.40743093,1.314831875,0.748702165,1.815747614,1.207336523,1.150209628,1.104818573,0.288,3065,0.0971204,0,619.933323,1963.27416,1.13242277,0,0.73428303,0.83592,2.37537183,0.09379739,0.82741765,0.08325417,0.2136967,0.47433396,0.6213061,0.48361683,0.4936515,0,0.09379739,0,7.59086961,1.77712045,1.26568268,20.8770803,0.99161615,0.32905486,0.93892139,0.71749844,0.62601233,0.89678939,0.07351082,0.10744885,1.15354413,0.61546144,0.135239866,0,0.89571117,0.89133466,0.92202411,1.18355744,0.90516715,0,0.50425733,0,0.46012635,1.00219703,0,0
PRI-724,S8262,584,1,0,0,0,1,1.281538584,1.024194232,1.456396335,1.31107575,0.984354383,1.002000279,1.265733026,0.720323313,1.248824937,1.002636788,0.944469986,1.319036842,1.355019189,0.726032966,1.085331307,1.247616617,0.69705531,1.289615751,1.129663749,0.408741151,1.243902439,0.984582669,0.903860055,0.916113266,0.212,8620,0,0.18200351,80.3440582,769.924765,0.04823572,0,0.03487168,0.31816,0.68407044,0.77071045,0.45010698,0.02880261,0.24041972,0.34280283,1.68071364,0.45881937,0.38828356,0,0.77071045,0.87165,0.47169048,0.49074535,0.65603891,0.0069615,0.83809136,0.74770516,0.77151107,0.67350215,0.48748888,0,0.08406343,0.41390174,1.23134708,0.84222828,0.23505793,0.095735583,0.15890539,0.50682331,0.47923231,1.25430377,0.39250815,0,0.56354131,0,0,0.46457378,0.22006682,0
dBET1,S8296,585,1,0,0,0,1,0.828737185,0.78452383,0.97237869,1.001230972,0.807414389,1.302879472,0.564793476,0.449046437,1.399348309,0.705881622,0.478968476,0.988398274,0.335927914,0.325015408,0.679472121,0.883871065,0.201482774,1.137186408,0.817019807,0.303190725,1.185577943,0.923444976,0.817695533,0.89316262,0.363,89,1.3314421,0.03145014,177.244073,6195.27756,1.58550071,0,1.99007547,0,0.01023799,13.5766943,5.00419648,0,1.22030505,0.00007104,0.0088106,0.98453573,2.21609334,0,13.5766943,0,0.03421552,2.32485814,5.88568919,0,13.247827,0,0.05838574,1.78062584,3.35259366,0,1.6254769,0.00574767,1.08467323,0.08184866,1122.549952,0.741945362,14.1345756,0.00264709,0.11837815,0.55137374,4.34376088,0,1.260003,0,0.33497532,0.77969123,1.69623216,0
BMS-935177,S8348,586,1,0,0,0,1,1.271238973,1.006290161,1.149643705,1.312156604,1.088784166,1.151044332,1.162205283,0.843995985,1.382392803,0.779363854,0.470650644,1.148089667,1.300130547,0.857659879,1.303599807,1.25536355,0.668158289,1.105430295,1.232957163,0.408494922,1.421792153,1.153110048,1.068671389,0.947989162,0.183,70,0,2.59759596,0,800.024266,0.39393614,0,0.92832986,0.40854,0.05174142,0.34165382,0.60587172,0.01615633,2.29233648,0.66223646,0.00063572,0.44447469,0.33214725,0,0.34165382,0.95553,0.04506082,0.57374562,0.71196146,0,4.05398704,0.8728337,0.03357259,0.72670973,0.38013071,0,2.5750632,0.24353992,1.37917504,0.26999975,0.071288285,0,2.74220784,1.42193017,0.15315652,1.15355245,0.96353023,0,0.2041655,0,0.08758859,0.44598078,1.53170563,0
"Irbinitinib (ARRY-380, ONT-380)",S8362,587,1,1,0,0,0,1.240149408,1.035994642,1.149643705,1.806467109,1.252529061,1.290598688,1.102995923,0.713931005,1.061622307,1.05430045,0.709095153,1.014075524,0.984226386,0.772531176,1.066054032,1.038629573,0.179715201,1.240393776,1.177683095,0.448794501,1.378579003,1.536948432,0.944918317,1.023853796,0.232,87,0,3.43705685,18.6185948,1096.26903,1.26390367,0,1.75460536,1.13357,0.23012807,8.80259795,1.19901429,0,0.68953616,0.54199887,0.17418774,0.56928281,0.52749554,0,8.80259795,3.34311,2.96967485,1.58252321,1.56953105,14.2375751,0.98537516,0.56852835,0.35225532,0.73161225,0.49195168,0,0.00851909,0.00135008,0.44431751,0.00968637,0.001740807,0,1.34887297,1.04011789,0.86219662,0.91813897,0.78868143,0,1.57256253,0,0,0.54168776,2.97644121,0
Lys05,S8369,588,0,0,0,0,0,3.900882143,1.553381597,0.854835426,1.851862972,1.629657556,1.563567009,0.890976777,1.273865497,1.31076444,1.277686434,0.878521463,1.270144543,0.238518242,0.225016719,0.306363574,1.205098563,0.199890024,1.388694824,1.510018425,0.268636504,1.388653234,1.254120149,0.968049733,0.960420762,0.273,589,1.68099796,0.27814389,502.444023,5421.52597,1.79708503,0,7.1899654,0.67437,0.37499059,10.8105244,2.6218603,0,6.0899176,0.40552911,0.37477739,0.53666853,1.35612752,0.17340883,10.8105244,0.88109,11.491332,2.42483004,4.74845948,80.5471153,23.6963548,2.02451658,3.41122152,1.08931232,1.6346766,0,2.77909255,0.03247282,0.94951413,0.20034925,0.131826017,0,47.8789525,5.63125362,356.133518,1.60888122,3.41519048,201.541912,1.07353968,0,3.77164929,2.90288614,1.04618388,0
ML390,S8382,589,1,0,0,0,1,1.113693078,1.117580238,1.082592467,1.667036959,1.711844172,0.988044843,0.852685694,0.811083523,0.89414343,0.906657689,0.877531245,0.991212219,0.782928768,0.881263031,0.806536309,1.209062111,0.910559548,1.364560178,1.606402579,0.731466092,1.786850477,1.103136629,0.90328177,1.014291027,0.182,573,0,0.60393161,0,776.525799,0,0,0.55204869,0.52229,1.92994713,0.61163991,0.60066859,0.03706314,0.63544963,0.53067625,3.92125594,0.94256088,0.82256977,0.34846444,0.61163991,0,0.49985791,0.63111351,0.20817973,0,0.83980056,0.81341937,3.05264538,0.91075704,0.82957168,0,0.25808256,0.47711075,1.04717533,0.91183818,658.5005351,2.817279281,1.31418092,1.20123749,4.41577686,0.89484321,0.79008157,0,0.18134104,0.55309655,0.41086739,0.58767448,3.75922088,0
KRIBB11,S8402,590,1,0,0,0,1,1.26837797,0.99713467,1.254699695,1.175969016,0.469117185,1.243150207,0.939726999,0.345184637,1.438103752,0.811469937,0.412722887,1.011965065,0.632632829,0.325172762,0.925309196,1.108892459,0.205843873,1.272785011,1.167664671,0.318456961,1.257688229,1.162147794,0.826369814,0.945757849,0.16,408,0.09087525,2.05665073,187.453427,891.991047,0.09867128,0,0,0.10911,0.00950358,1.65587616,0.36887533,0,0.04588455,0.00951188,0,0.05524315,0.09891249,0,1.65587616,0.7181,0.02163449,0.26696471,0.02143941,0,0.1742056,0.45434828,0,0.11185053,0.05457494,0,0.00063614,0.00758444,0.36005529,0.0106392,0.011605611,0,0.08215433,0.18383889,0.02706714,2.21866132,0.14850493,0,2.40520528,0,0.37713005,0.54538242,0.14763914,0
Importazole,S8446,591,1,0,0,0,1,1.323881427,1.285227446,1.243298269,1.413396583,1.594344958,0.974647625,1.067363943,0.98320038,1.056777877,0.955834259,0.588387571,0.983825613,0.725448817,0.835551593,0.754508395,1.272478869,0.693149282,1.368370911,1.257139567,0.654560378,1.444591729,1.148856991,1.120717074,1.032460288,0.427,430,3.76846986,0.83061576,236.323055,934.977087,0,0,2.05649304,1.96914,0.85371366,0.86557089,1.60048286,0,0.78041854,0.5479932,0.45859673,0.6321749,0.43367942,0,0.86557089,0,1.14093869,0.77221431,2.95874427,0.20600862,1.46704473,0.32712795,0.60946252,0.88464124,0.8326497,0,0.17760742,0.19373485,1.16948374,0.68189448,0.179917691,0,1.09671803,2.0855306,1.48747872,0.0335284,1.10365839,0,0.42602528,0,0,0.52737375,0.19544385,0
Salermide,S8460,592,1,0,0,0,1,1.2327108,1.466913074,1.119511367,1.133815714,0.970405278,1.083500023,1.381138096,1.106820223,1.327719946,0.885178267,0.803660978,1.045732408,1.384819246,1.056870484,1.353554895,1.290314832,0.986632284,1.082565894,1.354214648,0.89643993,1.216065748,1.502392344,2.247217002,1.048079477,0.218,65,0,0.4450612,1885.50982,2285.01511,0.44144985,0.05224093,2.48735581,1.42424,38733.3134,0.76523066,1.72500996,1.07070153,0.87792597,0.54764405,2.24836857,0.70476078,0.65547888,0.46900321,0.76523066,0,5.60516087,1.25868808,0.41455382,4.93413166,1.94887422,0.35314085,9.1790603,0.84040165,0.86048621,0.33049942,0.16662575,0.118708,1.11975864,0.74844406,0.186765961,0.123306205,3.45800534,1.16800633,3.00793353,1.44382189,1.04771951,0,0.39316891,0,2.16915543,0.93419065,0.46638862,0
CPI-637,S8190,593,1,0,0,0,1,0.855439879,1.063257659,0.957448252,1.000510403,1.004963871,1.009815323,0.547066123,0.434571293,0.927708411,0.779703003,0.736821259,1.002468,0.448060935,0.560732222,0.699578526,0.781539478,0.281196079,1.093362972,1.048825426,0.463075818,1.475609756,0.9420521,0.958797166,0.916432025,0.101,378,6.67502248,0.4054747,148.619646,9260.99302,0.76772925,0,10.4665233,0.36886,0.22732946,22.8397063,14.8486682,1.52679663,1.28787031,0.00331689,0.00469318,0.92999968,1.92262804,0,22.8397063,0,1.84477848,2.69626489,6.70087744,0,37.561337,0.06969905,0.11230712,2.29643238,4.53652846,0,0.04207598,0.00045273,0.93522069,0.01000446,0.060109546,0,20.1718308,0.13417379,0.06907834,1.87712792,5.84108445,0,1.45928378,0.05768653,0.96017275,0.90779365,1.38254152,0
BI-78D3,S8201,594,0,0,0,0,0,1.285353254,0.750750242,1.153172718,1.657309274,0.396104304,1.378238824,0.93777699,0.172803635,1.140171285,0.93910292,0.662554904,1.407324375,0.653834451,0.578670618,1.006563947,1.304367409,0.155103434,1.261987933,2.65108245,0.456181389,1.553552492,3.714513557,2.399884343,1.222121872,0.11,147,2.95641936,0.53201131,524.354687,1265.13557,0.82709639,0,0.16721391,0.21568,0.82317031,0.18484127,0.75414626,0.14514019,0.37621359,0.13232327,0.25610284,0.98365916,0.42635728,0,0.18484127,0,0.55722036,0.90358327,0.02284794,0,0.16508228,0.08364774,1.00753442,0.75663366,0.21169724,0,0.23778702,0.09063425,0.95611276,0.56877295,0.224506628,0,0.62885228,0.17367986,0.77918032,1.34570633,0.41918068,0,0.92472184,0,0.09901536,0.68793051,0.79341098,0
IC261,S8237,595,1,0,0,0,1,4.538313598,2.544209152,1.14041398,5.178370913,2.990135093,0.998092757,2.554866158,1.481589096,0.827705528,2.35222276,0.931498129,1.230397566,2.688718971,1.406905233,0.753471982,3.610611497,0.72564895,1.229279136,5.314256103,2.895167744,1.289501591,1.767145136,1.750469857,1.078361579,0.217,381,26.0769072,1.58050201,175.287866,13941.6313,2.24471308,0,10.1335232,1.44696,0.03369923,63.8961884,2.84426613,0.02806649,3.53370883,0.2109224,0,0.41044939,0.3170802,0,63.8961884,0,14.247054,7.29943923,3.33737908,21.7579791,12.8724409,0.13789085,0.07708974,0.67926071,0.52518635,0,0.22556925,0.0119573,0.75059954,0.03842346,0.019329418,0,8.42096401,0.42412179,0.18878035,1.08097123,0.61111802,0,11.0698749,0,0.08176254,9.70231349,3.36442506,0
Shikonin,S8279,596,0,0,0,0,0,1.539028848,0.702531324,1.523990499,2.072357162,0.376248822,1.477043308,1.087218578,0.16413968,1.479281409,4.009303608,1.063791262,1.429835937,0.89576851,0.289453325,0.940026256,1.421292056,0.151273251,1.493172436,2.213035468,0.296132143,1.730646872,3.173312068,1.593176232,1.150401105,0.289,603,0,0,231.255418,1163.52115,0.08460062,0,0,0,0.00240164,0.47943261,0.29442628,3.29010803,0,0.000014755,0.00187807,0.11365905,0.02860528,0,0.47943261,0,0.02050848,0.34033892,0.48861813,0,0.07042028,0,0,0.06206702,0.0178014,0,0.00204911,0.00014793,0.14544982,0.00118885,0.001106515,0,0,0.00032265,0.02446479,0.86950899,0.04257836,0,0.29924997,0,0.63653204,0.73688848,3.21601812,0
EAD1,S8576,597,0,0,0,0,0,1.338186442,1.357657551,1.440108585,1.296664365,0.960477537,1.390519607,0.778762631,0.823075704,1.274777243,1.080980152,0.420446588,1.222307474,0.521088743,0.317855785,1.165135079,1.249958713,0.289273593,1.195935218,1.318286504,0.639212065,1.889978791,1.314726209,1.282636981,0.795941136,0.289,64,1.99212449,1.85129956,289.222563,5690.81802,0.38753465,0,3.85259653,0.91283,0.23380262,6.82535889,2.12694367,0.48425551,2.78369299,0.24187134,0.06107353,0.47137841,0.46413593,0,6.82535889,2.0364,11.7612531,3.03701629,2.48080929,158.453914,6.10058688,0.80447609,1.06783816,0.87255783,0.59342688,0,0.29655184,0.0653049,1.18076653,0.2336306,0.099040123,0,5.74529718,1.64599779,0.94207193,0.02336473,0.48314863,0,0.05189654,0,0.7567073,2.84583889,0.3309215,0
SF2523,S8589,598,1,0,0,0,1,0.870889295,0.941794815,0.965592128,1.145344822,0.683631794,1.282783644,0.699698635,0.588990438,1.119755472,0.683045606,0.336377075,0.982066897,0.635813072,0.796763746,0.884889104,0.965484108,0.383928402,1.023181963,0.911331184,0.349974351,1.049840933,0.862838915,0.783576695,0.82845455,0.137,434,1.88059251,0.24117813,218.692281,1727.49875,0.82479735,0.000082919,1.62614408,0,0.02816681,9.86537487,3.73032803,0.18814751,1.05717847,0.0004507,0,0.46140763,1.63866073,0,9.86537487,0,0.02538398,1.86509205,7.44891324,0,3.8735098,0,0,0.79055679,2.27883272,0,0.07027659,0.00247007,0.53781242,0.1068349,0.089759734,0,5.57019659,0.00579939,0.06910024,1.76022494,2.73465703,0,0.3763413,0,0,0.54752224,1.58195356,0
C188-9,S8605,599,1,0,0,0,1,1.082603513,1.083399739,1.094536817,1.099588675,1.017530631,1.122575243,0.753235242,0.822441756,0.97857493,0.754945143,0.561651684,1.050656813,0.960315669,0.918792043,1.206591584,0.938099599,0.493069645,0.966973642,1.073698756,0.497219657,1.17126193,1.16108453,0.883041781,0.962970834,0.23,390,0,0.59698268,60.406511,3559.24906,0.17512284,0.00488804,0.27375274,0.76005,0.2739925,3.34208123,1.0898276,0.14336642,0.78296794,0.54598208,0.65474545,0.94058666,0.81065444,0,3.34208123,0.55732,12.396456,2.07670535,1.50941369,42.0783106,1.27250317,0.39737118,0.93874806,0.9269808,1.02915754,0,0.27333999,0.38846506,1.2287716,0.64070574,0.334804646,0,0.54544731,0.75182899,0.74620475,0.99546975,0.7861067,0,0.7019347,0,0.84901216,1.46762841,0.56083483,0
XMU-MP-1,S8334,600,1,0,0,0,1,1.020233649,0.87200963,1.066304717,0.906115832,0.238014452,1.287249384,0.673639426,0.199746421,1.485855994,0.76387606,0.630273795,1.235321971,0.492348767,0.280248095,1.038485456,0.892879127,0.160602211,1.223880597,0.988714878,0.290715092,1.213944857,0.951089846,0.747723001,0.921850927,0.105,151,6.73727487,3.20061066,182.136387,2910.52789,0.5165638,0.20978709,5.24650725,0,0.00611353,22.0651637,3.04211737,0.09697707,2.23277031,0.00037745,0.0005886,0.64769119,1.49764098,0.01230405,22.0651637,0.58549,0.0003357,2.00307055,1.60880432,0,14.3783839,0.02086389,0,1.33861621,1.57123957,0,0.41968073,0.00058341,0.81185149,0.00424491,0.427943441,0,21.5477475,0.00202728,0.03868542,1.03594448,1.56511986,0,0.9534662,0.17900183,0.60976654,0.9789601,0,0
NMS-P118,S8363,601,1,0,0,0,1,1.305952476,1.237618894,1.169731931,1.541297625,1.462393968,1.082383588,1.490338592,0.996935918,1.376856311,0.847306656,0.616608786,1.021110387,1.360790742,0.997626572,1.13570096,1.168525831,1.002370162,1.144490314,1.280285583,1.592941418,1.273860021,1.1158958,0.898077201,1.025128832,0.174,462,0.08600854,6.74372233,269.720555,2655.7076,1.59074449,0,0.95033978,1.64446,0.86110086,3.66926554,0.88624775,0.08754168,0.72570542,1.26088373,0.86733555,0.94595006,0.85933728,0.02004641,3.66926554,4.11383,3.33589988,1.89467397,1.8546778,0.7620709,0.8526421,1.06695905,0.93667912,0.88248199,0.82129249,0,0.56975355,2.11186436,1.11617676,0.77831136,0.567251878,0,0.88120971,1.35604212,0.71561069,1.12727528,0.80297356,0,4.2958801,0,0.33206057,0.80263518,0.97399526,0
MSC2530818,S8387,602,1,0,0,0,1,1.069252166,1.037215374,1.078249067,1.72864563,1.708199811,1.313485603,1.134373338,0.849067568,1.370627757,1.681047361,1.214304407,1.530786223,1.078338028,0.949633495,1.130518897,1.020433288,0.37850547,1.307081613,1.130354675,0.534974864,1.085100742,1.238171186,1.01720399,1.104818573,0.265,550,1.77817649,8.86783999,357.520531,6671.84387,0.0063214,0,1.76096826,2.59633,1.43615554,2.26573865,1.88599079,0.45443268,0.67238613,0.90025134,0.92361123,1.10005658,0.77880565,0.11024777,2.26573865,3.64585,6.11098485,2.07152655,3.22162933,56.8891062,0.61341444,1.20947339,1.97426624,0.98256619,0.95035414,0,0.06857162,0.01117747,1.19320542,0.23928348,0.014581774,0,1.44077597,1.37443335,3.26725272,0.80133008,0.71372952,0,0.46770973,0,0.6486672,2.10441369,1.8128644,0
Capsazepine,S8137,603,0,0,0,0,0,1.623523802,1.248808938,1.10349508,1.380610682,1.213446434,1.010931758,0.753589789,0.687569338,0.835664235,1.119417012,1.005467418,1.113970581,0.67986533,0.666867731,0.732121882,1.343822721,0.592881928,1.45220705,1.311031783,0.478752437,1.221367975,1.148856991,0.948388029,0.998671838,0.144,252,1.12264256,0.84926191,223.852439,1974.01775,0.766111,0,1.00999773,1.1689,0.90957877,0.8990248,0.84644242,0.05667223,0.26826324,0.24080905,0.2873377,1.01476651,1.01697708,0,0.8990248,0.49834,3.5006351,1.75961603,1.95283413,0,0.26716156,0.51542428,3.07595757,1.02093936,0.90827461,0,0.33192441,0.14372783,1.04856147,0.7845566,0.207164849,0,0.15469771,0.22787152,2.86730081,1.53871131,0.67128893,0,0.00142826,0,0.9507991,0.81031552,1.36751025,0
MX69,S8403,604,1,0,0,0,1,1.151839784,1.006290161,1.155072956,1.214879755,1.188061577,1.057263804,0.897890445,0.759997887,1.054355662,0.820853052,0.635620973,0.971514602,1.289058589,0.962221843,1.656187383,0.891437837,0.422723222,0.932041918,1.246775679,0.496727198,1.785790032,1.18128655,1.036865693,1.026085109,0.132,689,0.57195599,0.75521504,170.73421,1077.91919,0.31687672,0,0.53236704,0.83301,0.80313599,3.41641365,0.82751559,0.06147848,0.56751413,0.72659088,0.62075219,0.83635996,0.63498726,0,3.41641365,1.51744,0.56140555,1.08723445,0.44754266,0.00994548,0.74534429,0.99301562,1.16932991,0.95465001,1.03852522,0,0.08283912,0.35441149,1.0330548,0.81466863,1122.549952,0.735853194,0.79071709,1.3183541,0.74572608,1.24751276,0.99108876,0,0.67027272,0,0.76258682,0.55221916,0.30148037,0
Cucurbitacin B,S8165,605,1,0,1,0,0,1.289358659,1.71736661,1.115710892,1.192542108,0.669682689,1.271061078,0.687466761,0.440065508,1.178580697,0.871951466,0.570068537,1.058395162,0.515788337,0.637285113,0.985213846,1.082048433,0.339103889,1.33439187,1.060225702,0.557956294,1.223753977,1.145667198,1.035709122,1.032779047,0.144,283,0,0,0,951.562633,0.27827636,0,0,0,0.00360032,5.21761162,0.18960912,0.08059568,0,0,0.00515722,0.17228513,0.0497291,0,5.21761162,0,0.3400833,0.57459307,0.88260246,0.45996021,0.20207531,0,0.11176867,0.21183633,0.09688538,0,0.00171824,0.000047641,0.14909405,0.00107159,0.003003367,0,0.14706019,0,0.01304248,1.67112421,0.11379661,0,0.06315663,0,0.17672117,0.72903518,1.3202592,0
B02,S8434,606,1,0,0,0,1,1.039307002,1.037215374,1.023142178,1.96859519,1.76349356,0.991952365,1.219110087,0.844048814,1.030479541,1.325619459,0.831981214,1.252557385,1.145005349,0.86513421,0.811303807,1.112315522,0.683554865,1.127024452,1.312413634,0.697650559,1.426033934,1.208931419,1.049587972,1.075173989,0.145,341,0,0.5856003,54.8640096,988.281987,0,0,0.21788602,0.25952,0.23025279,0.71868853,0.75275306,0.01874676,0.74827126,0.24506169,0.101365,0.73952374,0.57622515,0,0.71868853,1.11126,0.67198855,1.10056531,0.27808475,0,1.104639,0.69753616,0.64232558,0.86283639,0.72630011,0,0.11739523,0.14565586,1.15365308,0.69713574,0.151382325,0,2.13162441,0.5780085,0.60853122,0.66615198,0.95358028,0,1.76416212,0.0251743,0,0.56774522,0.45685314,0
PF-06447475,S8202,607,1,0,0,0,1,1.194945561,1.179430664,1.254971157,1.545621041,1.281935281,1.196818161,1.079595816,0.814411749,1.108336457,1.114895028,0.815642616,1.000005798,1.520745198,0.929256107,1.452014095,1.107271008,0.596901724,1.466814862,1.211538462,0.876741562,1.422587487,1.177033493,0.951857742,1.124900388,0.134,540,0,5.91217278,67.950643,1505.6579,1.86892406,0,1.68667819,0.88836,0.48402025,3.9707591,1.06677915,0,1.63943728,0.75750685,0.38368796,0.5468232,0.56258482,0.00963141,3.9707591,1.14096,1.23559336,1.13137991,0.40332726,0.38653962,1.36889374,0.77008589,0.50404036,0.78807118,0.75208134,0,0.1911823,0.13775185,1.17475925,0.75694621,0.027538475,0,1.55846792,0.8264346,0.42760232,0.72124219,0.76169083,0,0.17318671,0,0.68211788,0.59530698,0.849675,0
PF-8380,S8218,608,1,0,0,0,1,1.113120877,1.041284481,1.073091279,1.467078992,1.512661012,1.041633716,0.850735685,0.741771884,0.980651115,1.442738831,1.008537094,1.45797539,0.740289952,0.864347438,0.792441097,1.25680484,0.773431426,1.906001905,1.256103178,0.771026983,1.49204666,1.123870282,0.977880584,0.990065346,0.133,510,0,1.42247082,226.370657,1573.55696,0.2633727,0,2.52583321,0.97558,0.59067202,0.06230231,0.85420431,0,0.82958315,0.54431035,0.78806714,0.98591275,0.51319148,0,0.06230231,0.23667,1.92549454,1.0287274,0.79104264,2.3991623,0.97939119,0.42192046,0.93349975,0.94189475,0.68312478,0,0.2577983,0.22675552,0.95100973,0.71571864,0.12172141,0,0.73536974,0.95681184,1.29733902,0.98416983,0.58709152,0,0.00597751,0.00770676,0.9283658,0.61199645,0.74635546,0
Senexin A,S8520,609,1,0,0,0,1,1.118270683,1.022159679,1.129012555,1.123007176,0.816713792,1.172814811,1.376706258,0.801627133,2.145736613,0.878621391,0.571256799,0.985584328,1.299894973,0.815803622,1.85124024,1.15681535,0.641991695,1.258812321,1.027061262,0.397824972,1.191940615,1.131313131,0.960532023,1.04106678,0.168,260,0,4.80854013,179.375237,940.27164,1.71903112,0,1.12845149,4.57354,0.2612041,0,0.83722236,0,0.60329979,0.73488444,0.18671345,0.40908918,0.32844277,0,0,1.90911,0.97795338,0.67227232,0,0.45284967,0.66736105,1.13676547,1.26849596,0.69881265,0.55614384,0,0.37906909,0.4795019,1.12577225,0.55029048,0.258290298,0,0.42830824,1.84457067,0.9822337,1.25707641,0.56743741,0,0.30113203,0.11931924,0,0.49157025,1.55627155,0
Tucidinostat (Chidamide),S8567,610,1,0,0,0,1,5.190622268,1.43252912,2.10084832,11.52334344,1.279296261,1.876168768,7.549370679,0.817581489,2.805271202,9.635103263,0.745634199,2.196284278,3.987436076,0.714074035,1.1684516,16.39413275,0.56796678,5.149571292,10.17181023,0.540227762,3.365588547,3.196703881,1.092959375,1.033097806,0.312,430,0,14.9434997,1631.11405,8364.40432,1.00748992,0,4.29015811,0.32739,5.3054338,0.93550189,2.58060345,0.17176905,0.56713211,0.01745831,0.97769644,1.09053394,1.17442981,0,0.93550189,1.38002,1.16095458,1.73060548,0,0,0.85150978,0.28986123,1.36432319,1.6915105,1.44759279,0,0.07185752,0.022119,0.98867453,0.70873037,0.092542783,0,1.7946313,0.13723453,2.36076504,1.03938188,1.48909715,0,0.66200623,3.0685762,1.42607912,1.41419715,0.80530957,0
VLX1570,S8288,611,0,0,0,0,0,0.865358023,0.643936183,1.093179505,0.871888792,0.26754634,1.109736242,0.545116114,0.16202652,1.2315234,2.599123058,0.348952844,1.066836998,0.422383416,0.239335965,1.044082084,0.857567523,0.126054722,1.400127024,1.038807001,0.254683492,1.303552492,1.170122275,1.478675726,0.946395367,0.141,287,0,0.1655592,190.758372,1349.53282,0.2441322,0,0,0,0.00286324,3.38965044,0.00661067,0,0.00128266,0.000037024,0,0.0100083,0.00161626,0,3.38965044,0,0.01822517,0.34972175,2.56632607,0,0.00862435,0,0,0.08037103,0.00250808,0,0.00124965,0.00016094,0.18648417,0.00359197,0.000363835,0,0.50864898,0,0.03662965,0.52362786,0.00625125,0,0.6570149,0,0,0.89893871,2.63130416,0
JQ-EZ-05 (JQEZ5),S8607,612,1,0,0,0,1,1.154510053,1.138536139,1.142857143,1.463115862,1.809990575,1.000325627,0.745967027,0.85213165,0.90348626,1.223309583,0.987544471,1.493501449,0.673151484,1.140268289,0.796586748,0.852162686,0.773014278,0.721498889,1.285812989,1.027516159,1.473488865,1.179691653,0.965158306,0.982096371,0.212,650,0,1.47759842,171.352643,978.265384,0,0,0.77093855,0.92739,0.74899403,5.84728647,0.8920479,0,0.67023248,0.72025342,1.79001711,0.99884101,0.87975958,0,5.84728647,0.56471,0.38766864,0.75648559,0,0,0.52295814,0.70082449,1.6478387,0.90935324,0.89038606,0,0.23514743,0.93979581,1.04784316,0.86447396,0.462109519,0,0.57637478,1.14194683,1.95225249,0.24209562,0.92187752,0,0.65595003,0,1.52120992,0.57672673,0.72670656,0
Sabutoclax,S8061,613,0,0,0,0,0,1.09328459,1.50821451,1.016084153,1.270723872,1.338737041,1.289482253,0.755362524,0.891330762,1.006949451,0.828653474,0.817722074,1.000709284,1.007312596,1.127758618,0.986042977,1.161679703,0.563188532,1.136868847,1.158682635,0.513881194,1.293478261,1.151515152,1.367644933,1.105456091,0.103,460,3.30077723,0.96238886,678.693808,8472.72335,1.81065288,0,18.5430733,0.18203,0.00508841,14.8313555,5.15862508,0.96191165,16.1229563,0.26516385,0.01337173,0.4740842,2.99597958,0,14.8313555,0.4506,2.62690468,2.25237531,6.62619491,39.9553407,40.6045767,1.06828679,0.39152102,1.07811984,2.85780785,0.01650124,4666.09994,0.04579085,0.96428845,0.10814096,1122.549952,0.221220997,253.737628,1.25158632,0.58809742,0.77538879,8.78283556,0,2.00357017,0,1.81047585,3.68094774,0.72988421,0
Apoptozole,S8365,614,1,0,0,0,1,0.980179607,1.020938946,1.085035629,0.976371333,1.05070688,1.033818672,0.613720971,0.924982831,0.963695608,0.884160821,0.864064279,1.292304362,0.755602234,1.08928548,1.311061977,0.702809014,0.476800849,0.813909178,1.130354675,0.753872987,1.317073171,1.129186603,1.010842851,1.048398236,0.129,71,1.15229865,0.37684904,170.753409,634.899265,2.4358611,0,0.32075664,0.22745,0.19623049,0.97303936,0.84364042,0,0.21299159,0.58191526,0.43768581,0.85187073,1.04010606,0,0.97303936,0.46911,0.10098662,0.75910818,0,0,0.65321015,0.427619,0.93224049,0.89078714,1.28331359,0,0.02216397,0.07007164,0.91917167,0.66700927,0.048243589,0,0.15945442,0.95864812,1.15146671,0.93725149,1.14995836,0,0.57786745,0,0.13438592,0.42568264,0.75548179,0
AZD9496,S8372,615,1,1,0,0,0,1.685702933,1.064071481,1.269901595,1.875641757,1.259315112,1.074568544,1.319801454,0.962121612,1.058162,1.135809202,0.930903998,1.040104518,1.400013742,1.166231757,1.210737235,1.535874608,0.984432773,1.201016196,2.011976048,0.545644814,1.400053022,1.885699096,1.065779962,1.138925782,0.2,553,0,0.38853774,228.808164,838.851798,0.0791632,0.00486183,0.85715028,0.29887,0.47642001,0.20923798,0.39730518,0.02251808,0.47993058,0.69843272,2.82739382,0.66807196,0.85883597,0.07349048,0.20923798,0.20576,0.33407563,0.3903431,0.32135102,0,0.21772955,0.34617674,2.04436448,0.77344155,0.56393928,0,0.41122025,30713.9863,1.01411102,0.79323683,1122.549952,1.159143952,0.61051124,2.10454695,2.26377223,0.77759702,0.76061665,0,1.07931458,0,1.02793719,0.47957107,1.64475012,0
"Pamapimod (R-1503, Ro4402257)",S8125,616,1,0,0,0,1,1.039497735,0.940777539,1.039429929,1.334133966,1.166321081,0.986928409,0.786917213,0.765016641,0.972692408,1.519386451,1.063395175,1.375667491,0.517319565,0.538859968,0.684654184,1.19158647,0.897969245,1.404255319,1.207392906,0.498943265,1.367444327,1.06539075,0.905594911,0.992296658,0.162,677,0,0.94783044,0,811.472173,0.19672129,0,0.08353269,0.09835,0.94211185,5.77311461,0.04284357,2.8843777,0.29878834,0.11775307,0.47258375,0.36380136,0.05113246,0,5.77311461,1.14686,0.18766599,0.66038102,0,0,0.71380468,0.38038971,0.34328807,0.68164099,0.21085074,0,0.57115453,0.51195935,1.20492252,0.78679157,0.08421947,0.060092943,0.52033478,0.38294584,0.63627847,0.07320237,0.11757636,0,0.38867806,0,0.32089543,0.46837051,0.39304786,0
GNF-7,S8140,617,1,0,0,0,1,1.095573393,0.763567929,1.026399729,0.963401087,0.628463713,1.047215891,0.555397979,0.1971578,1.018022434,0.920788887,0.614331285,0.956389646,0.909549564,0.529969447,0.929454847,0.990166199,0.153207304,1.263893299,1.080608015,0.291207551,1.186373277,0.982987772,0.861066937,0.927907347,0.287,782,0.62168853,1.23040064,114.138399,645.171451,0,0,0.03647469,0,0.00369149,0,0.00068177,0.25345409,0,0,0.00197985,0.00630627,0.00497213,0,0,0,0.05986722,0.20151766,0,0,0.08217355,0,0,0.03461748,0,0,0.00141069,0.00010675,0.10710187,0.00390349,0.002816633,0,0,0,0.03589241,1.25375455,0.00525636,0,0.19160416,0,0,0.45052187,2.20071086,0
S49076,S8404,618,1,0,1,1,0,1.834093618,1.918787406,1.232168307,1.94913982,1.128746466,1.190119552,1.165396206,0.844207301,1.069927045,1.724345353,0.749694093,1.312353722,1.323687904,0.79637036,0.854625855,1.858723558,1.015567227,1.82851699,1.613311838,1.107458705,1.823700954,1.464646465,1.8002024,1.135100675,0.266,147,0.35886688,2.19166031,15716.5075,30174.6382,1.44317787,0.20712614,1.5336603,0.62812,38733.3134,5.76368812,1.21365683,0.62262477,0.9896941,0.33158533,3.52753122,0.85536932,0.65537588,0.10339907,5.76368812,0.16295,11.9348449,2.68493418,1.5152421,6.72000896,2.34094762,0.29987368,3.82647499,1.07269974,0.73592715,0,0.12376025,0.71956949,1.09948342,0.82792857,0.474182078,0.687198337,2.29211491,0.65001969,1.41116905,1.26635983,1.00263584,0,0.59484011,1.62015578,48.620086,31.6602626,1.21637876,0
R-IMPP,S8420,619,1,0,0,0,1,1.227751729,1.047591597,1.112724805,1.551745879,1.161294376,1.219705075,1.197482716,0.846267632,1.150552207,1.531821906,0.866539824,1.165325082,1.467623357,0.910688294,1.405997374,1.26689387,0.560875254,1.311527469,1.29894058,0.888888889,1.278366914,1.264221159,1.151944485,1.08409924,0.197,150,0,0.76658245,88.8606216,1462.49326,0.29859301,0,1.20876558,0.83004,0.39874004,0.95377538,0.81015092,0.00273756,0.71236491,0.49775359,0.38961821,0.77048471,0.91590468,0.01491141,0.95377538,0.87502,1.6590811,1.59778782,0.39643697,0.26841539,1.29170356,0.46392456,0.35356175,0.89554199,0.96457016,0,0.16186085,0.23779295,1.21743312,0.51383142,0.068835457,0,0.66611596,0.76510061,0.46039041,0.92011718,0.88106322,0,0.10809572,0.05245222,0,0.58636279,0.65387078,0
ONO-4059 (GS-4059) hydrochloride,S8166,620,1,0,0,0,1,0.970833664,0.963767993,1.012555141,1.293782088,1.195727301,1.075684979,0.72150328,0.717576206,0.938781395,1.183290029,0.963779238,1.236025457,1.313322667,0.961828458,1.15207628,0.955395079,0.720150173,1.254048904,1.018079226,0.509366985,1.275715801,1.004784689,0.86684979,0.93332625,0.218,3219,0,3.44843087,181.830322,934.74084,1.21513931,0.07557757,0.28805175,0.48905,0.35716388,0,0.61722014,0.22887182,0.44708646,0.78311927,1.22179875,1.10170775,1.21185914,0.13791842,0,3.53598,1.91791394,1.32543094,1.77891105,0,0.74904177,0.97893909,0.83281767,0.91012793,0.92824807,0,0.23417566,0.69867049,1.15379532,0.96274414,2.787163611,0.576520214,0.1998884,0.69021389,0.87161988,1.48925549,0.85142193,0,0.50015412,0,0.45411409,0.50986383,1.2080235,0
BAY-876,S8452,621,1,0,0,0,1,1.087944051,1.100896899,1.380929759,0.946827994,1.035752435,0.983020887,0.628080128,0.673094194,1.019752588,0.675358234,0.658693054,0.896241566,0.412489326,0.694090033,0.714295585,1.009443452,0.738353021,1.552238806,1.043643482,0.569529086,1.295068929,0.947900053,0.798612115,0.906869256,0.153,582,0,0.38117805,281.996882,1233.36901,3.34958409,0.04088619,0.9145727,0.64524,0.34945231,3.56662093,0.83443485,0.04140062,0.40365625,0.48568826,1.1070501,0.76776495,1.172416,0,3.56662093,1.4206,1.5574421,1.10421705,0,0.07698074,0.54508186,0.62300459,1.01229706,0.83015596,1.21193574,0,0.05916684,0.53223776,1.00752648,0.84867128,2.093889672,0,0.47160716,0.88478007,0.93052579,1.99714063,0.96130929,0,0.78078999,0,0.45065136,0.70371383,1.95842101,0
GSK'872 (GSK2399872A),S8465,622,1,0,0,0,1,1.197234364,1.06366457,1.073905667,2.498573873,1.350047125,1.020421454,1.539975182,0.75460933,0.98791776,1.105511913,0.626609988,0.948651297,0.854425348,0.410930882,0.747460789,2.334349243,0.886099471,1.409336297,1.224666053,0.535877706,1.361611877,1.087187666,1.139222206,0.986877756,0.092,95,0.57018947,9.21853862,196.493459,1054.33245,0.32925838,0,1.09909901,1.58354,0.22763759,0.61939074,1.10076874,0,1.20952009,0.73004528,0.11888357,0.55093747,0.5668043,0,0.61939074,5.98348,0.92806576,1.42320861,1.42137099,0,1.83137117,0.999283,0.32478991,0.77609289,0.6699301,0,4.24798099,0.65371271,1.21826582,0.81591824,0.177032404,0,1.0247208,1.05096548,0.74581386,1.18998139,0.64395692,0,1.67320944,0.64217744,0,0.69815828,1.44859151,0
Enasidenib (AG-221),S8205,623,1,0,0,0,1,1.128188826,1.128363371,1.031828979,1.750983277,1.520201068,0.962366842,1.101223187,0.880342332,0.857810202,1.157288624,0.803066847,0.951113499,1.108609233,0.962693906,0.785808056,1.033404897,1.046360378,1.022229279,1.11204514,0.579214117,1.270678685,0.947900053,0.825791528,0.974446156,0.162,349,0,2.42553744,144.932228,1371.41187,0.8312821,0,1.35954563,1.21448,1.08555049,0.12785877,0.87304846,0,0.94586862,0.77645126,1.34335532,0.9818811,0.74894568,0,0.12785877,2.88658,4.70100254,1.79830188,1.81447721,0.78799149,0.61431688,0.70465544,1.00310221,1.0550721,0.9522155,0,2204.7627,0.96532586,1.0343006,0.87995026,0.37739721,0.106290731,0.87273272,1.71772635,1.6146854,1.97477306,0.86962935,0,0.48913741,0,0,0.63743612,0.66894121,0
EAI045,S8242,624,1,0,0,0,1,1.152793451,1.057764365,1.14692908,1.281172126,1.174866478,1.0667535,0.934408793,0.80231391,1.051933447,0.974035243,0.935756067,1.016185983,0.653952237,0.6404322,0.760726871,1.447055114,1.013140181,1.669418863,1.337286965,0.968585206,1.473223754,1.158958001,1.108573081,1.039154226,0.14,371,0,2.01136131,354.990717,1357.3697,1.45878989,0,1.17047185,1.056,0.96601454,0.4790172,0.91354709,0.04162586,1.15337148,1.21998559,1.78581464,0.99965195,0.94842835,0.03240469,0.4790172,3.434,5.88519401,1.84819247,1.32148845,2.88203629,1.30679525,0.91806988,1.23902961,0.88510236,0.93017929,0,0.43798662,0.75120325,0.99835365,0.88747012,0.314624512,0,1.60642445,1.28300195,0.96498609,1.07933201,1.01417857,0,0.21215245,0,0.03572622,0.7745422,0.43443366,0
Btk inhibitor 2,S8542,625,1,0,0,0,1,1.438321545,1.209745511,1.430064472,1.349986489,1.309456488,0.904870447,1.787449034,0.991811506,1.271316935,1.269772963,1.082803449,1.234266741,0.789524828,0.754828812,0.793270227,1.141681805,0.90767743,1.194347412,1.194956241,0.531691803,1.30116649,1.149920255,1.195315888,1.017797376,0.162,559,3.34988472,2.30900972,48.4790391,941.5058,1.06960733,0,1.83355568,0.85634,1.9214166,1.37626273,0.84173597,0.12250713,0.66620494,0.45214283,1.38290338,0.86480401,0.72034659,0.00540621,1.37626273,0.96805,8.09587107,1.63222736,2.92474038,6.29837714,0.9228464,2.14959222,12.9646787,0.97449664,1.26157873,0.87536872,0.23123168,0.490857,0.99523056,0.88134464,1.046137276,1.58499847,1.24185242,1.04036537,767.069413,0.67410111,1.17227252,109.685116,0.48831173,0,0.10446186,0.52500183,1.14662523,0
Necrosulfonamide,S8251,626,1,1,1,0,0,21.29597075,17.71526424,0.117543264,38.38976792,12.31530003,-0.856305531,29.88175855,7.42997517,-0.764727933,21.63769098,7.183437896,1.195223251,23.53321097,12.68087227,-0.405651904,22.74733887,4.092834525,0.306764052,92.47178719,16.43500564,-0.48038176,141.164806,118.798323,-1.042979334,0.136,400,0,0,5.24943377,1092.5438,0,0,0.05662398,0,0.01241725,5.01881853,0.2935775,0,0.05819575,0.00112432,0.00212777,0.36168739,0.0403449,0,5.01881853,0,0.06354341,0.46679145,0.67813681,0,0.08557499,0.00195588,0,0.20578926,0.03192972,0,0.00076091,0.00020142,0.18179553,0.00136931,0.002137466,0,0.16686971,0.00920512,0,1.2228621,0.03788246,0,0.03609682,0,1.13452292,0.666342,3.90486423,0
XMD16-5,S8273,627,1,0,0,0,1,2.453214655,1.428866923,1.368442484,3.730387006,1.246622683,1.309019863,3.049813863,0.668445243,1.339831022,27.1231961,8.257824491,1.570884943,2.38965832,0.544603401,1.321218821,3.092467759,0.378315857,1.773261353,2.465223399,0.559761978,1.783138918,1.314194577,0.85933208,1.061148595,0.265,754,0,1.15533342,0,1888.03159,3.62900134,0,0.71601066,0.23736,0.00850201,2.28004752,0.43895454,0,0.87116392,0.08257239,0,0.36124824,0.24757862,0,2.28004752,0.45742,0.32888209,1.3889723,0.35825192,85.4955837,2.02037229,0.19114657,0.09067222,0.69926154,0.26577606,0,0.0333374,0.0294552,0.7277908,0.04828419,0.004918352,0,0.42142698,0.13064691,0.0174503,0.73916275,0.26897959,0,3.53596413,0.04528245,0,0.6959465,0.77733034,0
RXDX-106 (CEP-40783),S8570,628,1,0,0,0,1,1.132384964,1.050846883,1.032643366,1.473564116,1.09117185,1.139321766,0.714944159,0.574779439,0.860578448,2.342048297,0.892285494,1.105880488,1.38175679,0.83924942,1.218199406,1.312294504,0.892849694,1.264210861,1.652349148,1.901795424,1.695121951,1.197235513,1.306924967,0.971577326,0.257,293,0.90563458,2.73286541,339.543616,6233.46998,0.20486283,0,1.9842194,0.57612,0.7914505,1.39104123,0.8773817,0,1.17973781,0.56550113,0.61487472,0.70270088,0.49469253,0,1.39104123,0.72962,11.4499407,2.11908142,0.15849037,174.947031,1.75077158,0.748631,0.87902821,0.94492364,0.66520478,0,1.67517027,0.38207514,1.1145671,0.80673502,0.181981539,0.216566838,1.48922261,0.83877731,1.07717375,1.34092947,0.55471765,0,1.83276429,0.44598678,0.5176994,2.1023523,0.76140775,0
Pamiparib (BGB-290),S8592,629,1,0,0,0,1,1.061622824,1.278309964,1.171089243,1.125529168,1.425699026,1.157742941,0.721148732,0.883089439,0.963003547,0.97222645,0.97922664,1.168842514,0.558427154,0.935628958,0.89691149,0.926749441,0.719277954,1.191806923,1.137263934,1.176402996,1.378313892,1.08559277,1.065779962,1.069755087,0.175,370,0,7.27165908,98.3764492,2692.5828,0.25277021,0,0.57022261,1.59723,0.32736033,0.25865269,0.98751714,0.01612139,0.70847886,1.07271859,0.58555792,0.79566756,0.57313844,0.0038284,0.25865269,2.32287,0.20797604,1.28461168,0.39518707,0,0.84635588,1.1886633,0.7233412,0.80400319,0.80971012,0,0.10261168,0.25866109,1.1025378,0.69057147,0.069607527,0,0.84607963,1.56241924,0.75620033,0.97480643,1.08174017,0,1.19995349,0.21072348,0.09164426,0.64859881,0.19744176,0
Adenosine Dialdehyde (ADOX),S8608,630,1,0,0,1,0,1.327696098,1.225411573,1.139871055,1.583811211,1.393905121,1.103595851,0.839922,0.691214539,1.009717697,1.092059012,0.879610703,1.059450392,1.946662217,0.956085024,1.200787674,1.253742099,0.568042625,1.381073357,1.635076002,0.873868883,1.819989396,1.207336523,1.157727338,1.121712798,0.112,541,0.18657395,3.48656547,161.542918,1804.17811,1.32168997,0,0.81863681,0.56348,0.57443312,0,0.7996089,0,0.60552624,0.25261242,0.26010635,0.76869601,0.72182302,0,0,0.2916,0.8848498,1.2071852,1.35722644,0.0167451,0.69743263,0.57159657,0.47557337,0.89579216,0.92334519,0,0.08201618,0.06302657,1.25101133,0.61805383,0.041923229,0,0.70759074,0.47721555,0.75350701,0.03236426,0.82117715,0,0.35284342,0,0.06549215,0.62416919,1.53792663,0
LY3023414,S8322,631,1,0,0,0,1,1.140586506,0.689713637,0.884153376,1.508511724,0.780647188,0.935014188,1.234532884,0.429658196,0.840854696,2.278740528,0.937934547,1.212458665,0.612726862,0.274504662,0.596351828,2.548380801,0.534101898,1.318831375,1.532128052,0.341028009,1.355249205,0.940457204,0.732687581,0.787972162,0.107,603,0,19.5560636,239.935901,983.577977,0.57404357,0,0.73032597,1.73206,0.22856622,2.05520588,0.47764219,0.05958503,0.39119963,0.46595057,0.16554501,0.26985892,0.58089631,0,2.05520588,6.59395,0.10522122,0.33192023,0,0,0.29118142,1.61943847,0.48841127,0.47998721,0.52922674,0,0.00964444,0.05027298,0.58967315,0.76559535,0.037893193,0,0.43974506,1.04138546,1.06671426,1.87467106,0.86767469,0,0.60305805,0.8658823,0.56547164,0.56598421,0.17380993,0
AZD3264,HY-19362,632,1,0,0,0,1,0.99925296,0.889913701,1.027757041,0.948629417,0.330757147,1.094664372,0.565679844,0.246711395,0.989993944,0.757997482,0.222997107,0.822375503,0.426741527,0.359948073,0.888205624,0.782980768,0.168717647,1.181327406,1.258521419,0.458561609,1.295068929,1.051568315,0.816538962,1.025128832,0.311,581,2.40362236,0,122.911986,575.912692,0.13483529,0,0,0,0,0.05853507,0,0.01582092,0.00516163,0,0.00095387,0.01789614,0.00023423,0,0.05853507,0,0.03554803,0.28123285,0.09248595,0,0.16928656,0,0,0.07703216,0,0,0.00037851,0.00012229,0.10443778,0.00183806,0,0,0,0,0.08203201,1.18835851,0.01298856,0,0.52943599,0,0.02307917,0.41889482,0.62156404,0
BMS-345541,HY-10519,633,1,0,0,0,1,1.114074545,1.048201963,1.029657279,1.822319633,1.293622369,1.045541238,1.124800567,0.723176079,0.996914559,0.767719746,0.507882843,0.906793861,0.896004083,0.596215628,0.810267394,1.419130121,0.5878003,1.50555732,1.209120221,0.860326254,1.405885472,1.080276449,0.946653173,1.006959571,0.242,573,2.79359431,1.02676043,54.1625205,1071.48802,0.716664,0,0.76928702,0.16911,0.49122712,3.33143376,0.34482952,2.3856932,0.25232795,0.01963625,0.04609044,0.36286095,0.58981841,0,3.33143376,0,0.16368703,0.70904249,0.42009577,0,0.52352968,0.12389221,0.03929645,0.69314732,0.50125054,0,0.01722554,0.0103169,0.83096088,0.01926043,0.017413279,0,0.1389244,0.04364465,0.09260995,1.28185295,0.49698255,0,0.40966632,0.2655135,0.62243286,0.54721679,0.41976604,0
(-)-Epigallocatechin Gallate,HY-13653,634,1,0,0,0,1,1.155845188,1.04921924,1.053003054,1.323685712,1.073452718,1.14267107,0.882822195,0.755084791,0.986879668,0.984096656,0.726919078,0.968700657,0.582573445,0.582289768,0.75575209,0.997732971,0.767629269,1.049221975,1.215338554,1.36920078,1.230646872,1.093035619,0.878993783,1.014291027,0.277,134,2.22110101,2.27843856,0,1249.60865,2.28058866,0,1.06333669,0.87539,0.39543906,6.59002959,0.79980659,0,1.18222677,0.61459459,0.61561035,0.91579299,0.73680005,0,6.59002959,1.19432,0.27137378,0.79358615,1.72859649,0,1.08894308,0.69695302,0.78006485,0.87447988,0.75054534,0,0.55814781,0.31018014,1.00791819,0.72078255,0.462122447,0,0.87912686,0.53334205,0.75182115,1.14690361,0.68881281,0,0.36435811,1.20322138,0.32260097,0.46081464,0.1469542,0
MLN120B,HY-15473,635,1,0,0,0,1,1.133147898,1.021345857,1.057889379,2.024439307,0.928432297,1.077359632,1.114873249,0.586032014,0.976844776,1.126199987,0.71444233,1.021110387,1.134168965,0.496925034,0.866233677,1.108712298,0.256736002,1.290568434,1.208429295,0.880188776,1.284199364,1.179691653,1.031082839,1.069117569,0.372,504,0.0217005,0.75478513,55.1888768,1642.00897,0.24108164,0,0,0,0.04760222,0,0.71239722,0.03373058,0.38028259,0.03830006,0.18926007,0.64677798,0.53975001,0,0,0,5.56047421,1.21451007,1.11139894,1.86147853,0.21730974,0.03068561,0.19286539,0.74501962,0.2950709,0,0.00529275,0.00026307,0.50745537,0.00280274,0.004256674,0,0.15552575,0.03341127,0.38694849,1.12728641,0.20873075,0,0.15938891,0,0.09145017,0.7517366,1.41517758,0
PK11007,HY-128784,636,0,0,0,0,0,2.61076055,0.622369916,1.11326773,4.593989252,0.260760289,1.345862213,2.000709094,0.128849913,1.16127916,2.110635792,0.438567579,1.020758644,1.217679797,0.219666671,0.864782699,3.061299863,0.150173496,1.645919339,4.907646246,0.259443931,1.303552492,5.07814992,1.139800492,0.962014557,0.32,563,0,0.15720646,164.87322,1634.56044,2.35460386,0,0,0,0.00866523,0,0.06125416,2.94332351,0.00808709,0,0,0.01128294,0.01589192,0,0,0,0.05980002,0.38916335,0.93542186,0,0.20092922,0,0,0.07947126,0.08904727,0,0.0008375,0.00013414,0.15859096,0.00181775,0.008285172,0,0,0,0.02943758,1.58237378,0.06037145,0,0.30251691,0,0.29324319,0.82760719,3.38732258,0
BAY 11-7085,HY-10257,637,0,0,0,0,0,1.035683064,0.766009393,0.999524941,0.99402528,0.431165567,1.135972461,0.629143769,0.285540705,1.030825572,1.962879982,0.239929836,0.974328547,0.454539208,0.432252396,0.729427209,1.062410858,0.160791824,1.228008892,1.344887149,0.362449985,1.335365854,1.553429027,1.213242735,1.006640812,0.365,220,0,0.14556059,0,1119.02438,1.21585081,0,0.16596816,0.035,0.24548756,0.92783942,0.28386104,0.50355995,0.3808634,0.02645389,0.05233625,0.96246812,0.73374343,0,0.92783942,0,0.39552871,0.71070636,1.01236226,0,0.57610807,0.06527171,0.06377615,0.73477197,0.51618107,0,0.01550352,0.02450671,1.16833996,0.57931434,0.115940655,0,0.59701933,0.12690078,0.31747386,0.02957085,0.67568061,0,0.38837731,0,0.84266263,0.56775315,0.34709268,0
alpha-Mangostin,HY-N0328,638,1,0,0,0,1,0.954812048,0.929994405,1.100508992,1.210196055,0.970782281,1.323533516,0.720085091,0.69063342,1.126676086,0.801182424,0.68097296,1.025683048,0.582102298,0.644680767,0.811303807,0.818652694,0.591440869,1.282629406,1.131045601,0.47226839,1.40349947,1.192450824,0.982506867,1.168889125,0.369,513,0.7461417,0.66506952,418.172404,1514.94347,0.87359915,0,0.44493444,0.86027,1.17388397,0.64644286,0.45161857,0,0.37619862,0.58399953,1.63476906,0.76533473,0.60741652,0.02029845,0.64644286,0.67831,4.43692681,1.43034394,0.17940107,1.32641381,1.17661829,0.70704506,3.56533543,0.86443788,0.65313003,0,0.29075138,0.14716128,1.18243141,0.76825823,0.07030336,0,1.37487275,1.67446705,2.61650014,0.70147081,0.70740317,0,0.06551218,0,0.56605258,0.76680174,0.84629224,0
NIK SMI1,HY-112433,639,1,0,0,0,1,1.163093062,1.111273122,1.060332542,1.167322185,1.290983349,1.05168163,1.010104591,0.962491415,0.877879985,0.810904689,0.954867275,1.083017183,0.639817823,0.752547174,0.777309473,0.833065594,0.574261931,0.89044141,1.105135882,0.591689751,1.0747614,1.006379585,0.813647535,0.969664772,0.362,481,0.40585062,2.98472003,104.463622,1082.92058,0.49723348,0,1.09987642,2.0581,1.02254654,5.74384135,1.23347292,0.12390382,0.7686028,0.80562277,0.44542685,0.52805554,0.57052121,0,5.74384135,4.00001,0.93122252,1.39406075,1.1852655,0,1.40271678,0.55263776,0.34771012,0.78867962,0.67234533,0,0.13826225,0.79115824,1.41982588,0.83499965,0.077778721,0,0.84762072,1.40332687,0.53125481,0.8088864,0.75489549,0,0.20061973,0.18205006,0,0.49515903,0.87730871,0
"1,3-Dicaffeoylquinic acid",HY-N1412,640,1,0,0,0,1,1.124755623,0.985741171,1.101051917,1.100669529,1.133396167,1.082383588,0.619216451,0.679328015,0.86127051,0.895013581,1.029331674,1.055229474,0.848182648,1.032008497,0.943342776,0.894320417,0.766908739,1.100349317,1.072662368,0.648979173,0.996553552,1.1158958,0.863958363,1.040429262,0.348,536,1.5824355,0.64234788,0,1027.54587,0.41232923,0.02605433,0.95827661,0.71787,0.37283247,0.84130658,1.41750993,0.24975715,0.65723883,0.15042006,0.23619306,1.07348926,0.85405983,0.0671978,0.84130658,0.51918,1.8155855,1.41028188,1.25666497,0,1.40563422,0.50288957,0.28959537,1.01927275,1.08101238,0,0.07073288,0.21154867,1.14435812,0.90303165,476.2668626,0.110298046,1.86630769,0.40893999,0.57336301,1.443259,1.45763591,0,0.42753123,0,0.22599916,0.89470464,2.5373286,0
α-Vitamin E,HY-N0683,641,1,0,0,0,1,1.316633553,1.18878961,1.126840855,1.422763984,1.807225888,1.044424803,0.73958518,1.011622378,0.916289397,0.699550845,0.947539662,0.963072766,0.479274433,1.001560431,0.718441235,0.91648025,0.709645613,1.185138139,1.071625979,0.525536062,1.025715801,1.004253057,0.8506578,1.017478617,0.522,335,0,0.73400328,57.2418627,1082.5333,0.47880426,0.08360555,0.27639142,0.15116,0.47652341,3.59542034,0.60615865,0.10525884,0.62318644,0.06739953,0.01668457,1.08083759,2.13436524,0.04720989,3.59542034,0.18167,1.0781579,1.08681489,0.29983305,0,0.54919953,0.28030362,0.25941538,0.92633577,0.89199512,0,0.02360563,0.10504077,1.09130217,0.87146917,0.504074816,0,0.96180396,0.29567587,0.45244034,2.18161842,1.69425873,0,0.08318855,0,0.98748779,0.730301,1.51228919,0
Rutin,HY-N0148,642,1,0,0,0,1,1.243964079,1.132635934,1.030743129,1.231092563,1.961168709,0.837326139,0.653075696,1.028263511,0.805559561,0.668688308,1.080228882,1.024276076,0.491642046,1.185035601,0.720721343,0.808203342,0.480327651,1.105430295,1.197719945,0.649307479,1.093054083,1.115364168,0.857018939,1.024810073,0.41,677,0,5.72429092,214.904106,889.536027,0.38217778,0.00074866,0,0.06135,0.64554279,0.99882391,0.56552843,0.03318913,0.1367862,0.02311847,0.14175509,0.79544331,1.79494823,0,0.99882391,0.17084,1.15296492,0.9694757,1.20169917,0,0.09951475,0.18905861,0.38839856,0.7278245,0.66428486,0,0.00733556,0.07549791,1.10347577,0.8842334,0.193122523,0,0.14623309,0.13149265,0.44522972,1.23040954,1.00482124,0,0.35425674,0,0.31241729,0.62691546,0.00841895,0
Butylhydroxyanisole,HY-B1066,643,1,0,0,0,1,1.142875308,1.189196521,1.193349169,1.278289849,1.804712535,1.077917849,0.655912072,0.932748692,1.031517633,0.753362449,1.09329976,1.075278834,0.543703805,0.951443071,0.861880743,0.882790097,0.742448662,1.178786916,0.986296637,0.815840772,1.038176034,1.083997873,0.996385716,1.081549169,0.311,212,1.88405527,2.20605029,952.84594,2861.66283,1.30699848,0,1.54722097,0.7841,2.22305794,5.2765778,1.40809323,0.29325546,0.51866494,0.22440056,2.69895805,1.09554751,1.68843376,0.29691431,5.2765778,0.74296,6.47303493,1.8805122,1.86450573,0.94080644,0.57940617,0.38354497,2.08393672,1.08264948,1.29562704,0,0.1013169,0.25332292,1.06839701,0.7632881,0.491769124,0,0.80494553,0.56771447,2.2184097,1.15569312,1.15693849,0,0.18814092,0,1.28173597,0.9853004,0.1347766,0
Maslinic acid,HY-N0629,644,1,0,0,0,1,1.350393388,1.384920568,1.189820156,1.989851983,2.095633051,1.176722333,1.368728949,1.130698928,1.131520517,1.10087688,1.075673879,1.124522876,1.1614955,1.102581923,0.897326055,1.108892459,0.793682095,0.809145761,1.152809765,1.265045655,1.065482503,1.08825093,0.891716062,0.992615417,0.276,651,1.0771072,0.66422149,951.322081,6535.79225,1.14407155,0,1.95162934,3.4167,1.13867711,3.16066289,1.55943835,0.02740002,0.95323303,0.94781998,0.33376805,0.66699866,0.81653002,0,3.16066289,0.26648,12.5977169,2.36714089,2.50366986,95.9435744,2.38936953,0.46003667,0.77755459,0.76478488,0.67246679,0,0.9872113,0.50340995,1.0812619,0.76815917,0.336270837,0,2.31055902,1.13275173,0.90746063,0.99856123,0.92424172,0,2.20445026,0,0.7595831,2.00606978,1.94873989,0
(+)-DHMEQ,HY-14645A,645,1,0,0,0,1,1.168624334,1.053695258,1.123583305,1.203350647,1.090543512,1.043866586,0.65077114,0.632468699,0.939127426,0.901118259,0.793065644,1.02357259,0.494233355,0.564508727,0.786429904,0.911255574,0.44369442,1.177199111,1.076807923,0.4848261,1.26378579,1.207868155,0.971519445,1.033416565,0.38,635,0,0.03655304,114.445389,650.185435,0.40643526,0,0.17076679,0.08202,0.00245723,0.11896132,0.12867639,0,0.21838679,0.03398889,0.0484356,0.74126677,0.12459934,0,0.11896132,0,0.16373217,0.57810266,0.13167858,0,0.87835928,0.14287184,0.02344346,0.45684431,0.03788227,0,0.08235553,0.02465602,1.16542591,0.05864211,0.032106311,0,0.53130627,0.04019205,0.85636173,1.02299862,0.13042689,0,0.27279179,0,0.29895111,0.42579768,0.31611278,0
Isosteviol,HY-N0872,646,1,0,0,0,1,1.31377255,1.262440447,1.222938582,1.998498814,1.968708765,0.962925059,1.132068782,1.018226002,0.994492344,0.884160821,0.729493645,1.014779011,0.648062898,0.63067623,0.75658122,1.113216329,0.910711238,1.155604954,1.063334869,1.03079922,1.084835631,1.090377459,0.869741217,1.005047017,0.376,880,13.5381258,1.36871769,178.987829,1288.45413,0.96295675,0,1.07099305,1.07993,1.06473145,2.04826601,1.10575475,0.04727588,0.93322451,1.05783706,1.37881411,0.99466249,0.87152931,0,2.04826601,2.27443,4.39183666,1.56036575,4.95294965,1.45452062,1.45632997,1.1056183,1.31260351,0.95403103,1.00598114,0,0.59537219,0.53637533,1.06032506,0.87654766,0.482806919,0.20304704,0.6944182,1.32854011,1.21168705,1.35926696,0.84452844,0,0.25028797,0.11372499,0.42909429,0.6209835,3.40975345,0
Ebselen,HY-13750,647,0,0,0,0,0,1.630199475,1.234973975,1.399932134,1.29630408,0.395727301,1.352002605,0.776280801,0.187859898,1.357132559,0.987827293,0.771280847,1.204720316,0.453950274,0.323992604,0.83700684,1.234825169,0.15927492,1.230549381,1.27994012,0.361054683,1.177889714,1.849016481,1.242157004,0.988152792,0.395,1010,12.8770299,0.90140977,240.17539,15429.6255,3.3020561,0,0.73166004,0.48051,0.03225752,18.6429691,0.50913177,0,0.43573176,0.00474279,0,0.24905337,0.17136992,0,18.6429691,0,5.3323139,1.99841995,4.46941235,6.55971983,3.77573941,0.0129922,0,0.62556103,0.44071918,0,0.02255377,0.00403816,0.65646461,0.00022287,0.034984046,0,7.73460566,0.03081275,0.02643515,0.26581668,0.73174131,0,2.49174035,0,0.42234301,2.85747015,0.60476577,0
Parthenolide,HY-N0141,648,0,0,0,0,0,1.123039021,1.085841203,1.026671191,0.899630708,0.656613258,0.998650975,0.661584825,0.612235195,1.018022434,0.760484573,0.666317733,0.988398274,0.296351554,0.362072357,0.626822359,0.77757593,0.210394585,0.968243887,0.886112391,0.322560788,1.022269353,1.000531632,0.772589273,0.988152792,0.334,565,0,0.00570646,120.913362,694.101494,1.37922739,0,0.03402957,0.02327,0.03947287,0.87118257,0.40499692,0.01962248,0.30787796,0.04673826,0.06039879,1.08763731,0.46842558,0,0.87118257,0,0.09876354,0.36789265,1.04304434,0,0.01578109,0.03838684,0.14773592,0.70476884,0.25247487,0,0.08070668,0.02736395,1.14601092,0.34749128,0.105269184,0,0.50326553,0.0775563,0.21390539,0.63811751,0.35778435,0,0.27541078,0,0.67913745,0.38718448,1.7541701,0
(-)-DHMEQ,HY-14645,649,1,0,0,0,1,1.192466026,1.031518625,0.994638616,1.199387516,0.999308828,0.930548449,0.708739585,0.7257647,0.855734018,0.715603887,0.637898474,0.953223958,0.526742508,0.479616055,0.686727009,0.978996202,0.609264491,1.009844395,1.041570705,0.400369344,0.979851538,1.121212121,0.779528697,0.980183818,0.358,489,6.66543117,0.5069757,83.8375367,1038.91805,1.04444619,0,0.61601004,0.59404,0.05255838,0.21994776,0.552997,0.02979039,0.41105224,0.41096819,0.07183808,1.01696717,0.26479757,0,0.21994776,0,0.0505856,0.598222,0.27426699,0,0.39238054,0.07588931,0.07387479,0.80284156,0.15483942,0,0.3765969,0.11470843,1.03371807,0.30573608,0.319737525,0,0.51301597,0.67467947,0.32449175,1.72033262,0.12571501,0,2.37495742,0,0.09903992,0.48695496,1.096672,0
Visomitin,HY-100474,650,0,0,0,0,0,0.93058889,0.670792289,1.586426875,1.083375867,0.422745837,1.419546914,0.56497075,0.175867716,1.294154964,0.756980036,0.548877871,1.106583975,0.394821308,0.270492126,0.883645409,0.912516702,0.1394414,1.618609082,1.090280977,0.277664923,1.096765642,1.180754918,1.568309961,1.05349838,0.549,399,0,0.14398066,73.5195088,1457.09449,0.79454432,0,0,0,0.01469652,0.54499976,0,0,0.00310202,0,0.00159572,0.01345957,0.00336562,0,0.54499976,0,0.02293196,0.32633619,0.21784219,0,0.08906035,0,0,0.06407491,0.01041813,0,0.00029102,0.00010197,0.18315795,0.00043703,0.002672557,0,0.00373262,0,0,0.78447352,0.01766572,0,0,0,0.14553334,0.74758562,1.12580139,0
Naringenin,HY-N0100,651,1,0,0,0,1,1.325788763,1.183499771,1.12086868,1.144263969,1.27200754,1.012048193,0.664243928,0.827143536,0.852965772,0.676149581,0.574227453,1.048898097,0.459839614,0.728314604,0.717819388,0.876664615,0.567170405,1.135598603,1.157646246,0.554755309,1.164103924,1.242424242,1.102790227,1.138607023,0.562,253,1.09200797,0.49610242,307.872045,905.073357,0,0,0,0.2889,0.9391654,1.81227366,0.49384564,0,0.32582001,0.06768228,0.19352698,0.96150547,1.84962476,0,1.81227366,0,0.59741231,0.57262049,1.96267492,0,0.24564278,0.35767407,0.66776519,0.90920827,1.17816174,0,0.00441224,0.0793538,1.27776627,0.88059321,0.167334968,0,0.40433754,0.39364682,0.75019369,0.87117125,1.14693265,0,0.18712834,0.14677043,0.04085454,0.57236046,0.76359586,0
Ginsenoside Rb1,HY-N0039,652,1,0,0,0,1,1.146499245,1.082992828,0.971564303,0.983216741,1.535783852,0.831743964,0.541038823,0.878968778,0.761613657,0.716847432,1.048145817,1.000357541,0.332512098,0.697866537,0.629724314,0.771270287,0.512599784,1.040647825,1.187010594,0.492130912,1.235153765,0.985114301,0.809599537,1.019709929,0.312,330,0,1.94992312,0,1657.36874,1.18697091,0,0,0.07278,1.19911275,0.84020943,0.32847558,0,0.09822678,0.01957173,0.20660846,0.74455037,1.60462686,0,0.84020943,0.01196,2.1830416,1.04338256,0.20128281,0.04608519,0.16373202,0.18612546,0.63921846,0.78223722,0.88412623,0,0.00486344,0.06841191,1.06622118,0.88420052,0.179933022,0,0.2780238,0.11545979,0.70843332,1.78083083,1.1635215,0,0.3551494,0,0.43043389,0.74019538,2.23410289,0
"Methyl 3,4-dihydroxybenzoate",HY-Z0548,653,1,0,0,0,1,1.311674481,1.34545023,1.161588056,1.44041793,1.986427898,1.048890543,0.702357738,0.9354958,0.93635918,0.651165622,0.787718467,0.937043773,0.484574839,0.728393281,0.755130243,0.844415752,0.726597015,0.838678946,1.02084293,1.057309942,1.025185578,1.114832536,0.951857742,1.089518143,0.609,601,4.04619515,1.00487808,233.117427,1710.9993,0,0,2.98706566,2.09514,20.1966555,3.48676298,2.08548589,2.77785717,1.39971148,0.40354683,1.26210105,1.01976407,1.04020528,0,3.48676298,0.22011,3.37548185,1.24539797,0.60109054,0.3511469,1.15290514,0.5187971,1.46521549,1.00935692,1.34421026,0,0.8742946,0.3548146,0.96884324,0.79304017,0.724175196,0,1.66905566,0.63533001,1.26475892,1.75273809,1.14966659,0,0.3652458,0.02142447,0.45742031,0.67439512,1.88297343,0
Dihydroartemisinin,HY-N0176,654,1,1,1,1,0,1.180640547,1.249215849,1.182762131,1.54165791,1.408859566,1.339163604,0.856231165,0.682180781,1.103145996,0.923728177,0.783856616,1.250446926,0.723210868,0.741925755,0.786844469,1.199693726,0.485143821,1.526833916,1.217065868,0.374597312,1.102863203,1.301967039,1.283793552,1.026722627,0.384,676,4.8355103,2.3856745,163.305659,1390.28557,0.6603136,0,0.49088696,0.49616,0.97680086,0.39684306,1.05315281,0.18187081,0.65317666,1.07752433,0.83819975,0.88870567,0.965945,0.16414237,0.39684306,0.19021,2.60831966,0.95380459,0.28628917,11.8503091,0.60902417,1.14494685,1.03048342,0.93288893,0.96241738,0,0.2175332,0.67166152,1.08680416,0.82659311,1122.549952,1.832690871,1.45634127,1.13131343,0.59095633,0.91194898,0.82871861,0,0.27824864,0,0.60050962,0.57398192,0.4985423,0
GSK8612,HY-111941,655,1,0,0,0,1,1.297369467,1.221139011,1.12195453,1.473203831,1.249638706,1.046657673,0.971104414,0.707591526,0.944317887,1.07883221,0.815543594,1.275420691,0.742763474,0.652941871,0.810060112,1.231041782,0.550825765,1.077802477,0.899585444,0.296378373,0.966065748,1.155768208,1.274540986,1.03182277,0.384,694,0.2950119,0.98933381,125.061043,880.171977,0.0858479,0,6.43375646,3.48679,0,1.71374914,1.62933497,0.02268711,2.04762563,0.31160023,0.00108868,0.52907307,0.57134577,0,1.71374914,1.874,0.12178828,0.79764222,0,0,4.0815773,0.22740733,0,0.73210885,0.54973606,0,0.27868304,0.23044235,1.08639133,0.29425737,0.140517346,0,4.19585142,0.89457819,0.01623808,1.28452387,0.97327717,0,0.49295524,0,0.33779488,0.51690602,1.04707242,0
OBA-09,HY-12840,656,1,0,0,0,1,1.304235874,1.284006714,1.107567017,1.237217402,1.802073516,0.837326139,0.761567098,1.06344762,0.778569163,0.798130085,0.779796722,0.922974046,0.507661049,0.942867258,0.706626131,0.824598015,0.618479683,1.018100984,1.265085214,0.643233816,1.473223754,1.051036683,1.120138788,0.965839664,0.455,158,0,0.27282387,111.784497,1186.5333,0,0,0,0.2378,28.8520267,0.76843523,1.83900835,2.23678017,0.78767548,0.08449089,0.08232259,1.02949385,1.57243341,0,0.76843523,0,1.14374951,1.21088997,2.32310387,0,1.3076513,0.28981831,0.33890848,1.06004654,1.11953065,0,0.03552258,0.19773958,1.14904246,0.86572858,1.543975654,0,1.63774219,0.34373096,0.49106976,1.23359402,1.16901285,0,0.29840157,0,0.94722268,0.65908804,1.25833297,0
CDDO-EA,HY-12213,657,0,0,0,0,0,1.025764921,0.68605144,1.143400068,0.976371333,0.300722589,1.169465507,0.634816522,0.173384754,1.324259638,0.69819425,0.583238437,1.021813874,0.330980869,0.224544656,0.703102328,1.043674088,0.135535372,1.196252779,1.497236297,0.323627783,1.573700954,1.403508772,1.600693942,1.000265632,0.481,457,0.75917758,0,0,2026.10206,0.16020486,0,0.0251716,0,0,1.51587388,0,0.000046784,0.02271278,0,0.00121538,0.01176159,0.00729175,0,1.51587388,0,0.01634095,0.43699557,0,0,0.00518217,0,0.04666829,0.07996041,0.00802076,0,0.00133024,0.000072671,0.19955462,0.00035726,0.004670922,0,0.00655944,0,0,0.03559825,0.00781733,0,0.21913295,0,0.9740221,1.12356616,0.15869497,0
SC75741,HY-10496,658,1,1,0,0,0,1.335325439,1.377189264,1.197149644,1.282613264,0.90618913,1.064520631,1.375465343,0.739288922,1.185847343,1.257789707,0.446885411,1.060505621,1.045357728,0.589528068,0.833068472,1.203296951,0.26735433,0.863131153,1.199792722,0.34217708,1.094909862,1.313662945,1.034552552,1.049035754,0.507,744,2.27575605,2.48499264,119.438154,2070.95653,0.02718197,0,0.70739386,0.34417,0,0.68817273,0.63979049,0.11618243,0.27732452,0.1152075,0,0.31734207,0.11670005,0,0.68817273,1.76111,0.79830337,1.5951823,0.78178224,0.05915246,1.21592976,0.20815282,0.07880653,0.69003438,0.1949547,0,0.02080201,0.01403336,0.62184939,0.10569492,0.009066518,0,0.39844793,0.19526625,0.13865855,0.85454713,0.18185929,0,0.28517269,0.05194232,1.11309672,0.85330242,1.77080602,0
Hesperin,HY-101371,659,1,0,0,1,0,1.341238178,1.246164019,1.281574483,1.089500706,0.96663525,1.182304508,0.665484843,0.884040361,1.106260273,1.000714945,0.494910986,1.066133512,0.356658389,0.336423598,0.77544393,0.990526521,0.19458086,1.202604001,1.270267158,0.474566533,1.557529162,1.19404572,1.115512505,1.144663444,0.361,568,0.30352887,0.90717339,241.451029,974.229105,0,0,0.21072967,0,0.01186961,0,0.01535627,0.1464674,0,0.00085756,0.0039722,0.3089709,0.01186367,0,0,0,0.12040499,0.25334972,0.72039093,0,0.15525973,0,0.01202475,0.06060321,0.00488587,0,0.0011211,0.00017881,0.15009563,0.00491697,0.000148886,0,0.32332226,0.03450665,0,0.9323767,0.06878523,0,0.49682692,0,0.67677083,0.57156777,1.19432206,0
α-Lipoic Acid,HY-N0492,660,1,0,0,0,1,1.474560916,1.292551839,1.242483882,1.214879755,1.421174992,0.878634228,0.850735685,0.994981246,0.827705528,0.747823019,0.883868641,1.007744147,0.759371411,1.124139468,0.79099012,0.982959749,0.744913631,1.294061607,1.19357439,0.759043808,1.351272534,0.939393939,0.811334394,0.973808638,0.516,509,0,0.63720679,20.4185254,949.644409,0.94203515,0.10383088,0.43283097,0.34272,0.25869631,1.49108901,1.15867435,0.1287005,0.83435884,0.07626701,0.23726527,1.05601296,1.61857461,0.22969792,1.49108901,0.12663,0.5398498,0.72289143,1.70732215,0,0.8701433,0.29697243,0.38939874,0.98666244,1.28641148,0,0.04859657,0.14779653,1.17995665,0.90726647,1.206284945,0,1.03718528,0.28041556,0.59000767,1.46053788,1.26521517,5.78153689,0.10720388,0,0.93467645,0.68881355,0.67743937,0
Hinokitiol,HY-B2230,661,1,0,0,0,1,1.410665183,1.383903291,1.453953173,1.312516888,1.370153943,0.998092757,1.330792413,1.111997464,1.234291646,0.831253614,1.052007667,1.002819743,0.648534045,0.761437694,0.825813584,1.089074722,0.721212006,1.108288346,1.216374942,0.917123217,1.538971368,1.108452951,1.13748735,1.005365776,0.461,648,0.68530932,1.35137052,7133.27866,5444.39183,0.45768739,0.88747156,9.98829409,0.37823,38733.3134,7.24794656,6.85940696,5.38297245,4.07225079,0.4649964,2.57613405,0.99549911,2.20737114,3.77824794,7.24794656,0.05788,10.8608381,2.04072308,1.35520261,12.4667824,2.86627964,1.02030228,10.7072881,1.28018192,1.24533825,4.833914,4666.09994,0.20085418,1.08455266,0.87175274,1122.549952,2.022613465,9.73379017,0.76725485,353.335366,0.27837883,1.15478608,99.5997643,3.16932717,0,24.6108451,2.26173114,1.43268959,1.63402902
Citronellol,HY-W010201,662,1,0,0,0,1,1.194945561,1.152574558,1.183576518,1.701624283,1.71247251,1.161650463,1.398688176,1.108193777,1.351596067,1.194029739,1.264508463,1.433001625,0.807899567,0.812735212,0.923443654,1.15969793,0.885758168,1.235312798,1.15108245,1.051974967,1.408271474,1.094630516,1.03975712,1.035647878,0.524,806,0,2.04633464,247.245964,2265.91045,0.37356083,0,1.10015515,0.64463,1.11365811,2.96081169,1.09646835,0.00844425,1.03517057,0.9537737,1.22767242,1.10829784,0.89885621,0.01581549,2.96081169,1.13092,7.83391907,1.824391,0.9395326,22.1846001,0.81832723,0.86623952,1.1632,0.92275753,0.96785272,0.06314327,0.62985515,0.86481893,1.11281476,0.76080855,0.211849854,0,0.84613548,0.81746843,1.08703252,1.55626601,0.77489013,0,0.54254383,0,0.88609368,0.81274803,1.53562997,0
Nerol,HY-N7063,663,1,0,0,0,1,1.176825876,1.204659128,1.175432643,1.713153391,2.135721018,1.276085035,0.846658394,0.995351049,0.980305084,1.290121889,1.206382663,1.526213562,0.645353802,0.87850933,0.856491398,1.070878436,1.033883843,1.292473801,1.229847996,1.14857905,1.678950159,1.080276449,1.097585659,1.002178186,0.414,856,0,2.38341868,564.371328,2095.89408,2.06246928,0,1.11633522,0.87476,1.7343691,2.12515378,0.8748081,0.33103483,0.72099779,0.85576195,3.76626558,1.06274548,1.06062137,0.37374454,2.12515378,0.91393,3.35313908,1.60411175,2.60671709,0.0062165,0.50873199,0.64946932,1.55855426,0.8643246,0.97233431,0,0.33317429,0.48883309,1.16915291,0.65741279,0.154520624,0,0.92700936,1.09404282,1.45385993,0.8378674,0.73113215,0,3.63320853,0.04287857,0.67687036,0.90358153,0.34152469,0
Urolithin B,HY-126307,664,1,0,0,0,1,1.200476834,1.100896899,1.116253817,1.931846158,1.912912347,1.162766898,1.491579507,1.066828676,1.271662966,1.189168607,1.226187024,1.608873204,0.678334102,0.739880148,0.835141298,1.167805186,0.851627828,1.160685932,1.166282819,0.614096645,1.435312831,1.05528974,1.046118259,1.014928545,0.459,471,0,0.98141848,346.27987,831.845312,0.07047337,0,0.13619533,0.70764,0.47747541,2.08287453,0.13888173,0.18844327,0.6740641,0.43286335,0.26418333,0.75118992,0.54703036,0.01868244,2.08287453,0.08345,0.48836195,0.76866876,0,0,0.70899845,0.58304181,0.47836705,0.81550463,0.76081114,0,0.18196162,0.33591583,1.23929608,0.57387886,0.029303706,0,0.78784295,0.58963608,0.38698256,0.82330983,0.39059156,0,0.48013713,0,1.47600773,0.5870992,0.64473492,0
Schisandrin B,HY-N0089,665,1,0,0,0,1,1.254645156,1.197741646,1.130369868,1.390338367,1.911655671,0.986928409,1.224960113,1.195203127,1.255399521,1.317366839,1.297383702,1.431946396,0.587638277,0.983779389,0.806950874,1.011064903,0.770928535,1.536678311,1.141064026,0.747717246,1.395281018,1.07549176,1.065201677,1.02257876,0.451,733,0,1.1341613,313.474056,1019.66044,0,0,0,0.44765,0.45184189,0.7228698,0.85159653,0.1004535,0.30514618,0.04193404,0.15733632,0.58095634,1.00430116,0,0.7228698,0.28149,1.13856496,1.1836675,1.90941734,0,0.77891846,0.18704715,0.41821155,0.85873171,1.16374322,0,0.01485365,0.06603225,1.123152,0.77484423,0.137348852,0,1.10174678,0.20216025,0.3524793,0.93083473,0.96924544,0,0.44667832,0,0.63294315,0.53365599,0.94299702,0
DMAPT,HY-16172,666,1,0,0,0,1,1.13867917,1.074040793,1.093450967,1.117963191,0.865095822,1.206866074,0.641552916,0.653705954,1.027711295,0.846628358,0.999031001,1.328885651,0.442171596,0.514312689,0.829337387,0.979897008,0.316919168,1.241981581,1.235375403,0.415061044,1.568133616,1.200425306,1.086019951,1.10577485,0.278,527,7.23971108,0.33020033,0,606.025138,0.42822921,0,0,0.00867,0.01000268,0,0.01747677,0.12734786,0.40979934,0.08000609,0.15448587,1.15309379,1.02473558,0,0,0,0.26485075,0.44160817,1.37338587,0,0.07815561,0.28083188,0.33613838,0.80793706,0.60564591,0,0.02941776,0.01487886,1.24987423,0.16231809,0.057481805,0,0.90142136,0.13664741,0.44203575,0.86154887,0.56895402,0,0.5494371,0,1.29143056,0.4702437,0.7113789,0
Andrographolide,HY-N0191,667,1,0,0,1,0,1.308813479,1.183499771,1.25307092,1.196505239,0.844360666,1.207424292,0.704130473,0.465264937,1.290694657,0.81339178,0.713056025,1.125578105,0.418849812,0.372221712,0.85255303,1.053582957,0.224425947,1.460463639,1.213611239,0.378044527,1.566012725,1.607655502,1.079658812,1.144344685,0.349,149,0,0,92.156507,566.045243,0,0,0,0,0.00074382,2.95736317,0.01483841,0.01260992,0,0.00040864,0.00571493,0.14872494,0.03155052,0,2.95736317,0,0.04919601,0.27232856,0.36271393,0,0.04573531,0.05347014,0,0.14003938,0.01493546,0,0.00105713,0.00037943,0.24148188,0.00574811,0.004390825,0,0.00783013,0.00085264,0.05976916,0.67585637,0.02272044,0,0.54183119,0,0,0.40751408,1.18877683,0
MRT67307,HY-13018,668,1,0,0,1,0,4.869808472,2.406062969,1.481642348,5.609991894,2.57606032,1.612131925,5.036872895,1.59886946,1.917356325,2.090626015,0.7851439,1.194519764,2.92075894,1.104706206,1.358736958,4.660411068,0.614573655,1.79771356,2.333602027,1.09408023,1.817603393,2.64486975,1.369958074,1.308505552,0.447,556,13.8677287,1.83527129,0,7565.66109,0.2807339,0,19.072105,1.57303,0,15.217052,2.42230765,0,5.68605368,0.07351458,0.01608464,0.20264962,0.19722132,0,15.217052,0.40242,0.01260268,1.5442231,2.8720026,0,9.32953077,0.11190786,0.00975581,0.41894913,0.26137315,0,0.11624709,0.01244416,0.59190974,0,0.021121389,0,26.2048034,0.34693394,0.00992867,1.02202745,0.93999103,0,3.8204882,0.09322611,0.52349914,2.29482295,1.68615715,0
Ethoxyquin,HY-B1425,669,1,1,1,0,0,2.111038703,1.322663231,1.209093994,2.920827454,1.853722903,1.023770759,1.624889204,1.04247451,1.015600219,3.762968558,1.307483927,1.346824552,1.149363461,0.891255032,0.77378567,2.038704641,0.894328675,1.398221658,3.19760479,0.94667077,1.642895016,4.242424242,1.287263264,1.091749455,0.576,280,0,0.59551011,525.956612,1315.73539,1.28473765,0,1.16398007,0.93384,7.90014155,4.040456,1.42888064,0.04127285,0.90378772,0.7067718,7.70422525,1.07751216,1.24937586,0.98807627,4.040456,1.26921,3.06801266,1.25930228,1.0751575,0.52324493,0.90185039,0.64819382,2.79579652,1.03800384,1.16016351,0.27104084,0.21684526,1.56679806,1.22548427,0.89116205,2.456889981,0.378351076,0.73434124,1.15428992,354.416879,0.80559895,1.1326445,0,1.27250268,0,2.97831132,0.67147812,0.56178807,0
QNZ,HY-13812,670,1,1,1,0,0,4.647985377,1.327546159,1.215337631,6.646891044,1.228526547,1.282225427,3.877858536,0.770986317,1.54018282,3.561627243,0.906841699,1.169897743,2.581415208,0.587089076,0.820216956,4.420075968,0.515216443,1.392823118,7.112736066,0.371642557,1.346765642,9.248803828,1.151366199,0.996759284,0.391,1567,3.3575545,3.01327296,0,2100.42591,1.10616018,0,0.46785,0.48426,0.05702411,0.10324775,0.68444773,0.20431862,0.38412291,0.12336461,0.01047319,0.34094013,0.16610771,0,0.10324775,0,0.70298281,0.90984531,0.45337618,0.40104186,1.05753766,0.2507155,0.11816441,0.67741152,0.22234985,0,0.05761773,0.07980961,0.99364326,0.39848003,0.325087744,0.036840477,0.94139538,0.35408427,0.25016954,0.76774223,0.34469991,0,0.63429175,0.04001612,1.40903507,0.70641852,0.69645217,0
JSH-23,HY-13982,671,1,1,0,0,0,1.426877533,1.195707092,1.321208008,1.319002012,1.248507697,1.0667535,0.75465343,0.742300174,1.018368465,3.148544052,0.714739396,0.994377907,0.525682427,0.747118448,0.776065778,1.165102767,0.417755361,1.299142585,1.183210502,0.327649533,1.025715801,1.537480064,1.153101055,0.921532168,0.393,204,0,1.09559853,270.184046,1577.15331,0.06315488,0,0.04599167,0.16187,0.0312029,0.18983855,0.67729362,0.05595506,0.0633185,0.08063301,0.00736666,0.47139658,0.49612598,0,0.18983855,0.27064,0.29821947,0.93668981,0.21569551,0,0.10702477,0.26683905,0.13513516,0.7772167,0.77924006,0,0.033609,0.08014205,1.25337703,0.48521896,0.160480256,0,0.15130598,0.16874883,0.18973312,0.68970952,0.50822635,0,0.69304356,0.06198545,0.3646029,0.65644468,2.0416879,0
Amentoflavone,HY-N0662,672,1,0,0,0,1,1.412191051,1.406486835,1.283203258,1.391779506,1.671881872,1.020979672,1.37280624,1.207934915,1.237059892,0.873081962,0.65740577,0.987694787,0.728511273,1.037437222,0.83369032,1.002597325,0.649045299,1.264210861,1.194610778,0.781532779,1.420201485,1.131844763,1.247939858,1.033416565,0.353,317,0,2.21421654,128.85975,1338.34334,0.2724933,0,1.47758284,0.73966,0.03393238,1.38693644,1.60195037,0.13875995,1.17384425,0.08955962,0.04545846,1.07113963,1.42358042,0,1.38693644,0,0.91696357,1.0037769,0.69752621,0,1.32987351,0.35076256,0.27205149,1.06489835,0.90969811,0,0.14043091,0.13798506,1.12757754,0.82430983,0.536999356,0,2.64886155,0.24646812,0.76403087,0.54766786,1.18779439,0,0.3935019,0,0.56459666,0.65745299,0.98516061,0
Calycosin-7-O-β-D-glucoside,HY-N0520,673,1,0,0,0,1,1.133720099,1.275461589,1.095351205,1.131293722,1.452591894,0.850723357,0.923949654,1.08077553,0.878226016,0.877038697,1.137958595,1.070706173,0.772092384,1.151440448,0.79762316,1.013767322,0.732437096,1.20228644,1.193919853,0.780219555,1.443796394,1.250398724,1.37805407,1.116293896,0.386,495,1.88478703,3.52785538,134.811639,1256.24641,0.60504615,0,1.25583654,1.13319,8.63068586,3.09670372,1.64595262,1.55279859,1.221788,0.10546492,0.08280165,1.10513977,1.28777695,0.01240387,3.09670372,0.88799,1.66910256,1.33823342,0.97943568,0,1.47131464,0.30050675,0.14980798,1.06328948,1.07010974,0,0.14095147,0.1562908,1.0529695,0.83497203,0.642998559,0,1.88892582,0.39452328,0.66773735,2.19301728,1.20908133,0,0.68679087,0,0.35043681,0.75466664,1.81752604,0
SC-514,HY-13802,674,1,0,0,0,1,1.254454423,1.169461352,1.216423482,1.156153361,0.97555765,1.12536633,1.074986704,0.856991917,1.670636408,0.879864937,0.992198496,1.066133512,0.470558211,0.50093757,0.81565674,0.995390875,0.335956313,1.352810416,1.161100875,0.479244896,1.511664899,1.20148857,1.035130837,1.08728683,0.361,464,0,0.36416993,125.165231,785.713898,1.3276287,0.20017166,0.37976126,0.26597,0.07042805,0.15176757,0.56816333,0.02501082,0.40756083,0.02158516,0.03992257,0.78427495,0.77342922,0,0.15176757,0,0.33814297,0.83598719,0,0,0.18357565,0.12234956,0.31152064,0.91934166,0.82640594,0,0.00821112,0.00961045,0.83013505,0.06303351,0.016091608,0,0.19595272,0.08352297,0.14754213,0.5446034,0.73829177,0,0.62211767,0,0.2285864,0.45711143,0.59917202,0
Liquiritin,HY-N0376,675,1,0,0,0,1,1.202384169,1.219714823,1.152901256,1.623082235,1.819792648,0.97576406,1.062577557,1.010143167,0.956428963,0.92836321,0.962095867,1.084424156,0.594823271,0.794246076,0.794513922,0.998273455,0.595308974,1.326452842,1.060571165,0.760603263,1.061240721,1.095162148,0.864536649,1.052223344,0.266,193,0,0.22856205,153.517097,1296.41263,1.15471181,0,0.47533895,1.05415,0.32476603,1.11560913,1.24232357,0.06739119,0.66328295,0.10456992,0.11798733,1.0625147,1.20747444,0,1.11560913,0.08974,0.73872454,1.08513953,0.43453513,0,1.05082963,0.29546787,0.24960109,0.9595054,0.94445086,0,0.05532526,0.06643511,1.09090377,0.45681511,0.180657889,0,1.16427279,0.21993019,0.34337968,1.14457391,0.67855016,0,0.34801302,0,0.53975178,0.64307465,1.13611491,0
(20S)-Protopanaxadiol,HY-N0797,676,1,0,0,0,1,1.369657474,1.475254743,1.231353919,1.616236827,1.616965127,1.22082151,1.107250488,0.986475778,1.223910724,0.994723317,1.082011274,1.144572236,0.918265786,0.873473991,0.963241899,1.104928911,0.695803864,1.333756748,1.055043759,1.06683082,0.966861082,1.148325359,0.990024577,1.128087977,0.3,201,0,0.42679449,287.272519,1829.68319,0.41412726,0,1.88121967,1.90941,20927.9408,1.58524724,1.64126639,3.3671306,0.51061323,0.65464477,3.59756431,0.96646106,0.76394453,0.0428664,1.58524724,0.32874,6.88028107,1.54286505,2.0175582,1.26512594,1.65716976,0.64327825,4.35467936,0.99344925,0.78188527,0,0.11744821,0.18730007,1.38191141,0.42149869,0.062037792,0,0.66277086,0.78936953,1.17608109,1.14783194,0.9221667,0,0.55348162,0,0.91294799,0.73821576,0.53672547,0
CDDO-Im,HY-15725,677,0,0,0,0,0,0.969307796,0.669775012,1.100508992,0.996186988,0.330882815,1.258222077,0.589434497,0.153679539,1.237751954,0.946790292,0.668694256,1.106583975,0.381982548,0.230996184,0.825399019,0.969807978,0.133828855,1.43251826,1.125172731,0.253944804,1.114793213,1.31738437,1.284371838,0.952451788,0.296,296,0.32461565,0.00541365,79.3457708,1818.01895,0.02269828,0,0.05353208,0,0.00625155,0.51369116,0.04338532,0.54140106,0.0014708,0,0.00093257,0.00870763,0,0,0.51369116,0,0.04493936,0.38822314,0,0,0.21849496,0,0.17124635,0.07831979,0,0,0.00077617,0.000054778,0.19149644,0.00420083,0.00244803,0,0,0,0,1.21168272,0.01969944,0,0.44263913,0,0.25388847,0.94486647,0.59345779,0
TBK1/IKKε-IN-2,HY-12453,678,1,0,0,0,1,2.311690376,1.464064699,1.364099084,1.765034377,1.142946905,1.23812625,1.637298351,1.26060542,1.252977306,0.965895673,0.546699391,1.071761402,0.738052003,1.018790732,0.861673461,1.035746994,0.479569199,1.166719594,1.265085214,0.435005643,0.997879109,1.152046784,1.011999422,1.064336184,0.324,123,0,1.8362502,171.772682,2375.64802,0.45662807,0,2.38790432,0,0.03082965,0,0.18129334,0.06262318,3.57322422,0.00656501,0,0.42668365,0.19741714,0,0,0,0.05219121,0.50939712,0.75995041,0,1.43654104,0,0,0.68347754,0.08030634,0,0.0285629,0.00622557,0.61515946,0.00506334,0.010164223,0,4.04860101,0.05675458,0,1.17396241,0.28750788,0,0.02745658,0,0,0.72515708,0.36967884,0
Gallic acid,HY-N0523,679,1,0,0,0,1,1.204482238,1.141791424,1.095622667,1.383853244,1.639836632,0.9193841,0.962949832,0.958634899,0.888606938,1.085389086,0.884066684,1.054877731,0.867970828,0.920601618,0.788710012,1.034666026,0.889664195,1.201651318,0.974205435,0.754283369,0.917020148,1.006379585,0.84314009,0.980502577,0.289,601,0,1.38075645,359.220668,951.556647,1.32440138,0.20774303,0.00328748,0.82051,0.28107153,0.13520017,1.00555659,0.33940666,0.49159493,0.47357774,0.188331,0.82813666,0.62158853,0.05970178,0.13520017,1.69736,1.16949917,1.46633611,1.2685263,0.14222982,1.32850242,0.71749466,0.44795391,0.85725156,0.91008965,0,0.10862002,0.37198178,1.31537713,0.67513704,0.51264288,0.000661685,0.56321379,0.70914079,0.41663572,1.29300155,0.79594285,0,0.64186204,0,0.24222939,0.4801211,0.76313334,0
Ethyl Caffeate,HY-N6966,680,1,1,0,0,0,1.764857347,1.507400688,1.287275195,1.68505119,1.801696513,1.308461646,0.850381138,1.000422632,0.937743303,1.055091797,1.086368234,1.019703415,0.688581553,1.269062824,0.849651074,1.159878091,0.899561994,1.13496348,1.432980193,0.847850621,1.066012725,2.182349814,1.227121585,1.048716995,0.394,682,0.31541155,2.35843298,193.571135,1461.62223,0,0.12267121,1.57955082,1.5855,1.27735539,1.31481794,1.15497613,0.20550203,1.30936133,0.51621516,0.85332672,1.10245293,1.67188839,0.12095951,1.31481794,5.5854,8.86458191,1.9295887,3.48158348,1.41615396,0.79397365,0.73024488,0.99162874,1.09675861,1.24734141,0,0.6184388,0.64595709,1.165807,0.82276623,1.641604047,0,1.07694309,0.90633142,1.60109618,1.08534101,1.21077237,0,0.22761221,0.1947316,2.19561815,0.76092986,3.12410885,0
BI605906,HY-13019,681,1,1,0,0,0,1.467503775,1.043929401,1.187376994,1.620920527,0.471756205,1.206866074,1.187555398,0.41322838,1.045358863,1.178654996,0.892582559,1.017944699,0.720383985,0.442873815,0.858356941,1.062951341,0.190940291,1.228644014,1.661676647,0.406607161,1.05699894,1.679957469,0.917738904,1.006959571,0.436,1378,0.1807067,0.4981392,171.773057,432.511404,0.90179895,0.39440096,0.24926614,0,0.02153993,2.46693231,0.20899182,0.1150315,0.03353042,0.00016043,0.02628315,0.2485705,0.07569067,0.04970807,2.46693231,0,0.10831636,0.36368478,2.14261237,0,0,0,0,0.18168269,0,0,0.00114189,0.0001632,0.13467067,0.00402626,0.003164814,0,0.00699274,0.00260786,0.1492928,1.02741956,0.02849793,0,1.09033755,0,1.32150137,0.46780002,0.6665814,0
Ezetimibe,HY-17376,682,1,0,0,0,1,0.999443694,0.997948492,1.016084153,1.183895277,1.317499215,1.228078337,0.792235419,0.82592847,1.164739468,0.902248755,0.644532935,1.025331305,0.420616614,0.711320334,0.7319146,0.936478148,0.618479683,1.326452842,0.972478121,0.477931671,1.06495228,0.974481659,0.839670377,1.011422196,0.275,1009,0,0.78828679,695.794985,2206.95951,0.75401832,0.02887136,0.73658425,0.73232,0.48275983,0.70290188,1.33440494,0.28796656,0.38181277,0.35214172,2.47327682,0.93909959,1.02394289,0.39889578,0.70290188,1.09938,12.261834,2.01927189,2.52612459,15.9784584,0.3424679,0.52106162,2.34726966,0.97153588,0.97244495,0,0.05255454,0.09069624,1.1594214,0.53397829,0.138685035,0,0.18394059,0.78716839,1.85564155,1.25786853,1.14961498,0,0.56628703,0,1.84664674,0.98857829,1.07858646,0
Succinobucol,HY-14937,683,1,0,0,0,1,1.053612016,1.015038741,1.111638955,1.283333834,1.327929626,1.25989673,0.845594753,0.857837181,1.25020906,0.783998887,0.852676772,1.293711335,0.69930015,0.83004419,0.966972984,0.947467984,0.614611578,1.261035249,1.036043298,0.420888479,1.118504772,1.228601808,0.924100043,1.100674706,0.268,642,0,1.65268746,215.13641,919.771612,0.49570497,0,0.21756571,0.2927,0.00940203,0.17223024,0.02295322,0.10584919,0.32713928,0.31193307,0.03555537,0.35703897,0.42702959,0,0.17223024,0,0.13434405,0.37400359,0.3388264,0,0.77158968,0.54304561,0.26957555,0.71699179,0.57060602,0,0.08259502,0.29521146,1.15187585,0.77576803,2.39887548,0,0.31469436,0.65835706,0.02253908,1.28132288,0.56393029,0,0.41080475,0,0.53894405,0.66044081,2.36927033,0
PS-1145,HY-18008,684,1,0,0,0,1,1.177970277,1.119004425,1.160502206,1.74269673,1.419792648,1.028236498,0.969154405,0.708172645,0.985149514,0.888117557,0.732365277,1.036235343,0.765496324,0.587718493,0.848200097,0.80351915,0.235461423,0.945697047,1.068862275,0.420642249,1.149257688,1.129186603,0.832152667,1.043298093,0.343,218,0.67141273,0,86.63673,752.447137,0.58111098,0.06964503,0.47720135,0.02683,0.03745549,0.20316329,0.47418531,0.10333133,0.41264897,0.00661172,0.06634481,0.88485741,0.97534965,0.09647068,0.20316329,0,1.29834154,0.89240036,0.10600194,0,0.62218169,0.08314781,0.14860996,0.81907644,0.55066033,0,0.00827289,0.00127467,0.8205213,0,0.025140591,0,0.37458145,0.04526027,0.20307604,0.81218425,0.4625263,0,0.40123263,0.04458377,0.37913214,0.45399087,2.42849798,0
Neratinib (HKI-272),S2150,685,1,0,0,0,1,1.261511563,1.199369288,1.150729555,1.829525325,1.703675778,1.183420942,0.981740826,0.927835596,1.000720897,0.932432995,0.574524519,1.027441764,0.74806388,0.759785474,0.79679403,0.970528623,0.720794858,0.831692601,1.221211423,1.022181184,1.107900318,1.1158958,0.921208616,1.065929979,0.152,113,2.64883982,2.16675105,48.5294524,986.469649,0.33903879,0.0684621,0.51948683,0,0.00802317,0.26099788,0.11387346,0.08514962,0.63459346,0.43798917,1.4599081,0.51802737,0.6172481,0.02821043,0.26099788,0,0.26368681,0.57849342,0,0.18294173,0.72730622,0.51489361,1.1161525,0.77900874,0.89106238,0,0.17699627,1.22024725,1.22024267,0.90635075,0.272329959,0,0.47187311,0.85579444,0.99539313,0.8179492,0.72561444,0,0.34983132,0,0.46167925,0.5895032,1.44196962,0
CCT137690,S2744,686,1,0,0,1,0,1.508130017,1.435174039,1.319850696,2.446692887,2.318944392,1.309578081,1.638184719,1.346769507,1.201764757,1.293287277,0.8300998,1.094976451,1.166206971,1.095107591,1.044703931,1.115918747,0.897286638,0.929183868,1.443344081,0.797455627,1.467656416,1.280701754,1.055949111,1.189289699,0.147,319,0,2.38319159,0,1746.74028,0.0930503,0,0.87108656,1.19864,0.02446198,1.18058734,1.19733237,0.02473499,0.99638524,0.72869565,0.01071256,0.5657292,0.58429288,0,1.18058734,0.80476,3.09133196,1.41554894,0.35730961,24.406971,1.44258072,0.55559245,0.12852292,0.7817092,0.49471341,0,0.26407539,1.00393467,1.31671024,0.3544171,0.21244843,0,1.14236946,0.97483113,0.14584428,1.0943617,0.70048789,0,2.13071588,0.00020653,0.43626656,0.71630446,2.27412273,0
Toceranib phosphate,S5272,687,1,0,1,0,0,1.184264484,1.388786219,1.10675263,1.207313778,1.249638706,1.032702238,0.80783549,0.799249828,1.040168402,1.123260698,1.077357249,1.105880488,0.537696679,0.637599822,0.771712845,1.123845842,0.772976355,1.201333757,1.124136343,0.549912794,1.06097561,1.158958001,1.495446003,1.011422196,0.147,243,0.95422269,0.25394439,201.269374,584.772338,0.0075192,0,0.27771472,0.11255,0.11603459,0,0.35715853,0.00940587,0.62545742,0.23737546,0.11536603,0.38533929,0.41720011,0,0,0.03099,0.03172741,0.38724775,0,0,0.05190831,0.21183762,0.10115529,0.36687308,0.03982934,0,0.06020664,0.10682499,1.16977775,0.44104641,0.023627717,0,0.43474809,0.27334254,0.19673294,0.83839269,0.44517693,0,0.69521842,0,0.13583507,0.43509493,1.01041599,0
Camptothecin,S1288,688,0,0,0,0,0,1.497830406,1.466709618,1.137699355,1.691536314,1.596355639,1.709261757,1.204041837,0.896983465,1.173736267,1.020046425,0.789104772,1.097438653,1.093650311,1.137907974,0.997650798,1.172669539,0.985191225,0.833915529,1.32968678,0.326582538,1.060445387,1.101541733,0.97961544,0.927269829,0.142,223,1.76387064,12.4888706,469.238521,10391.8473,1.50654044,0,1.49710687,0.05535,2.33688614,1.32067107,1.95572806,1.17554877,0.06807256,0.0067284,0.0086186,0.37019539,0.39509859,0.12333284,1.32067107,1.00081,1.35153336,1.7818607,3.99256472,0.69989072,0.74041688,0.36496686,0.05950802,0.81102224,1.06636004,0,0.01523404,0.01151122,1.1915589,0.66505306,0.192017614,4.803609039,0.23123907,0.11623058,0.0544244,1.21647698,0.83118019,0,0.70046505,0,1.5403277,2.73229472,0.54148914,0
CCT129202,S1519,689,1,0,0,0,1,2.061447985,1.611366372,1.282117408,1.178491008,0.952309142,0.991952365,0.962595285,0.748375508,1.000720897,0.98850559,0.671367845,0.973976804,0.717910462,0.715726256,0.81316935,1.539838155,1.121485049,1.642426167,1.130700138,0.556971376,0.99416755,1.302498671,1.07734567,1.015247304,0.147,133,0,8.24153743,223.862467,1866.20818,0.00477294,0.1713337,2.1316784,0.63106,0.02764627,1.53526388,1.29608432,0.0143979,0.92651901,0.37079367,0.00924694,0.457781,0.43174871,0,1.53526388,0.7512,3.63735176,1.10209902,1.76819372,94.4296006,1.85018323,0.45529765,0.08204802,0.73768577,0.48683211,0,0.50914526,1.87774659,1.3957834,0.80406739,0.457997453,0,0.59343252,0.54313434,0.0991415,1.1434278,0.51520555,0,0.39655667,0.00881489,0.36858795,0.74385949,0.87084665,0
R788 (Fostamatinib) Disodium,S2206,690,1,0,1,0,0,1.192847493,1.183906682,1.218052257,1.455549884,1.685956645,1.004233149,0.773621698,0.868086006,0.987571729,0.956625606,0.858519058,0.998247082,0.648416259,0.808093259,0.803012506,0.813608179,0.495686304,0.832010162,1.196338093,0.574125372,1.547454931,1.106326422,0.957640596,0.975402433,0.155,132,0,4.58827915,152.698297,940.176155,0.86399112,0.29642526,0.09999971,0.214,0.03424695,0,0.49622243,0,0.57678458,0.36301662,0.01796632,0.46950596,0.69796894,0,0,2.18802,0.20346696,0.54961862,0.21199217,0,1.03394037,0.74390932,0.02542218,0.81211237,0.84870756,0,0.13653089,0.31253052,1.22622086,0.34190567,0.095895866,0,0.86675355,0.31334111,0.13266427,0.92966018,0.78209517,0,1.38845723,0.06755424,0.44053692,0.46434283,1.32094598,0
Brigatinib (AP26113),S8229,691,1,0,0,0,1,1.348104586,1.051050338,1.218866644,1.403668898,0.944517751,1.060054891,1.036695621,0.642717523,0.986533637,0.917171301,0.752763769,0.952168728,0.701302526,0.479616055,0.878256063,1.178074377,0.574337777,1.203556685,1.158337172,0.538832461,1.28154825,1.060074428,0.848344658,1.020028688,0.141,166,0.45548678,0.05736952,176.948957,978.792677,0,0.10260618,0.30862719,0.11769,0.10106686,1.74671308,0.31535988,0.01016812,1.95219983,0.43839686,0.01250445,0.51033369,0.45151156,0,1.74671308,0,0.05481292,0.33686583,0.2919027,0,0.69503518,0.15595789,0,0.61495484,0.18032718,0,0.14153019,0.08864443,1.43920206,0.34194036,0.028904497,0,1.02297192,0.18834163,0.0534096,1.0915642,0.38222305,0,4.56706994,0.1516195,0.08432182,0.54160376,1.1811545,0
LY3009120,S7842,692,1,0,0,0,1,1.250639752,0.742815483,1.082863929,1.069685051,0.921017908,1.110852677,0.721148732,0.536478419,1.101069812,0.878169193,0.561354618,0.902924686,0.434397668,0.413841938,0.691079942,1.23068146,0.934867935,0.812321372,0.999769691,0.244588078,0.837486744,0.930356194,0.641318491,0.789565957,0.156,225,1.2875114,12.0953282,388.261332,3075.00075,0,0.06318768,0,0.42419,1.26491449,4.15789136,0.02934144,0.0028706,0.07188763,0.0082695,0.58680183,0.225988,0.00247965,0,4.15789136,0.61576,0.08839063,0.41591003,0.09031132,0,0.12827981,0.22891141,0.25453658,0.41225623,0.01089573,0,0.01787808,0.12824186,1.35120257,0.8479598,0.009325802,0,0.27557262,0.10469311,1.15949787,0.70848224,0.01096357,0,0.41310113,0,3.10430586,0.55005315,0.22101916,0
NU7441 (KU-57788),S2638,693,1,0,0,0,1,1.21592625,1.186144691,1.176247031,0.808118414,0.893496701,0.825045355,0.902854104,1.188810819,0.653306035,0.735048416,0.784846834,0.904683402,0.697533348,1.14498892,0.636150073,0.947648145,0.670054419,0.878056526,0.901658222,0.70782805,0.795068929,0.937799043,1.389041492,0.819529299,0.151,184,3.88514828,13.168051,3553.09668,15581.9546,2.16116251,0,10.0497684,11.3407,38733.3134,9.22685911,3.059048,1.92656808,1.53023912,6.02841839,0.82339463,1.02713628,1.01411374,0.13569996,9.22685911,9.69939,15.4195754,4.66627295,2.96056745,253.399653,10.3191129,28.142384,1.61584452,1.90737367,2.66380883,0,0.09689215,0.19939027,0.73038844,0.62012859,0.13496129,0,6.45198516,23.9194502,1.81335621,0.03656577,1.97274042,0,0.37135147,0.15863285,1.12490943,1.36086891,0.16936445,0
Torin 1,S2827,694,1,0,0,0,1,1.395787968,0.754208983,1.006040041,1.85870838,0.883945963,0.751360655,1.807480943,0.591948862,0.780991378,1.20205626,0.809206199,0.827651651,0.994591623,0.440828208,0.647757894,1.51875929,0.408957318,0.703080343,1.42192538,0.456838001,1.186108165,0.8261563,0.649414486,0.736970727,0.152,216,0.97823395,8.19262561,131.769386,799.388096,0,0.12131003,1.00078718,5.8498,0.2044573,0,0.80092637,0.03874616,0.33220636,0.49770378,0.07948922,0.28869267,0.66483843,0,0,4.96035,1.19515488,0.55885944,1.21402428,0.0646566,0.50423018,1.56300589,0.44590642,0.57689519,0.81489138,0,0.03710935,0.16632445,0.61989796,0.42447811,0.03930562,0,0.50019318,2.57605433,0.49505846,1.11926174,1.10944423,0,0.39723781,0.48365229,0.31008565,0.44196888,1.06950798,0
Otenabant (CP-945598) HCl,S8012,695,1,0,0,0,1,1.219359453,1.089096489,1.11218188,1.04158285,0.777631166,0.977438712,0.997695444,0.811611813,0.901410075,1.373891633,0.740782131,0.902572943,0.709547601,0.518561257,0.863953569,0.881348807,0.245359222,1.112734201,1.119299862,0.687637222,1.043478261,1.079744817,0.927569756,1.002815704,0.136,189,1.17691412,2.02659801,436.867092,1231.3775,0.18585123,0.03736557,0.49152824,1.48552,2.47279402,1.97780369,0.89793383,0.12197419,0.34897665,0.53117221,2.45956367,0.7625072,0.74096755,0.19228821,1.97780369,2.76826,4.64656135,1.30084657,0,0.3307159,0.34675486,0.62463009,4.50966272,0.86033055,0.76398979,0,0.00134393,0.00185238,0.438334,0.01039027,0.002998087,0,0.88835356,1.47353985,7.62370772,1.27469225,1.16667874,0,0.67518472,0.37318113,0.70032317,0.52956268,1.81378315,0
Acetylshikonin,S9257,696,1,0,0,0,1,1.331510768,1.194689815,1.201493044,1.294142372,1.233301916,1.03437689,0.70448502,0.702255798,0.897949768,1.015524441,0.967245001,1.036235343,0.556071418,0.558922647,0.703516894,1.134475355,0.267202639,1.317561131,1.357669277,0.398235354,1.410922587,1.416799575,1.095850802,0.911969399,0.136,191,0,1.425692,279.750028,1435.36582,0.84531078,0.18283529,0.52083609,0.23057,2.85529739,0.31736371,0.76244982,1.80533508,0.34691179,0.14584794,0.25874389,0.95493232,0.72615215,0.13186413,0.31736371,0,0.86227159,1.04519721,0.36081386,0,0.45375264,0.18074888,0.38305233,0.78330745,0.57782024,0,0.19495383,0.07750288,1.44328174,0.57846067,0.243685194,0,0.51234532,0.31112693,0.24772165,1.33072831,0.71116196,0,1.46322584,0.06867742,0,0.64236887,1.03869368,0
C29,P3,697,1,0,0,0,1,2.029023285,2.327529204,1.277774007,1.30639205,1.230285894,1.082941806,0.91969509,0.933858101,0.945355979,0.877151747,0.852082641,1.004578459,0.866557387,0.728078572,0.885925516,1.524524449,0.619655284,1.44395046,1.241593736,1.521370678,1.295068929,1.190855928,1.633077924,0.982096371,0.14,158,2.17825836,6.83581418,597.332616,6697.16547,0.26082151,0.08471302,1.42253325,1.58143,2.87689805,5.71041093,2.32277431,0.41361648,1.03444996,1.37933516,1.49911121,1.01424578,1.23782396,0.11999863,5.71041093,2.71986,5.57935457,1.90797093,3.04712419,2.29381997,1.27170199,1.16187234,1.1758931,1.02577396,1.00324078,0,0.21524391,0.21695155,1.35732517,0.38899056,0.05564717,0,0.84996956,1.80321788,0.95160291,1.13861677,0.97462835,0,1.114327,0.66488366,1.37675256,1.86888463,1.24160616,0
1V209,P4D,698,1,0,0,0,1,3.086259239,2.815008223,1.421649135,1.24874651,1.107131637,0.978555147,0.972345329,0.839399863,0.915943366,1.09251121,1.172121118,1.13718563,1.079633683,0.908249302,0.842188903,1.721981173,0.647414627,1.381390918,1.449907877,2.595834616,1.0747614,1.135034556,1.579297383,0.968708495,0.134,254,1.39564441,5.10408516,735.94533,4541.82411,0.31196865,0.34195791,2.02342831,1.52428,2.86127584,2.46773104,1.86413463,0.72267468,1.08343731,1.37428414,2.89142633,0.9672686,1.33527517,0.61057237,2.46773104,1.66201,5.96033595,1.82922772,1.06779424,3.69252084,1.31785622,1.09692161,1.28364573,1.04877563,0.92512785,1.73571917,0.01234275,0.0070631,0.77795243,0.12810175,0.022576959,0,1.44849133,1.8427884,1.18449801,0.47561159,1.10390436,0,0.46011165,1.04694868,1.21057567,1.8924908,2.12558098,4.72454978
CU-T12-9 ,P5D,699,1,0,0,0,1,2.385504252,3.734219494,1.714014252,1.392500075,1.210304744,1.334697865,0.705725935,0.70267843,0.976498746,1.32268017,1.629799905,1.682387524,0.642762493,0.931616423,0.855662268,1.307970634,0.726634938,1.529374405,1.360778443,1.989042782,0.775450689,1.138755981,2.01821599,0.973808638,0.309,598,40.2463865,677.087892,8930.64422,29496000000,20.8796054,0.45409994,18.3316942,5.6696,20921.1719,42.1964086,14.9519143,3.46117582,1.16808985,0.73022894,1.91771745,0.67106377,0.64969554,0.55169879,42.1964086,42.6475,18.1049675,7.10696426,33.2476371,77.8518764,3.47828092,18.8430341,1.68200862,1.64013911,1.21846047,2.23937136,0.01628074,0.01038376,1.14442604,0.04619401,0.130232998,0,2.12415077,1.96469499,0.99004919,1.0086895,1.0763883,0,14.5227903,135.924827,56.3198818,767424.472,96.7511182,2.85646711
CU-CPT22,P6,700,1,0,0,0,1,2.475721211,3.252640681,1.41024771,1.268922449,1.168834433,1.061171326,0.846835667,0.982090972,0.847775311,0.871725367,1.031411131,0.984529099,0.718263823,1.071425762,0.75658122,1.514795742,0.764633383,1.295966974,1.591202211,2.781737971,0.959703075,1.243487507,3.004192569,0.953089306,0.586,287,54.3022981,939.437759,6669.50508,29496000000,24.4126628,0.2662732,14.1348531,8.96222,2.16973012,17.4016305,15.8124056,0.34090387,0.63663446,0.65877925,1.16788771,0.95245959,0.7674787,0.24908009,17.4016305,67.7572,14.9847282,5.13082087,29.3397825,13.4103986,4.2258989,23.3010268,1.26666564,1.60182057,1.290212,0.35185044,0.01237058,0.01477792,0.90647378,0.03180864,0.115361229,0,1.31940107,2.13581418,0.7183043,1.0369692,0.95991604,0,18.3167364,214.010497,47.3304705,767424.472,94.0136573,1.41885427
Motolimod,P7,701,1,0,0,0,1,3.285957244,3.306352893,1.974618256,1.529768517,1.479484763,1.141554636,1.431129232,1.200908659,1.39035151,0.793834201,0.960412497,0.967997171,0.892706053,0.949869527,0.876597803,1.879442101,0.743017501,1.886630676,1.403615845,1.888991485,1.636797455,1.278575226,1.671823045,1.039791744,0.169,154,25.351133,198.10018,3565.0029,133323.188,15.1754614,0.90202737,6.47036254,5.19028,1.47456705,23.0866888,12.508006,1.18736391,1.37056959,2.28544477,1.05953597,1.05908617,1.26086076,0.70133131,23.0866888,19.3042,16.0792515,5.09356723,16.0084644,16.0524507,3.99891893,7.57507329,1.10633518,1.29336629,1.59944233,2.54286466,0.04841656,0.0208898,0.96321953,0.04284086,0.135594136,0,0.99704525,1.98995381,0.63910284,1.85433812,0.846264,0,2.33574509,38.48614,17.0948903,767424.472,19.0049116,2.10733179
Vesatolimod,P8,702,1,0,0,0,1,2.96418978,2.928129398,1.997149644,1.683249767,1.517059378,1.240917337,1.477043077,1.073168155,1.440871997,1.278477781,1.248268887,1.440036489,2.314981498,1.167883977,1.438126166,1.500923326,0.689584558,1.436011432,1.306195302,1.723525187,1.391304348,1.247208931,2.226977013,1.06274239,0.256,176,3.85271407,21.7210371,2108.00853,15220.4426,1.58224602,0.26568306,1.65595894,1.83881,2.19705174,5.31034986,3.02355138,0.59531533,1.50424618,3.38132271,1.40881017,1.1216429,1.13310536,0.63872406,5.31034986,5.55761,12.0981003,2.40228699,3.69362995,9.227873,2.16996865,2.29080093,1.95905004,1.17362439,1.06726128,1.30625887,0.33744219,0.56166241,1.37307638,0.44238198,0.109017802,0.429634756,0.86176919,2.39968884,1.16999292,0.80527472,1.17903746,0,3.02265866,7.34985416,3.38161775,8.37652207,2.76824225,2.04237237
CU-CPT9b ,P15,703,1,0,0,0,1,2.967813717,3.079703633,2.003121819,1.92031705,1.909267986,1.107503373,1.688353129,1.2401606,1.450214827,1.656967799,1.497011663,1.57721632,0.836286183,0.894166088,0.802597941,1.449577372,0.546919737,1.392187996,1.265085214,1.79928183,1.525185578,1.223285486,2.115946219,0.961695798,0.125,214,0.32552015,22.9686941,1594.16413,13187.8357,1.07601498,0.22223271,0.45101276,1.23883,1.80341784,7.27750041,2.3701529,0.63217837,1.42405957,2.57773338,1.50138748,1.09558617,1.17175155,0.69789986,7.27750041,4.53031,10.4455167,2.22418449,5.24309455,6.7722659,1.85867309,1.89252848,1.23211041,1.05646351,0.82992471,1.3085148,0.00850789,0.00469117,0.65750593,0.12922593,0.040656587,0,1.47521293,2.52337899,1.18351096,0.52404532,0.95665335,0,1.01834598,2.50010269,5.39782797,6.98885367,2.78720015,1.15722546
PF-06650833,P22,704,1,0,0,0,1,1.49477867,1.452671199,1.518561249,1.183534993,0.824253849,1.086849328,0.695798617,0.589201754,0.938435364,1.674151336,1.212522015,1.718265326,0.498591466,0.474502039,0.795343053,0.963682496,0.306035382,1.326452842,1.296176877,1.053452344,1.54931071,1.116959064,1.171027902,1.072623918,0.133,166,0.91170348,2.09096002,366.028108,597.973297,1.29674833,0.27729395,0,0.02412,0.04428602,5.77018757,0.03778876,0.82159415,0.22359694,0.12954809,0.90589131,0.68545575,0.38340765,0.57472005,5.77018757,0,0.12503303,0.3556501,0.39598963,0.48642986,0.07083503,0.06334336,0.06215006,0.26426755,0.01373682,1.14133119,0.00846726,0.00350419,0.5655342,0.0467176,0.008015664,0.156143128,0.42292381,0.19934647,0.3584957,0.93294733,0.52576968,0,0.81093971,0.47641409,0.73357378,0.57555198,0.3087801,1.74235292
R848,P23,705,1,0,0,0,1,1.475514583,1.350333158,1.595113675,1.356111328,1.146465598,1.127040982,0.998404538,1.024935284,0.97857493,0.951764474,0.824356535,1.090052046,0.628628078,0.688189245,0.748704484,1.206900176,0.894139062,1.58145443,1.141409489,0.992797784,1.14766702,1.158958001,1.169871332,1.055092174,0.128,122,5.1646041,7.45407042,169.649832,761.821606,0.31820368,0.29191852,0.68891252,0.07337,0.06499616,1.34969438,0.54458225,0.49587774,0.24569426,0.1384921,0.97831062,0.55782658,0.37099891,0.30879577,1.34969438,0.62489,4.11163994,1.59834547,0.24024742,5.96221198,0.15061495,0.1604262,0.07660975,0.36252026,0.05648124,0.14626192,0.00305644,0.00191885,0.59528855,0.00432095,0.003262881,0,0.31347218,0.19511732,0.39836457,0.5415787,0.34299211,0,0.55109846,1.53647753,0.69717861,1.10222538,0.83288831,2.24719361
LPS-RS,P24,706,1,0,0,1,0,1.815401732,1.658364558,1.304648795,1.668117813,1.599371662,1.258780295,2.008686403,1.34296582,1.68551573,1.448391311,1.158753174,1.701029912,0.775979348,0.675915606,0.941062668,1.427237377,0.757617702,1.416322642,1.591547674,1.465558633,1.720042418,1.285486443,1.290732977,1.209371514,0.982,159,2.61186044,27.4103537,1164.98222,11086.8634,3.32042748,0.46350911,0.83653475,0.91406,0.34175734,0.10335987,0.42089369,0.39669973,1.50980357,2.50832725,1.53581958,1.06670512,1.22144719,0.48707572,0.10335987,1.38865,2.09475622,1.4250457,1.38596923,1.09566044,0.99574047,0.9234044,0.98589921,0.97233557,0.94560436,1.78521945,0.7148729,1.10802046,1.46952611,0.72547683,0.153228588,0.023367811,1.02647882,1.40447568,0.7852374,0.77229268,0.71942284,0,1.03777203,4.50522198,3.44591722,7.3390458,3.49235802,0.97645534
"ODN TTAGGG (A151),",P25,707,1,0,0,1,0,1.748454264,1.26711992,1.644791313,1.442939923,1.602890355,1.177280551,0.931395143,1.087167838,1.010755789,1.215056963,1.19360885,1.252557385,0.685519096,0.840822963,0.79181925,1.11772036,0.680596902,1.350587488,1.166282819,0.471201395,1.219777306,1.187134503,1.111464508,1.101949742,0.131,213,0,3.27087394,248.45304,1262.0886,1.35516145,0.25275084,0.70272314,1.35639,0.10127764,1.37768649,0.40447729,0.25179138,1.18863206,2.03647235,0.08923324,0.63232928,0.6511431,0.36008751,1.37768649,0.51908,0.09238178,0.48982398,0.87591309,0.14618363,1.42946848,0.79749539,0.13252317,0.79099184,0.46443975,0.07603212,4666.09994,1.04180536,1.12720122,0.1872167,0.208731582,0,0.87060145,1.25987537,0.16840071,0.76902195,0.48569789,0,3.428014,0.74757485,0.01929923,0.68630059,1.24487989,3.37990584
ODN 2088,P26,708,1,0,0,0,1,1.239958674,1.077906444,1.145571768,1.301348065,1.217467798,1.063962413,0.779294451,0.808706218,0.882032354,0.937294127,0.990416104,1.113618838,0.600477036,0.60589292,0.837421405,0.890717192,0.250782154,1.182915211,1.104790419,0.671221914,1.328472959,1.116959064,0.974410872,1.107049886,0.14,70,0,2.85598334,233.556976,1168.23225,2.80414671,0.22394291,1.16691125,0.67355,0.19094042,2.16996058,0.63276015,0.33982313,1.443723,2.24586946,0.47227629,0.94758997,0.98561551,0.34946686,2.16996058,0.17985,0.43232256,1.15801352,2.02961308,0.91546164,0.98935535,0.75886508,0.41409699,0.91201304,1.12405297,0.46526511,0.01417198,0.01449749,0.84952534,0.11127856,0.012234721,0,0.99169153,1.10875354,0.37361567,0.69182269,1.04556558,0,2.75249525,0.28154433,0.58152809,0.68821269,0.66892464,2.81322588
CLI-095,P27,709,1,0,0,0,1,1.187697687,1.309438633,0.988123515,1.246224517,1.425824694,0.877517793,0.63623471,0.881029109,0.709363015,0.689037234,0.562443858,0.886041015,0.451947899,0.620133489,0.640088441,1.15249148,0.380211987,1.49158463,1.132772916,0.96587668,1.203340403,1.009569378,1.117825647,0.916750784,0.132,108,11.6152107,7.0670883,132.801799,1006.71809,0.30871614,0.64892433,0.12573723,0,0.01257351,0,0.22404419,0.24550374,0.90071841,0.2625129,0.16464822,1.17636935,0.85538827,0.26543884,0,0,0.07304996,0.45468578,0.40930285,0.06467794,0.38212151,0.81736889,0.26913475,0.82773862,0.67557173,0.26300123,0.0164073,0.00269273,0.62182156,0.02180017,0.009175611,0,0.80605919,0.43778577,0.37156203,0.88434579,0.70870077,0,1.14216512,0.46038141,1.68918009,0.68029081,0.18880575,2.64607031
H-151,P33,710,1,0,0,0,1,1.135245967,1.029280616,1.025313879,1.171285315,1.08752749,1.01260641,0.670803049,0.779438956,0.860232417,0.981948714,0.653246854,1.240246375,0.563963133,0.631069616,0.797001313,1.05412344,0.870513282,1.106065418,1.209120221,0.428603673,1.386267232,1.005847953,0.917160619,0.965839664,0.134,225,0.4341447,7.39845532,138.550485,1488.08479,0.80064271,0.28145933,0.20756439,0.67477,0.08706919,0.50720231,0.22616829,0.19217204,0.38822237,0.48294807,0.1369925,0.98950625,0.73248647,0.43694845,0.50720231,0.80203,0.13267544,0.80682287,1.99671312,0.00979143,0.27141184,0.64107613,0.31036033,0.8560025,0.62107322,0.03176303,1.15958697,2.84637481,1.3552554,0.99876826,0.747512385,0.04678066,0.13513475,0.33722184,0.45612334,0.92783986,0.48419663,0,1.16010151,0.31882213,0.79049193,0.58825407,1.14247823,6.91429765
simvastatin,P44,711,1,0,0,0,1,1.255789557,1.099676167,1.138785205,1.389257513,1.420797989,0.9930688,0.964190746,0.967668657,0.920441766,0.928476259,0.984375774,1.03025571,0.841939948,0.896526403,0.877634215,0.945846533,0.832590682,0.852969197,1.066789498,0.792120653,1.042948038,0.953216374,0.85817551,0.965839664,0.131,185,3.71534313,1.94693215,295.872172,1279.91888,0,0.46726134,0.73008955,0.80727,0.61235736,0.85970122,0.76406277,0.04737254,0.88810898,1.01720737,0.62320213,0.49549984,0.82240388,0.53807355,0.85970122,0.47382,0.35331789,0.76554098,0,0.12473356,0.77690169,0.96183018,1.09821559,0.95963479,0.83803406,0.41469553,1.14025559,2.20936061,1.2640278,0.94551743,0.756143478,0,0.4756134,1.08971654,1.14695843,1.01566702,0.95090328,0,0.73498562,0.43028011,1.92938703,0.71393406,1.77399412,7.90926744
BX-795,P48,712,1,0,0,0,1,1.943956131,1.334870552,1.143400068,2.512624974,1.395287465,1.282783644,1.360397093,0.863225738,1.115603103,1.438669046,1.030916022,1.336975743,1.110729395,0.728471958,0.877012368,2.844025403,0.418855117,1.473801207,1.527637034,0.572319688,1.172852598,1.240297714,1.075610814,1.039472985,0.134,192,0.27281628,2.37680553,175.354344,549.933818,0.29878936,0.3922177,5.62900128,1.56864,0.09035358,2.39450734,0.39815588,0.51692517,2.7996556,0.35016848,0.02409591,0.62047751,0.43623896,0.42067182,2.39450734,0.14282,0.11048569,0.3871219,0.68734528,0.01794248,1.95288033,0.3202378,0,0.79051097,0.42671397,0,0.01846054,0.0070235,0.58006276,0.00338311,0.004551592,0,2.95901065,0.2240317,0.12668631,1.68796566,0.40255547,0,0.65867115,0.60417977,2.04008283,0.46273058,3.02309235,6.5512658
Curcumin,P49,713,0,0,0,0,0,18.5202257,23.03318018,2.315032236,1.202990362,0.130317311,0.567707122,14.83939018,6.416398119,2.553706854,1.827333527,0.905059307,1.130854253,1.840536323,0.774419428,0.607959649,14.19238218,4.557575987,2.384248968,25.26163058,9.339735303,2.173647932,14.60712387,19.61601851,0.961377039,0.141,60,1.54254925,1.82483208,258.307012,1482.2201,0.75446274,0.22734415,0.11407058,0,0.04128017,1.13028644,0.08181191,2.18544196,0,0.00146498,0.00254386,0.0104285,0.001924,0.23688029,1.13028644,0,0.09654899,0.34733728,0.20862145,0.08006086,0.11985272,0.01419038,0.06302737,0.06581741,0.01316877,0.00435144,0.00084475,0.00017074,0.16425296,0.01199672,0.004489053,0,0.12987608,0.01661847,0.01547942,1.3128419,0.01484476,0,0.47731297,0.10107891,1.58738342,1.01204619,0.65242273,2.69153983
Parthenolide,P50,714,1,0,0,0,1,1.095191926,1.073023516,1.001425178,1.163359054,0.962111216,1.074010327,0.821662826,0.828147287,0.902794198,3.410706044,1.050918427,1.240949861,0.708605306,0.743027235,0.792233815,1.073941177,0.663304196,1.201651318,1.177683095,0.760521186,1.409066808,1.112706007,0.943183461,1.112787547,0.155,25,0,3.83859458,430.013958,1232.55441,0.3581824,0.45782873,0.69655293,0.59178,0.59755068,5.41503521,0.42054001,0.5891431,0.95307405,0.5298116,0.96884366,1.06710898,1.01025616,0.54178049,5.41503521,0.3176,0.58617908,0.94499303,0.93079432,0.2644157,0.98780242,0.49873256,0.87795517,0.93137098,0.79010049,0.56892877,0.73325919,0.55124946,1.04546039,0.75383359,0.282775826,0.171862138,0.71753893,0.78693653,0.75283045,1.24245964,0.87671138,0,0.52001026,0.32972256,0.64586052,0.66910609,1.35340388,1.76001081
1V209,P4,715,1,0,0,0,1,1.738726854,2.075854936,1.207465219,1.577686372,1.568583098,1.102479416,1.009572771,1.046383855,0.852619741,0.958999648,1.007942963,1.045380665,1.42792921,1.088577386,0.972569612,0.990166199,0.382108117,0.996824389,1.218102257,1.8350672,1.238600212,1.050505051,1.085441665,0.976996228,0.17,277,20.6827082,145.228314,4756.18996,100940.204,9.98972693,0.22617279,4.21836051,3.85841,1.77331164,10.5277791,8.15282725,0.2465699,1.0666826,1.16028598,1.1688466,1.07491934,0.90213931,0.15047358,10.5277791,10.3506,14.8608918,4.71903019,14.1019029,73.8307699,2.44833398,5.05005654,1.4993984,1.28474432,1.14529294,0,0.01820864,0.00363911,0.97159252,0.04810204,0.117147762,0,0.80164014,1.65482695,0.7995983,1.06767523,0.82271181,0,5.55250011,22.4978694,25.894525,767424.472,22.7212367,0
CU-T12-9 ,P5,716,1,0,0,0,1,2.248557578,3.613570472,1.47105531,1.159035638,1.120452403,1.136530679,0.830703776,0.958951873,0.968886069,1.039490954,1.193212762,1.078796265,0.563374199,0.740588243,0.816071305,1.411923672,0.714158403,1.382978723,1.222247812,1.95711501,0.751325557,1.202020202,1.997397716,1.043298093,2.966,282,21.4670558,1111.22232,8033.87092,29496000000,15.7055185,0.38175047,11.5437832,7.76054,2.47535347,30.4186774,8.71760913,0.32426417,0.56613509,0.35994763,0.74897533,0.82089849,0.49750215,0.13045302,30.4186774,69.1592,15.5217509,6.45035437,25.9188209,29.8039264,4.05188995,24.561777,1.45833806,1.58083396,1.08376334,0,0.00968253,0.0131578,1.03187574,0.0706411,0.101795712,0,1.21883174,1.68954124,1.256302,0.74347945,0.82921219,0,17.2194031,292.006592,44.9198148,767424.472,75.9585359,0.87017001
CU-CPT9b ,P15D,717,1,0,0,0,1,1.231375666,1.292958749,0.986223278,1.286216111,1.272384543,0.972972973,1.045736572,1.02567489,0.842238819,0.905188044,1.089833997,1.021462131,1.084698515,1.038853411,0.768810889,0.896842674,0.432203872,0.825341378,0.994242285,1.27891659,0.839872747,0.991493886,0.935087466,0.937151357,0.128,163,0,6.75431813,14.3170001,1076.7701,1.14420273,0.34556979,8.15128033,1.82584,0.61582724,1.76100011,1.44292055,1.0354552,1.84676149,0.66620361,0.52998472,1.13386965,0.8595591,0.59278739,1.76100011,2.45494,1.35327867,1.47139261,0.50336731,1.60086122,1.3943563,0.99367207,0.53859805,0.99911552,1.03089423,1.53474922,0.23700139,0.09990278,1.41639775,0.33500002,0.044465934,0.109904327,1.22147636,0.83813387,0.55315673,0.81364551,0.87076359,0,0.55036568,0.4254495,0.62193298,0.70572896,1.3935292,1.8073916
R848,P23D,718,1,0,0,0,1,1.168815068,1.066309489,1.137427893,1.096706398,0.905560792,1.095780807,0.772026236,0.814834381,0.956774994,0.8626814,0.814652398,0.97010763,0.68575467,0.698810663,0.806121744,1.07574279,0.906122604,1.138456653,1.203938277,0.93460552,1.067868505,1.062200957,0.93450918,1.053179621,0.137,259,0.01505788,1.98516359,144.651445,1107.21021,0.13807939,0.58478258,0.598064,0.98283,0.69383113,0.24420934,0.48266388,0.63110077,1.09016549,1.0559223,1.06505079,1.00244951,0.87280646,0.55560718,0.24420934,0.48153,0.61949123,0.97255715,2.19787098,0.80773023,0.5167346,0.80765235,0.63897139,0.85911307,0.41628493,1.6718998,1.8990454,83567.3256,1.26805928,1.01853976,1.121969141,1.019460003,1.1761274,1.35447928,0.57736179,0.6755148,0.86338208,0,0.53490816,0.36266778,0.62590098,0.61142136,1.52255521,1.25489194
R406,P37D,719,1,0,0,0,1,1.167670667,1.02032858,1.10675263,1.278650134,1.069557022,1.072893892,0.843999291,0.751492419,0.854695925,1.0541874,0.949322054,1.0692992,0.751244123,0.632564483,0.757203068,0.914138154,0.52333188,0.864083836,0.967987103,0.432871653,0.994962884,0.933545986,0.837935521,0.932369973,0.14,175,0.02144996,3.08737577,241.406869,858.131293,0.83290552,0.42805204,0.66229958,0.42146,0.04743766,1.23628219,1.17715723,0.21350414,1.24601331,0.43523976,0.00668028,0.49738314,0.79823344,0.38326711,1.23628219,1.57792,0.63320345,1.01461222,1.27206764,0.58651002,1.35976378,0.57386003,0,0.87921818,0.69342522,0.95968115,0.1635807,0.44715375,1.34267314,0.23921005,0.066531505,0.116759671,1.61705376,0.67545034,0.15377523,0.84280257,0.82447844,0,0.81982386,0.7363476,1.48015614,0.57739066,0.90181433,1.02198593
Gallic acid,S4603,720,1,0,0,0,1,1.008789637,1.010766179,1.036715304,1.174888162,1.020923657,1.190677769,0.851267506,0.878757462,0.933244903,0.988731689,0.814157289,0.992619192,0.626861277,0.695427545,0.727768949,1.209062111,0.991903525,1.068593204,0.946568402,0.960295476,0.867974549,1.043062201,0.963423449,1.027041386,0.113,3697,0,3.73233082,322.954024,1518.51293,1.26358339,0.87041598,0.80698312,1.01087,0.7571411,1.33068708,0.95847625,0.45854644,1.3085013,1.2911393,1.57537484,1.03797161,1.43149247,0.86018575,1.33068708,4.56996,5.2568026,1.89084418,1.86493874,2.915301,0.99699758,1.18244634,0.84569993,1.05753793,1.03784142,2.70336611,7.11746257,52854.1433,1.35109523,1.02435097,3.173739424,1.072831704,2.06819764,0.9922827,1.03958334,1.34374982,0.8830456,0,2.52507467,0.62178233,0.56798748,0.81008567,0.74921867,4.36592992